functional group,PBE band gap
Rb2MoPrO6,2.033916583337636
Rb2MnSmO6,2.0988949187473644
Rb2CrTaO6,2.0861950754745973
Rb2TeMoO6,2.0080540372122377
Rb2MoTbO6,2.010422003708342
Ba2AuBiO6,2.038073762286869
Ba2AsGdO6,2.0101341769680214
Ba2FeCdO6,2.0196875495509654
Ba2SmLaO6,2.0716595316187907
Ba2AsCrO6,2.0947592415742777
Gd2WAgO6,2.006371818542477
Gd2MoCaO6,2.086257473970502
Gd2MoAgO6,2.043577162982562
Pr2PtMnO6,2.0528319968941338
Pr2WYbO6,2.0096854959332955
Pr2TcEuO6,2.0052920298626025
Pr2TaAgO6,2.017717368565661
Pb2WErO6,2.017354439359777
Pb2WTmO6,2.0433113938701415
Pb2WDyO6,2.0878043675600186
Pm2SiNdO6,2.0809715415391925
Pm2VNdO6,2.0635809204355153
Pm2MoTmO6,2.0953426197546072
Mg2SeMnO6,2.0325771876085423
Mg2TcMoO6,2.0945212555621957
K2MnZrO6,2.056848328937353
K2MoSnO6,2.047114147596597
K2MoCeO6,2.0481148461439678
K2TcTbO6,2.0008511865967504
Mn2BCuO6,2.0292696611593164
Mn2SiCrO6,2.063907159312879
Eu2NbCdO6,2.0709811745252438
Eu2TcCaO6,2.0035579788035682
Eu2TaAgO6,2.0398775900682837
Na2SeFeO6,2.029651442108293
Nd2SnSmO6,2.0351262497923686
Nd2VSmO6,2.040672776520235
Nd2VTmO6,2.0578448957630022
Nd2VAgO6,2.0292375457518412
Nd2MoTmO6,2.0437075007998624
Sr2SbLaO6,2.0286223423247094
Sr2AuSbO6,2.0391058375823627
Sr2AsCoO6,2.048900013075452
Sm2VTmO6,2.0649488372614972
Sm2VInO6,2.0390419906789186
Ca2CrTmO6,2.0142410650598674
Ca2AsTiO6,2.019166161832319
Ce2AsLiO6,2.015508672619824
Tm2TaAgO6,2.092791910823129
Cs2TcLaO6,2.036825085756055
La2TiYbO6,2.0521465459634807
Lu2ZrAgO6,2.0200663433756736
Rb2RuSmO6,2.060063418979416
Rb2RuYO6,2.086724692894331
Ba2AsRuO6,2.0406216022265675
Mg2RuTaO6,2.0475550311365383
Na2RuInO6,2.045344538518014
Bi2ReMnO6,2.0287527104352856
Gd2ReLiO6,2.0720554594816765
Pr2ReDyO6,2.0002312620058644
Pb2RePdO6,2.029604597210877
Pm2ReCdO6,2.092516074580535
K2ReErO6,2.092961631003621
K2ReTbO6,2.0782542670305966
Eu2ReLiO6,2.0680428948049467
Na2ReNbO6,2.089166285209712
Nd2ReYbO6,2.0561859976320327
Sr2ReLiO6,2.0581938878735695
Sm2ReYbO6,2.0271659105100177
Ce2ReYbO6,2.0873226861560084
Cs2ReTiO6,2.0646199379751824
Yb2ReAgO6,2.0509807758182994
Yb2ReAgO6,2.0740590303766027
Pb2RhNaO6,2.073567738637309
Nb2RhLiO6,2.0731141266627637
Ce2RhDyO6,2.0818322891016323
Yb2RhAgO6,2.008220933721644
Pb2BiHoO6,2.044054695886583
Pb2OsPdO6,2.0038963681631996
Pb2OsCrO6,2.0573080056206785
Mn2OsZnO6,2.09951272118755
Eu2OsNdO6,2.0045785777903613
Cs2OsMoO6,2.0751354432292493
Pb2PtCrO6,2.0596443328741563
Ca2PtCrO6,2.0248687403070535
Pm2VPbO6,2.0288417537867907
Tl2TaPbO6,2.0362854397751677
Pm2PdDyO6,2.018495129718219
Mn2TiPdO6,2.0523025556803134
Sr2VPdO6,2.0706373198491135
Sr2TePdO6,2.047382147311827
Sr2AsPdO6,2.018593413570793
Sn2VPdO6,2.090467509891724
Lu2TePdO6,2.061786997662177
Sm2TcPmO6,2.051563016814319
Nd2MoMgO6,2.0780633968369764
Sm2CrMgO6,2.0630222200583646
Tb2TaMgO6,2.0918639325613935
Eu2MnNdO6,2.02432047389256
Sm2MnTmO6,2.0057436405382245
Sb2CrMnO6,2.0488129918953653
Cd2CrMnO6,2.0057777201926426
Cs2MnTlO6,2.025384423342651
Na2WTaO6,2.0408919523006435
Fe2WCrO6,2.0019622168290465
Sr2WTmO6,2.0101653957159424
Sm2WDyO6,2.0332909591151678
Tm2WTbO6,2.020492233640653
Sm2CrEuO6,2.070908582844804
Ce2MoNaO6,2.038010044476465
Sr2NbAgO6,2.068936356589792
Sm2NbCdO6,2.0769727462029293
Ce2NbAgO6,2.0103501970814825
Ce2CrNdO6,2.04144421542065
Cs2CrFeO6,2.098734709313558
Lu2SiYbO6,2.071531308894674
Cs2TcVO6,2.0651419671451
Cr2VTiO6,2.0113211214063473
Yb2VAgO6,2.020519177673753
Ca2MoSbO6,2.0077362250201687
Lu2SeTiO6,2.0436298916071434
La2MoCaO6,2.0320941948528635
Yb2AuTbO6,2.0452314212436473
Tl2RuCeO6,2.064465181320885
Nd2RePrO6,2.082322520523084
Ag2RePdO6,2.095622970459439
Cs2ReMnO6,2.020357881989888
Tl2ReMnO6,2.013960694416862
Tl2ReMnO6,2.0086496768123174
La2ReNaO6,2.0369565468284137
Cd2RhNbO6,2.0298461319577696
Ce2RhCaO6,2.083030194184789
Eu2BiHoO6,2.0021700484577796
Na2MnBiO6,2.0130711713462417
Tm2MnBiO6,2.065558223000445
Na2OsErO6,2.0975302979709265
Tl2OsSmO6,2.0896048601813604
Fe2GeMnO6,2.0574594796729664
Tl2PtSmO6,2.021758063861806
Dy2MnPdO6,2.0636634822949858
Ce2PdEuO6,2.0545328418770534
Sn2BPdO6,2.0696407269098893
Tm2SePdO6,2.032685540196747
Tl2MnPmO6,2.068548257089739
La2VMgO6,2.075215186699057
In2TcMgO6,2.016516084379547
Tl2MnNdO6,2.0016146410200997
Ca2VMnO6,2.072522137650092
Y2MnLiO6,2.016404978412915
Ag2MnTaO6,2.0425732635545275
Tl2WEuO6,2.054205880976216
In2WTiO6,2.036064776576723
In2SiZnO6,2.025897921349719
Ce2VZnO6,2.0191858496184154
Tm2VErO6,2.0816574979698634
Ce2NiCaO6,2.037610510110285
Au2TcNiO6,2.0978955360114977
La2NbTmO6,2.0209324628266336
Ce2SeNdO6,2.0187699582930723
Ag2FeSnO6,2.0011876753410034
Tl2FeSmO6,2.054036806929946
Tl2CrFeO6,2.0463916559942104
Cu2SiVO6,2.006726911988237
Tl2CrSmO6,2.0528993777008857
Y2VCdO6,2.055797549596047
Dy2VTmO6,2.020632855403944
Dy2VYbO6,2.099020114442804
Ce2CoCaO6,2.0624325104132692
Yb2CoCdO6,2.0023868300484438
Ag2CrCdO6,2.043338241865144
Dy2CrTmO6,2.0547075344842223
Ta2CrLiO6,2.0359000427559706
Mo2TiLiO6,2.0411284148944184
Rb2VTcO6,2.0198306724862873
Ba2MoGeO6,2.0879043986408723
Ba2PrZrO6,2.024817930348278
Ba2PbWO6,2.0500127728832007
Bi2SnPdO6,2.0724274871519923
Bi2HfMnO6,2.0329040590344167
Bi2FeCrO6,2.027681979781672
Bi2TaBO6,2.0959918889654827
Bi2ScTiO6,2.0091599685341297
Gd2ErFeO6,2.080145249161045
Gd2ErCuO6,2.024570181536457
Gd2YVO6,2.094543563204127
Gd2TaCrO6,2.0232380425090337
Gd2YMoO6,2.0173422274205173
Pr2SmPtO6,2.052986744271519
Pr2PdMnO6,2.0926824094765655
Pr2SmPdO6,2.001747116040416
Pr2CaPdO6,2.0498828396749214
Pr2PdAsO6,2.009266170730872
Pr2MgNiO6,2.0878041181038007
Pr2AgMnO6,2.061083591793182
Pr2NbTaO6,2.015500029422141
Pr2SmCdO6,2.0450684827435786
Pr2SbTaO6,2.020809724910294
Pr2CeCuO6,2.064525778366539
Pr2TbCuO6,2.027961633362231
Pr2YbAgO6,2.061318858528246
Pb2PdCoO6,2.035114043728572
Pb2MoPdO6,2.05841473413641
Pb2MoMnO6,2.0188989254651966
Pb2WNiO6,2.0582738702450594
Pb2YbZnO6,2.0973446397188913
Pb2ErCuO6,2.0272084236151353
Pb2ZrNiO6,2.057718062808099
Pb2TiVO6,2.0531727134473337
Pd2MnCrO6,2.054469754734841
Pd2WZnO6,2.078969174881409
Pd2ZnVO6,2.0219177569116455
Pd2TiNiO6,2.0344332126711935
Pd2TeTcO6,2.038616181631558
Pm2CrZnO6,2.012249370286444
Pm2EuAgO6,2.0635651033319835
Pm2SmNiO6,2.014569335241398
Pm2NdNbO6,2.041808597172784
Pm2NbLiO6,2.0443282470830417
Pm2YbFeO6,2.081290947788669
Pm2TeVO6,2.049618097335319
Pm2MoAuO6,2.0538843141485628
Mg2NbNiO6,2.002249376793239
Mg2TaSiO6,2.0853852297366253
Mg2IrSeO6,2.0157329502901034
Mg2CrAsO6,2.002613718064558
K2MoTcO6,2.0424259573986583
Mn2CrCuO6,2.0208014241012697
Eu2YFeO6,2.013094140214818
Eu2TaIrO6,2.0176133713212483
Eu2MoAsO6,2.0474604811263637
Er2TmVO6,2.0874383737274815
Er2TbCoO6,2.023156373524615
Er2DyCrO6,2.0628164919314327
Ni2TcBO6,2.0490103099384407
Na2SbIrO6,2.001368863296434
Nd2FeTiO6,2.09964505460047
Nd2TaCrO6,2.0110554352518557
Nd2YAgO6,2.0536321234467483
Fe2AuBO6,2.07083190404683
Fe2CrCoO6,2.0249441641469614
Sr2SnSiO6,2.060575073693288
Sr2SmTcO6,2.0014474840400256
Sr2TcSeO6,2.044286988489049
Ca2ZrCrO6,2.0263192618185153
Ce2LuAuO6,2.005433930051322
Ce2DyAgO6,2.063177063993636
Ce2DyAuO6,2.0976295012497808
Cd2CrAlO6,2.079050876587883
Cd2TaTiO6,2.0161520756391487
La2AgTaO6,2.01107503260939
La2YAgO6,2.03641257554917
Tl2AgTiO6,2.094339176197127
Lu2TiAsO6,2.030300112783142
Lu2TaAuO6,2.0113720049130692
Ag2AuAsO6,2.036829406807816
Pm2ReAuO6,2.0089771522393076
K2ReNiO6,2.072664554356972
Sm2ZrReO6,2.0658611075887174
Ba2TaRhO6,2.0357379603929493
Pr2TbRhO6,2.0972976124223175
Pb2TiRhO6,2.080550025058907
Mg2RhCuO6,2.0346842894235824
Eu2ZrRhO6,2.0063158510941577
Nd2TaRhO6,2.0253192983913286
Ce2DyRhO6,2.04412505702202
Cs2MoRhO6,2.069677154144975
Yb2ZrRhO6,2.0651264248300367
Pr2NiBeO6,2.0191854986142346
Pr2YbBeO6,2.085150717337768
Ho2WBeO6,2.0339829156326665
Ho2NiBeO6,2.0242356100689554
Hf2CrBeO6,2.0665083020733492
Eu2SeBeO6,2.065269442660882
Eu2CrBeO6,2.097787499036665
Nd2MoBeO6,2.0082094449027887
Fe2SeBeO6,2.0080590618759033
Cu2IrBeO6,2.0586782504580707
Gd2TmBiO6,2.0097481563934063
Gd2BiMoO6,2.097342264099976
Lu2TbBiO6,2.0034693178685457
Sr2OsAsO6,2.0648095521026493
Pb2HfGeO6,2.0074732595026905
Mn2WGeO6,2.0811176514757532
Sr2TcGeO6,2.014381370603422
Sn2TiGeO6,2.0842169328665654
Cd2ZrGeO6,2.0169031598347833
Tm2TaGeO6,2.0821820787591405
Lu2TiGeO6,2.0109020532399735
Sm2GdCrO6,2.064553544228192
Mg2MoGaO6,2.0422575982669575
Nb2TiGaO6,2.091171580110435
Sr2TcGaO6,2.0811243107537885
Pm2PrCoO6,2.089721336109458
Pb2TbPtO6,2.0260653339014283
Mg2PtVO6,2.072098167946814
Sr2CePbO6,2.036671414358108
Mn2PdTiO6,2.0776383198605264
Eu2NdPdO6,2.08736071341259
Eu2TbPdO6,2.0790706212524808
Nd2TbPdO6,2.0467064830200763
Nd2DyPdO6,2.0211976687579
Fe2PdBO6,2.089165802454796
Fe2PdCoO6,2.0358146814955043
Tb2DyPdO6,2.071369204095389
Tb2DyPdO6,2.027203635155995
Sm2HoCrO6,2.056683352453116
Er2HfVO6,2.03172446576737
Sm2HfCrO6,2.032911369922596
Lu2HfTiO6,2.0003597304322813
Lu2TbMgO6,2.0420329669726094
Eu2SmMnO6,2.001476443631856
Eu2ZrMnO6,2.048084551329391
Na2MnSeO6,2.059429338751488
Nd2SmMnO6,2.011680675774332
Sr2MnVO6,2.0588433129660766
Ca2MnCrO6,2.050145275802043
Ce2DyMnO6,2.024645827180696
Tm2MnTeO6,2.051342826340267
Cr2MnAsO6,2.0193203631052246
Li2MnTeO6,2.0763427372106977
Li2MnAuO6,2.037895079702648
Ni2WVO6,2.0704554996706483
Na2SbWO6,2.0511139569852164
Na2TaWO6,2.0777966016826
Fe2WBO6,2.092658416831584
Er2MoZnO6,2.0611206740488996
Nd2ZrZnO6,2.003481263794395
Ce2YbZnO6,2.0374909985193703
Tl2TiZnO6,2.015497063618857
Nd2EuAgO6,2.0513060547995714
Nd2SmNiO6,2.042775310473838
Nd2TbNiO6,2.055232973812702
Nd2ZrNiO6,2.0922335965846495
Sr2CrNiO6,2.055463036828434
Lu2TbNiO6,2.055891355727954
Tl2NbTiO6,2.060972674350915
Tb2NbIrO6,2.0715947306278473
Ag2NbIrO6,2.032466954967321
Sb2FeTiO6,2.077913400119697
Sm2TbSnO6,2.0170705636405075
Tm2SnCrO6,2.0439206453310934
Tl2SnTiO6,2.0761399147035444
Ce2SmAuO6,2.010893446892192
Tm2TiVO6,2.0451927385377364
Cs2VTcO6,2.082730997397269
Cr2VAlO6,2.0939922973736684
Tl2MoVO6,2.029604753746179
Tb2VAlO6,2.007478803292015
Tb2VAuO6,2.0977375354026373
Yb2ZrVO6,2.0023893528007037
Ca2SbMoO6,2.0543502633484336
Lu2TbCoO6,2.020695804417582
La2YCuO6,2.041114420567969
Y2TiAlO6,2.057645525586541
Cs2SmRuO6,2.0455525350342296
Ag2TaRuO6,2.0107225092513112
K2ReGeO6,2.0762214254119282
Au2ReSeO6,2.015681643673964
Tl2ReCuO6,2.0952163228331546
Ce2HoRhO6,2.0071820477075035
Na2MnRhO6,2.041524349921888
Sr2MnRhO6,2.0240549712919544
Ag2TaRhO6,2.095154273186668
Mn2GeBeO6,2.09672238916894
Cu2PtBeO6,2.0357712995155635
Ti2WBeO6,2.057948574004201
La2NbBeO6,2.007766863913598
Ag2NbBeO6,2.0250242856572576
Ag2CrBeO6,2.0964162932979313
In2CrBeO6,2.0944324482119527
In2TcBeO6,2.0107975115306944
Sr2BiPdO6,2.0427068858956363
Nd2PmBiO6,2.00960209681845
La2PmBiO6,2.0214652553673598
Ce2SmBiO6,2.040622740870839
Yb2BiVO6,2.0538245147500316
Dy2BiScO6,2.0804310587726205
La2TmBiO6,2.025138839543918
Ca2PbOsO6,2.0144887331963295
Sr2OsBO6,2.0028605718044403
Yb2VGeO6,2.045527999219548
Y2GdCrO6,2.0462158540776683
Co2VGaO6,2.0230887053909044
Dy2TiGaO6,2.078438411922347
Nd2PrPdO6,2.093362023189897
Mn2PdPtO6,2.0863776700995786
Yb2HfPtO6,2.0621676279658336
Ca2PdMnO6,2.098355108162702
In2NbPdO6,2.097255455611012
Cr2PdBO6,2.094379242981003
Ce2PmNbO6,2.0314152716431977
Eu2HfZnO6,2.0163498525748054
Tm2HfNbO6,2.0928845403872764
Ca2HfVO6,2.067752904789958
Sr2MnBO6,2.019813567421125
Tm2ScMnO6,2.001181222898436
Yb2TaMnO6,2.0650245004672465
Cu2WZnO6,2.06285753802957
Cs2WNiO6,2.046849724527529
Au2WNiO6,2.097552042115926
Cu2WVO6,2.0291691115942663
Tb2ZnVO6,2.064061565125614
Mo2TaZnO6,2.076506043919469
La2EuFeO6,2.0784796636379865
Te2NiCoO6,2.058687251813489
Yb2TaNiO6,2.025014320359842
Tm2NbSnO6,2.0268811067309165
Cs2NbVO6,2.00854521707079
Tl2NbVO6,2.008857429116391
Yb2NbVO6,2.000063201163373
Ag2NbVO6,2.0893502168902245
Ag2NbVO6,2.0781220718762423
Mo2FeVO6,2.0684449184867906
Ta2FeCrO6,2.0248497121997033
Yb2FeCrO6,2.077410365446651
Yb2TaBO6,2.0390688449839702
Yb2CoSiO6,2.082906951972697
Yb2SnCrO6,2.0329291533110445
Tl2ScVO6,2.02866385108247
Yb2TaVO6,2.067550805558269
Mo2TaVO6,2.0834071612996405
Tm2ScCoO6,2.005691641065959
Y2ScCoO6,2.069802979977737
Ce2CaCoO6,2.056063114879104
Tb2TmCoO6,2.0727280294336228
Y2DyCoO6,2.07839615449155
Dy2TbCuO6,2.081651967119711
In2TiAlO6,2.0605716650042156
RbPmHf2O6,2.0074988816992256
BaPbZr2O6,2.0729685019340525
BaCrTi2O6,2.071305604076597
KBiNb2O6,2.0030566144426953
PbPdTi2O6,2.083596821510616
PdFeTi2O6,2.0764296057635643
CaHfTi2O6,2.057784533397201
EuMnTi2O6,2.0865546923019753
NdMnTi2O6,2.07496117690461
TlMnTi2O6,2.01007816357972
EuCrTi2O6,2.0744979277741398
NaCrTi2O6,2.0804742013050137
CaNbTi2O6,2.087403126124537
CaNbTa2O6,2.080314866920956
GeSeBe2O6,2.079413643560721
CsTbNb2O6,2.049426244736689
AgMoTa2O6,2.070846065940122
YbHfTi2O6,2.029934252241435
EuZrTi2O6,2.0198767848866495
EuMoTi2O6,2.0312051551278514
LaNaNb2O6,2.0238231213551523
NdMoTi2O6,2.069689730439592
SrTbTi2O6,2.043326061656197
SmAgTi2O6,2.099954498276311
LuAgTi2O6,2.0238167192662795
LuAgTi2O6,2.055810965928985
RePtWVO6,2.0625838593287154
ReNiCoAuO6,2.084058251542423
ReCuIrAsO6,2.0761020376214456
RbKSmSbO6,2.0055362425489127
BiRhPtVO6,2.0208240627040746
RhGdAuBO6,2.0347821574895093
PrRhPtZnO6,2.0885700379672256
RhPtWCoO6,2.040238990781692
RhPtAuAlO6,2.081924464075702
PdRhVAuO6,2.0330722762781925
HoRhVAsO6,2.034051952549981
RhMnVBO6,2.0538263438798725
MnRhVAsO6,2.0217464241911096
RhWZnVO6,2.08185533735268
RhNiIrAsO6,2.050582241910108
NbRhVCoO6,2.0999238249535748
NbRhVCuO6,2.067594925960284
SmRhCuAuO6,2.0900464756751225
BaPbVSeO6,2.023802467036959
BaPbSbTiO6,2.0789810420583765
BaPdWVO6,2.05391151428328
BaPdTcSeO6,2.0825798280252465
BaHgMnSiO6,2.054694165714964
BaHgNbCrO6,2.0835890420710674
BaHgTaSiO6,2.0632187081170277
BaMgCrAsO6,2.0070936188657877
BaEuSmTmO6,2.07279375950868
BaNaTaVO6,2.0509537504476194
BaNaTaCoO6,2.0800415290315226
BaNdCeZrO6,2.0735178390869238
BaSrCeSeO6,2.0504005844848505
BaSmCeSeO6,2.0419121897486225
BaCaTbTiO6,2.0494666801372268
BiGdTePtO6,2.043139322346359
GdBiHfMgO6,2.042300669137186
GdBiWNiO6,2.0387822686896895
BiGdInTaO6,2.038712629364531
PrBiMnCuO6,2.035131150288082
PrBiScCdO6,2.0158589959471884
PrBiScAuO6,2.0787293709902395
BiPtWZnO6,2.025505309311923
BiPtWAsO6,2.0146445432793585
BiPbZrHgO6,2.0556782599794863
BiPdMnCrO6,2.058743548498357
BiPdNiAsO6,2.0616755386022443
BiPdFeTiO6,2.098593289075011
BiPdVAlO6,2.006452692100119
BiPdAuAlO6,2.0673222586858078
HoBiHfMgO6,2.0554294580385664
BiHoCrZnO6,2.035004669453674
HoBiNbCrO6,2.054146615831522
BiHoAgTaO6,2.0769350105388096
BiMgMoZnO6,2.0145679192347146
BiKMoVO6,2.0201823884031818
BiKAgCoO6,2.0621380685907162
BiKAgTiO6,2.047151934135915
BiKZrTeO6,2.086509371370931
BiKMoAsO6,2.0541722381706533
BiMnCrZnO6,2.0404280478812766
BiMnFeVO6,2.0139496513588546
BiMnFeTiO6,2.059627426306237
BiMnVAlO6,2.098347699097298
BiMnVAuO6,2.04590515792098
BiMnTiCuO6,2.058123645406225
BiMnTeIrO6,2.08197139600107
ErBiNbSbO6,2.026775410828539
ErBiSbAuO6,2.0391371794742312
ErBiTaIrO6,2.099459993786976
BiErInAuO6,2.007895489640696
BiNaInAuO6,2.098933998665548
BiNbVAuO6,2.0933927262616834
BiNdVBO6,2.0827398493645473
NdBiScMoO6,2.0514618077144946
BiNdZrCuO6,2.0163561111669726
BiNdInTiO6,2.0492180743075763
BiScCrCoO6,2.034985511614901
BiSbTaCrO6,2.0832790650651325
BiCaAgTiO6,2.0575883249893714
BiTmTaCrO6,2.034701033313808
BiTmInLiO6,2.081407344777673
BiTmTaTiO6,2.0978404677080054
GdPrLuPdO6,2.018230042924972
PrGdHoCuO6,2.025556821507528
PrGdErTiO6,2.016046342126509
GdPrLuNiO6,2.068559787550129
GdPrLuFeO6,2.076066859086651
GdPrDyCuO6,2.0968901931605157
PrGdLuTiO6,2.032262926601658
PmGdHoFeO6,2.0138897671385996
GdPmLuNiO6,2.0787220966575046
PmGdScTiO6,2.092918124356117
PmGdSbAuO6,2.0251244864111393
PmGdTbMoO6,2.0649369938096456
GdPmInTaO6,2.063926022213215
PmGdYbAsO6,2.0347110167759506
GdHoDyCoO6,2.0683915097604917
GdHoCrAuO6,2.066078208514596
GdHgMnCrO6,2.0426030506345163
GdHgTaCoO6,2.048688554093535
GdMgSnMoO6,2.0053264157126858
GdMgTaCoO6,2.027783772051065
GdKTcSeO6,2.0825689111093357
GdEuZrFeO6,2.009453437049947
GdEuZrTiO6,2.0892132970041963
GdErTmSbO6,2.096342713461205
GdErLuIrO6,2.011744032415325
GdNaZrFeO6,2.0301085323468584
GdNaTbSiO6,2.084919479151595
GdNaTbSnO6,2.020743240152331
GdNaAuAlO6,2.080524367805198
GdNdZrFeO6,2.0982076845970337
GdNdYbVO6,2.073485351159044
GdNdYSbO6,2.07585742024624
GdNdTmCoO6,2.004098537666742
GdNdDyTaO6,2.0732715888091806
GdSmYCrO6,2.041106795140039
GdSmZrTiO6,2.071723365882174
SmGdTbAuO6,2.0959103543948143
SmGdYbAsO6,2.038901084985203
GdScSbAuO6,2.072953128702669
GdScTaCrO6,2.0178608871933443
GdScZrCrO6,2.0956422316392835
GdScTaTiO6,2.0234219234871227
GdSbTaCuO6,2.0788593294962467
GdCaTeCuO6,2.000868335651453
GdTmLuTiO6,2.0999873651240724
GdTmTeAuO6,2.0157622066035654
GdTmTbIrO6,2.074707869244249
GdTmYbTaO6,2.069624645991576
GdCsTaTiO6,2.0969831498045495
GdLaDyTiO6,2.0885292033395153
TlGdTiAsO6,2.036815219821198
GdLuIrAuO6,2.006684622609623
GdTiTeAuO6,2.079248748394482
PrPtWNiO6,2.0031894033282036
PrPtZnNiO6,2.0587321473220763
PrPbPdFeO6,2.001857004220423
PrPbPdAsO6,2.053041705179712
PrPbTbHgO6,2.0427167253608336
PrPbZnCuO6,2.0196067898146666
PrPbVBO6,2.0498685181629464
PrPbScSbO6,2.072131649410265
PrPbScInO6,2.0633124516614916
PrPbZrCrO6,2.0910631881151454
PrPbTiAsO6,2.050394424069353
PrPdWAsO6,2.0759447837952765
PrPdCrZnO6,2.0587027555973383
PrPdVBO6,2.0109696132668895
PrPmMoZnO6,2.0038287385508817
PrPmTmNiO6,2.007345862067581
PrPmYNbO6,2.049660154789269
PrPmNdCrO6,2.0699254207755895
PrPmNdCuO6,2.0987393104038308
PrPmFeTiO6,2.052646432378077
PrPmScCoO6,2.015573692807775
PrPmScTiO6,2.0595159042371467
PrPmDySbO6,2.072290915089631
PrPmTbCoO6,2.0433262574101927
PrPmTbIrO6,2.005728597961749
PrPmYMoO6,2.0817817431213723
PrHoZrHgO6,2.037582164593967
PrHoTbFeO6,2.0656744060113255
PrHoScCoO6,2.0258469080351604
PrHoLuCoO6,2.061274382570403
PrHfSbLiO6,2.034336294799927
PrHgNbZnO6,2.0394375854774096
PrMgTaNiO6,2.0223698450345164
PrMgTeVO6,2.0420228861594913
PrMgVAlO6,2.002327559354616
PrMgVAuO6,2.00123955124783
PrKSmWO6,2.0000375174528395
PrKCrBO6,2.096136128509545
PrMnWZnO6,2.0259325429373134
PrMnTiCoO6,2.0699363816735032
PrMnCoAuO6,2.0289452948163498
PrWVCoO6,2.0373602992952002
PrEuErNbO6,2.025550893010428
PrEuErCoO6,2.0409334749904358
PrEuTbNiO6,2.021698968610632
PrEuDyNiO6,2.029778835597764
PrEuSmFeO6,2.043292839455984
PrEuSmCuO6,2.0161820656665084
PrEuZrVO6,2.0633909483287733
PrEuScAlO6,2.060887480953873
PrEuTmSbO6,2.0347141691748445
PrEuCeCoO6,2.0675186105209447
PrEuLuCoO6,2.0534851637659584
PrEuDyCrO6,2.015464272385878
PrEuLuAuO6,2.0358179868876984
PrEuYTiO6,2.005788364135741
PrEuTbAgO6,2.095270745975341
PrEuTbAsO6,2.0132111149946352
PrErTbFeO6,2.0830959970005414
PrErSnLiO6,2.076372286244689
PrErTbSbO6,2.077423823743351
PrErLuCoO6,2.0250307175188893
PrErTaCrO6,2.07374455709998
PrErTbCuO6,2.040232880932385
PrErLuTiO6,2.005667747047101
PrErInTiO6,2.037274149072711
PrErDyIrO6,2.00270513993184
PrNaNbCuO6,2.0068964941393497
PrNaVAuO6,2.0980620193981387
PrNaCrCoO6,2.0496251189101287
PrNbFeTiO6,2.002827126245097
PrNdSmIrO6,2.07799918693833
PrNdTmSbO6,2.0525002830460672
PrNdTbCoO6,2.0260720595132593
PrNdTbTiO6,2.070749633792058
PrNdZrTiO6,2.020763632958567
PrNdYbAsO6,2.0993445086962956
PrFeCrAuO6,2.0740342372880582
PrSrTaVO6,2.078524249794142
PrSrYbCoO6,2.0700174407623053
PrSrYCoO6,2.039576529073502
PrSmDyVO6,2.0771948578326302
PrSmDyCoO6,2.0731950217720643
PrSmCeCrO6,2.039604635433107
PrSmTmAgO6,2.0853540598243114
PrSmLuTaO6,2.0112630336048682
PrSmTbTiO6,2.093254918154393
PrSmYbTiO6,2.0184403182207444
PrSmTbAgO6,2.014581340233764
PrSmTaIrO6,2.08205612052403
PrSmYbAgO6,2.0578566791886344
PrSmYAgO6,2.0590636408326315
PrSmYIrO6,2.023439401732713
PrSmYMoO6,2.099165339421867
PrSmMoAsO6,2.0680115906217647
PrScSbAuO6,2.0741429274381167
PrCaTaCrO6,2.048121473599304
PrCaLuCuO6,2.043078621907793
PrCaTeCuO6,2.0406849680691552
PrCaYCuO6,2.072013885769631
PrCaInCuO6,2.0528806080958324
PrCaLuIrO6,2.0666102233056343
PrTmDyCrO6,2.072581650878468
PrTmLuAgO6,2.0694940986885713
PrTmLuAlO6,2.063132456141074
PrTmTbTiO6,2.0370167829255914
PrCsTaCrO6,2.0147049784765843
PrCsTaCuO6,2.0508715823292847
LaPrTiAlO6,2.0136693335396183
PrLaMoAsO6,2.0162391657488286
PrLaMoAuO6,2.064460918845509
PrTlZrTaO6,2.0499988061980647
PrTbDyAgO6,2.0559601600679773
PrYbIrAuO6,2.075263477978797
PdPtWCoO6,2.0548117889404693
PtPdAuAsO6,2.0037237512395145
PtPdAuAsO6,2.011420938269904
HgPtWAsO6,2.060449605007052
PtKAuAsO6,2.043560870239165
MnPtWVO6,2.068628900766641
PtNaIrBO6,2.034919873117102
NbPtCuAuO6,2.029385774454296
PtSrAuAsO6,2.0694344118067995
PbPdMnVO6,2.095972520190669
PbPdMnSeO6,2.025012163826483
PbPdIrSeO6,2.088658035480394
PbPdTiCoO6,2.0808986088629697
PbPdCrTiO6,2.0003445402652202
PbPmAgHgO6,2.0763507386726694
PbPmYbNiO6,2.0147741733022704
PbPmTbVO6,2.005343706636953
PmPbCoAlO6,2.014758204687288
PbPmInTiO6,2.0652375879358615
PmPbTbInO6,2.0785409547651708
PbHoWCuO6,2.0122883663840314
PbHoYbAgO6,2.0569525695637405
PbHfNbLiO6,2.0598524132590645
PbMgNbCrO6,2.09355860828678
PbMgSnTiO6,2.0141013287642866
PbMgTaCoO6,2.064048747463657
PbKMoVO6,2.072546212567243
PbKMoVO6,2.048840719043205
PbEuTbNiO6,2.042209968616819
EuPbNbCrO6,2.0456252693780206
EuPbNbIrO6,2.0562549214061407
PbEuInNbO6,2.0039094131231256
PbEuYFeO6,2.0138938821992785
PbEuDyVO6,2.0330022466163995
PbEuInTiO6,2.0063064578432277
EuPbIrAsO6,2.0806890525989155
PbErYbNiO6,2.099956157174179
PbErLuVO6,2.0824115830536565
PbErTbCuO6,2.056565379820677
PbNiVIrO6,2.0369369440262735
PbNiIrAsO6,2.012187669635837
PbNaNbBO6,2.067835976472916
PbNaNbCrO6,2.090191003276281
PbNbVCoO6,2.0882754553242138
PbNdTbFeO6,2.058870507636327
NdPbVCoO6,2.0511312563479085
PbNdTbCrO6,2.088915624670276
NdPbCrAsO6,2.020646070542902
PbNdTaCuO6,2.0007668575971866
PbNdYbCuO6,2.071968988773276
PbNdZrTeO6,2.0541810465485417
NdPbTaIrO6,2.0819361085109773
PbNdMoAlO6,2.038273273143157
PbSrInTaO6,2.087490305408797
PbSmTbVO6,2.068176335187578
PbSmTaVO6,2.010390396730043
PbSmInVO6,2.0101936266242455
SmPbScAgO6,2.047856690296962
PbSmTmSbO6,2.0323779319243207
SmPbSbCrO6,2.088042219195512
PbSmCrCoO6,2.087809853483138
PbSmLuCoO6,2.0795591714000388
PbSmTbCuO6,2.063466911978755
SmPbTbAgO6,2.004692127391983
SmPbTbAgO6,2.033393684507825
PbSmYbTaO6,2.092770451262574
PbCaTaCrO6,2.0641887658504396
PbCaInIrO6,2.009287209440909
PbCaMoAlO6,2.0881637967999875
PbCeTmCdO6,2.06210644064662
PbCdZrTiO6,2.0882052894209733
PbTmTaCrO6,2.0690789551919027
PbTmTeAuO6,2.0772523846090953
PbTmYbAlO6,2.088084861498967
PbCrTeAuO6,2.0205587008599135
PbTlTaTiO6,2.030855391794731
PbDyAuAlO6,2.0640623622366365
PbAgMoAsO6,2.017020408351009
PmPdFeTeO6,2.0207917085108242
HoPdFeTiO6,2.002454539057479
PdHgTiBO6,2.07142710985219
PdMnCrZnO6,2.0549340242120633
PdMnNiVO6,2.0927180439274706
PdMnFeTiO6,2.0343435087897777
PdMnCrBO6,2.0466499591941676
PdMnVCoO6,2.0903217993083882
PdMnVCuO6,2.006345003172303
PdMnTiVO6,2.0302177810976882
PdMnCrAlO6,2.0035648285538903
PdMnTiAsO6,2.0979498364308453
PdMnTcAlO6,2.046192515983956
EuPdTeAuO6,2.0521599231000796
NbPdVCuO6,2.0859920005863137
PdNbTiVO6,2.0179366965650916
NbPdVAsO6,2.0510383718183745
PdFeTiCuO6,2.012776548600979
PdSrTiVO6,2.0988614440717623
CaPdTeIrO6,2.036481700087733
CsPdIrAsO6,2.082627672632849
TlPdTeAuO6,2.088093527877287
PmHoErCuO6,2.03931963672215
PmMgWZnO6,2.0668625411482937
PmMgSnTaO6,2.0595033021762923
PmMgTaCrO6,2.0894929402654223
PmKTaVO6,2.0814735460406495
PmEuNdMoO6,2.060913381196969
PmEuYbFeO6,2.015542892340544
PmEuSmCuO6,2.00415354944757
PmEuZrVO6,2.068983587663638
PmEuScCrO6,2.0406920357980955
PmEuScAsO6,2.087159636757679
PmEuInTaO6,2.0397537416226927
PmErTbNiO6,2.0376527123489496
PmErTbSbO6,2.0726504045663305
PmErLuCoO6,2.054055093854919
PmNaVAsO6,2.018657186472664
PmNaZrTcO6,2.069075164033393
PmNbTaCoO6,2.035806605221157
PmNdDyCoO6,2.063744786704117
PmNdCeTaO6,2.032458115566118
PmNdTmMoO6,2.0720183078525203
PmNdTaCrO6,2.052558829829335
PmFeTeAuO6,2.0089585157332293
PmSrZrTaO6,2.0320358168374444
PmSrZrAsO6,2.085218771302996
PmSmCeYO6,2.0456371169209175
PmSmTbCdO6,2.082952540841772
PmSmTaCrO6,2.038580631256504
PmCaZrAsO6,2.0836490282141766
PmCdTeAuO6,2.0057579378719907
PmLiAuAsO6,2.063232429624384
TlPmTbMoO6,2.0640893609432025
PmLuTbAsO6,2.041761563424368
HoHgTaZnO6,2.08439285462028
HoKTbSnO6,2.0544603373174
HoKTbTeO6,2.0743664668067154
EuHoErIrO6,2.0103216820484215
HoEuZrNbO6,2.0089729974317025
HoEuYbVO6,2.003700525549928
EuHoTmTaO6,2.0702787814592294
HoEuYbCuO6,2.030299286659303
EuHoYbAuO6,2.098473323908217
HoErInNbO6,2.0553614095798975
HoErScAsO6,2.0853478243171986
HoErInMoO6,2.056837611215987
HoNdTmCoO6,2.0969263693159537
HoNdTaCrO6,2.0391155307322464
HoNdDyCuO6,2.084334958665051
HoSmTmCoO6,2.032381680011447
SmHoTbAgO6,2.015121428365083
HoTmTeIrO6,2.0295337633777533
HoCsZrIrO6,2.0248527584511944
HoLiMoAlO6,2.0428528224014175
TlHoLuTaO6,2.022076656105188
HoTlMoTiO6,2.0855797277039896
HoLuTbMoO6,2.015120973930116
HoLuYbIrO6,2.0446994366228712
HoTbYbMoO6,2.007657065363714
HfMgMnTiO6,2.0115851653594663
HfMgTaVO6,2.091291630706127
HfMgTaCrO6,2.0571150399140525
HfKTaCrO6,2.0071095941528947
HfMnTeZnO6,2.0417938907081776
HfMnFeTiO6,2.019853136032805
HfEuZrCuO6,2.0556274680481654
HfErTaTiO6,2.0951571743105255
HfNdInVO6,2.0764038209814144
HfSrTeVO6,2.0602988249677856
SmHfCdTiO6,2.037909938148558
HfCaZrCrO6,2.056242748682257
HfCaTaTiO6,2.0741363570935203
HfLiTaTiO6,2.0165581423960357
HfLiTaAsO6,2.031580123016368
HgMgNbCrO6,2.0615605669803942
HgMgSnTaO6,2.064828123056855
HgKTaVO6,2.037818649769785
EuHgNbCrO6,2.0336371619489375
NdHgVAlO6,2.0839683635690394
SmHgVAlO6,2.0866164318339004
SmHgTiAlO6,2.063725787137348
MgKMoSiO6,2.0047676261692784
MgMnCrBO6,2.08325789606298
EuMgTcAlO6,2.0630011131614787
MgNiVBO6,2.089474483356987
MgNdTeVO6,2.0310193558965914
MgSmTaCoO6,2.087223661356688
SmMgCrTeO6,2.0854174115552864
TlMgTeAuO6,2.0902224049875713
KNaVAsO6,2.0484020649929753
EuMnFeTiO6,2.03756301476454
MnEuCrSeO6,2.0111019297539894
EuMnCoAlO6,2.0219802002481155
EuMnCrAlO6,2.0613729081278103
MnErTiVO6,2.0781408628069022
ErMnTeAuO6,2.0464307774823367
MnNaVBO6,2.0464166859416
MnNaTcBO6,2.0568620200948584
NbMnFeTiO6,2.0643857942450747
NbMnVCuO6,2.054659528888945
MnNbTiCuO6,2.0013682139706557
NbMnTiAsO6,2.0840626798896027
NbMnTeAuO6,2.0717639184260728
MnNdAuBO6,2.058104139576639
MnNdTiVO6,2.076555504702291
MnFeIrBO6,2.053494789231342
MnFeVCoO6,2.0196413419504173
SmMnVAuO6,2.039135655555465
MnScTiCuO6,2.076448683800985
TmMnTeAuO6,2.06227858146034
MnCrTeAuO6,2.0707603669538397
WNaVBO6,2.0509394811344643
WCdAuAsO6,2.0898439253747902
ZnNiTcBO6,2.0113109062639
EuErZrNiO6,2.0330191156362396
EuNaNbTaO6,2.085379888523247
EuNaFeTeO6,2.0009616857972765
EuNaCrSiO6,2.066462116878182
EuNaTbVO6,2.073863749275322
EuNdSmAgO6,2.095920823264076
EuNdVAlO6,2.0255699399237597
EuNdZrVO6,2.068843922309356
EuNdTbSeO6,2.0711701329617287
EuNdCrTeO6,2.014486511235142
EuNdTaCrO6,2.0131182410699915
EuFeVAlO6,2.0080953445348495
EuSrTbScO6,2.0724558459356617
EuSmVAlO6,2.0114996289004092
EuSmTbTiO6,2.089792280599199
EuSmTbIrO6,2.093142348972138
EuSmInTaO6,2.073884140676159
EuCaZrTiO6,2.075790545456387
EuCaTeIrO6,2.049622250559268
EuTmDyCrO6,2.0102658384329133
EuTmDyIrO6,2.0300236921836348
EuCsMoAsO6,2.079881682264115
LaEuTbIrO6,2.0949753594307694
TlEuLuTaO6,2.0029754249919356
EuTlDyTaO6,2.039694650749219
EuTlYYbO6,2.0048355983953257
TlEuDyAgO6,2.040342929044932
EuTbInTaO6,2.0850861926215014
EuYbInAuO6,2.015649568202192
ErNdTbSbO6,2.0461691747906117
SmErScCuO6,2.0412558339622744
SmErScAuO6,2.03717527440849
SmErTiAlO6,2.0953319484183734
CeErYbAgO6,2.022799411236004
ErTmTaCuO6,2.049119524895599
ErLaInTaO6,2.082132805667923
TlErLuIrO6,2.0375107934767445
ErTlMoAlO6,2.0690723345750395
ErLuTbIrO6,2.090154433239668
NbNiVCuO6,2.0465292203058176
NiSrTcSiO6,2.0097892941169793
NiVTcSeO6,2.0492921079807664
NiVAuAsO6,2.0429295549399975
SbNiTcAlO6,2.0894581528332825
CrNiIrAsO6,2.01733032497571
YbNiIrAsO6,2.0524680500427106
SmNaTmAsO6,2.0701709268121995
SmNaLuAsO6,2.0929142595199623
LaNaIrAsO6,2.0330795207984225
NbNdMoVO6,2.0066029158758276
NbNdTaTiO6,2.0877462490140033
NbFeTiCoO6,2.006415984604764
NbFeTiCuO6,2.0857715475962975
NbSnTiCuO6,2.0215670394092755
NbSnTiCuO6,2.059721168050737
NbSbTiCoO6,2.0499563741848075
NbCaMoTiO6,2.0020645666216486
NbTmTaCrO6,2.019003322223411
NbTmTaCuO6,2.0591542379560064
NbTmTaTiO6,2.012281358575728
NbLiTaIrO6,2.0026564116614924
NbLiIrAuO6,2.052012660290688
SrNdSmTmO6,2.0907722128436013
SrNdVAlO6,2.0441792244572525
NdSrTbSbO6,2.058707334481045
NdSrZrAsO6,2.0963658200141713
NdSmScCrO6,2.0695873592858125
NdSmZrTiO6,2.084844087936264
NdSmTbTaO6,2.0267240956603625
NdCaTaAlO6,2.0675734543903617
NdCeYbAgO6,2.0980369653614197
NdTmZrCrO6,2.0527132339051763
NdTmZrCrO6,2.052988275693357
NdTmTiAlO6,2.0304802379891953
NdTmTbTcO6,2.0823570301592857
NdTmTbMoO6,2.0524081729903196
NdCsTbCrO6,2.0370699472574865
LaNdIrAuO6,2.0678006588642757
NdAgMoAlO6,2.06979309421801
SmFeCoAuO6,2.0343439893301687
FeCrAuAsO6,2.0468646262969576
SrSmTbTeO6,2.0665286038601556
SnSmMoTiO6,2.0640481932080115
SnScTaCrO6,2.0369057155479937
SnScTiCuO6,2.019915468923836
SnSbCrCuO6,2.090347648424479
SnCaAuAsO6,2.035312755108688
SnTmTaCuO6,2.0673326309903652
SnCuIrAsO6,2.022294482116935
SmScTiAlO6,2.0168769485861495
SmCaTmCdO6,2.0556373905626004
SmCaLuAgO6,2.087353815985221
SmCaYbAsO6,2.018261118172661
SmCaYAgO6,2.002899149805829
SmCeTbTiO6,2.065282469605963
SmCeTbAuO6,2.0273750471642487
SmTmTbTaO6,2.0631740782314227
SmTmYbAlO6,2.098406681181568
SmCsTbCrO6,2.009129387549392
SmCsYbCrO6,2.009928763400982
SmCrCuAuO6,2.0884930430476696
SmCrTeIrO6,2.0669498307247793
SmLiTiAsO6,2.0471001843719
TlSmLuAuO6,2.076204177385477
SmTlTaTiO6,2.0455986484381725
SmTlDyTiO6,2.01853875545085
TlSmTbAgO6,2.0664296210136603
TlSmTbInO6,2.063383697229181
SmLuDyAgO6,2.0089125053226797
SmTbDyAgO6,2.043402750215457
SmYbDyIrO6,2.034714251267212
SbVCoAuO6,2.070559171591351
ScCaZrCrO6,2.0218817475202
ScCdZrAlO6,2.096411157607219
ScTmInTaO6,2.011496865946778
ScAgAuAlO6,2.0117869472908567
SbCuIrAsO6,2.0851611311527525
CoCsAuAsO6,2.0244077321211598
TiCoTcAlO6,2.084211396397303
LaCaTbMoO6,2.02169242940968
CeLaZrTiO6,2.057892741178676
CeLuYbTiO6,2.0341992077390025
CeTbYbAgO6,2.0164383775222543
TmTlAgTiO6,2.0606765293524534
TmLuTbTaO6,2.0547950286818297
TmLuYbAuO6,2.099020121796227
TmTbDyAuO6,2.0373833387057276
TmTbDyMoO6,2.0249314504982343
TmDyIrAuO6,2.0958267107145208
LaYbZrAlO6,2.099509317271563
TbLiIrAsO6,2.0791943720085855
TbYbDyAgO6,2.0108766448897435
TaYbAuAlO6,2.0485432952783476
RuBiGaBeO6,2.04668574928759
RuPbAsBeO6,2.0333602723520525
RuKSiBeO6,2.024498263757068
RuEuSiBeO6,2.034771226327896
RuNiAlBeO6,2.0411208922070463
RuNiAsBeO6,2.07384217498877
RuFeAsBeO6,2.0265326547897606
RuIrAsBeO6,2.0664731118153736
RePrAuBeO6,2.0418914935728654
ReNiAuBeO6,2.0415611670379286
ReNdIrBeO6,2.0206136678571247
RePrZnGeO6,2.0141153040018964
CrReNiAuO6,2.021212165962436
TeReNiAuO6,2.066469790894838
CsRbNbCrO6,2.0967551143169234
RbLiCrAuO6,2.049676740156604
RhBaOsBeO6,2.0834582192941387
RhGeSiBeO6,2.0505915432109134
RhPtNiBeO6,2.010626460286535
RhPdVBeO6,2.005813418896162
RhPmVBeO6,2.025160051801574
RhHgNiBeO6,2.0702708458894663
RhHgAuBeO6,2.0847728052938947
RhHgAuBeO6,2.042894318622481
RhZnAuBeO6,2.026221694896443
RhErVBeO6,2.062403147438593
RhNiSiBeO6,2.0253007506330163
RhNiVBeO6,2.0007506638424393
RhNdCoBeO6,2.0809422849717767
RhNdAuBeO6,2.033733677928053
RhFeVBeO6,2.0615052044921254
RhSmCuBeO6,2.05210496661414
RhSbCoBeO6,2.0247862713211746
RhCeAlBeO6,2.068284674837266
RhCuAuBeO6,2.031222154896877
RhTlAuBeO6,2.006969075237931
RhCuOsAlO6,2.0617301711023837
RhHoVGeO6,2.0813298181343893
RhKWGeO6,2.032251692268234
RhMnWGeO6,2.0651912221951236
RhNaVGeO6,2.056629828463942
RhCsTcGeO6,2.0135078790469274
RhLiTcGeO6,2.0831518534656412
RhNdVGaO6,2.0686544746484805
NbRhPtCoO6,2.056087492407318
RhNiWCuO6,2.0340442927579634
SmRhZnCoO6,2.0849374972104067
SmRhZnCuO6,2.0412365445629552
SbRhNiAsO6,2.094403452176106
RhLiIrBO6,2.0177122918818684
RhYbAuBO6,2.0549568801132585
RhIrCoAuO6,2.0483562627554606
BaNaBiSnO6,2.037094637258328
BaMgSnOsO6,2.092093767282253
BaPbZrGeO6,2.0825081114519794
BaMgMoGeO6,2.025120975885519
BaEuZrGeO6,2.011017293345079
BaCsTcGeO6,2.078980569060953
BaTlMoGeO6,2.0163435929280267
BaAgIrGaO6,2.0112903554080517
BaSrPrTeO6,2.023106444419266
BaSmPrZrO6,2.0359485982301218
BaEuSmPtO6,2.0371423018610253
BaEuTbPtO6,2.0794264718997533
BaEuPbZrO6,2.0978728412368994
BaNdCePbO6,2.006523931799226
BaSrSmPbO6,2.0466566143817935
BaNaTaPdO6,2.000577120791858
BaCaTbPdO6,2.0482462187455672
BaCdHfTiO6,2.013673501495608
BaAgHfMoO6,2.0210160996687576
BaNdMnVO6,2.046896644143726
BaSmMnTiO6,2.062927599578808
BaSmMnAsO6,2.0974446898974404
BaNiWAsO6,2.005529420631157
BaCaTbNiO6,2.0304304972179152
BaNdNbTeO6,2.0846734508264237
BaSmNbSbO6,2.0594788667824813
BaTmTbSiO6,2.004994615561122
BaCaSnMoO6,2.0999715767854217
BaTmTaCoO6,2.021162451166563
BaTlTaCoO6,2.000739459615384
BaTiCrTeO6,2.075117855730343
BaYbZrCrO6,2.0974252191326586
BiAgOsAsO6,2.057712386244341
BiPrHfGeO6,2.071884700431375
BiPdVGeO6,2.0510489152864753
BiErCrGeO6,2.0522750193544934
BiErTaGeO6,2.0620779755257113
BiErZrGeO6,2.0357951707752364
BiCoTcGeO6,2.0758968990253965
BiPdIrGaO6,2.09918014911783
BiKCoGaO6,2.077748850883595
BiFeTiGaO6,2.0464266491969356
BiTmMoGaO6,2.0131822776452823
BiTiIrGaO6,2.032989453788078
BiTmTePtO6,2.0913751881391573
BiKNbPdO6,2.098107632279354
BiMnPdBO6,2.0169652926168973
BiEuInPdO6,2.090640121985468
BiFePdBO6,2.0811841832238973
BiSmLiPdO6,2.0563120539780693
BiSbTaPdO6,2.0062638994471924
BiCdZrPdO6,2.0740713255351637
BiLuZrPdO6,2.0772612397928176
SmBiHgVO6,2.0818450349965363
BiSmScHgO6,2.045248672329479
BiScHgTiO6,2.089374850236703
BiScMnTiO6,2.093676879406431
BiTmAgMnO6,2.0442578396092412
BiCrMnTiO6,2.0850310866589776
BiLiMnTiO6,2.03578996732068
BiAgMnAsO6,2.093357996123813
BiEuZrZnO6,2.025084385514834
BiNaZrZnO6,2.0578138645223576
BiNbTiZnO6,2.061708758473768
BiSbTaZnO6,2.0084242075266103
BiCdMoZnO6,2.0572535881620744
BiTmMoZnO6,2.017607522758599
BiLuMoZnO6,2.0621764112741516
BiYbMoZnO6,2.010573859323324
BiNbTiNiO6,2.064695935760344
SmBiNiAuO6,2.067307503168415
BiSbTiNiO6,2.0279499073643565
BiCsTaNiO6,2.0244074911711767
BiSmScNbO6,2.035591622769841
BiScNbLiO6,2.056546196842593
BiScNbTiO6,2.0395765137129955
BiLiNbTaO6,2.0006543284932294
SmBiFeCrO6,2.0673979342507063
BiTaFeAuO6,2.020529448031065
BiSrCrBO6,2.087740894255087
BiSmCrBO6,2.091035250903255
BiCuTcBO6,2.069082141411731
BiCsTiSiO6,2.0202088602878163
BiLiTcSiO6,2.07431626892018
BiCsTaVO6,2.0716027586953754
BiCrTiVO6,2.016984128343012
BiCrVIrO6,2.0227104255891777
BiLuInVO6,2.0150860402236828
BiTiVAsO6,2.035373798425937
BiLaAgCoO6,2.051793038585193
BiLuInCrO6,2.052372065102802
TbBiCrAlO6,2.048924638898411
BiTaCrAsO6,2.04435977123591
BiTaCuAuO6,2.068430349190642
BiTlInLiO6,2.0195503591846373
BiYbInLiO6,2.099470927793635
GdMgNbGaO6,2.007962726100121
GdEuNbGaO6,2.04891640958241
GdFeCrGaO6,2.038677091221826
GdPdPtZnO6,2.07039910392453
GdPmMnPtO6,2.0260980320318867
GdPmTbPtO6,2.0672246438383293
GdFeTePtO6,2.010644181374996
GdNaPbCrO6,2.036140410470329
SmGdPbTiO6,2.0419192391068144
GdHoTbPdO6,2.038953939671586
GdCdZrPdO6,2.0678859164405874
TlGdHoAsO6,2.0877495834093382
GdDyHoMoO6,2.040799436310963
GdYbHfInO6,2.0473976112760934
GdEuYMnO6,2.0317256876525325
EuGdMnAlO6,2.075380757163993
GdErMnAsO6,2.093123441621892
NdGdMnAuO6,2.000053612232097
GdSmYbMnO6,2.050752661117472
GdCdZrMnO6,2.0003258685726797
GdCsZrMnO6,2.0820390196226604
GdLuZrMnO6,2.022932726219052
GdDyMnAsO6,2.033195548389708
GdNbMoZnO6,2.0932428169313835
GdSrCrZnO6,2.0296417894166296
GdYbMoZnO6,2.037608074550178
GdCdZrNbO6,2.058475973868197
GdAgZrNbO6,2.0340946185950126
GdLaLuFeO6,2.0049866687737627
GdTlZrFeO6,2.0754145887514386
GdLiTaBO6,2.0754206822903183
GdTmTbSbO6,2.0132691731756784
GdTlTbCdO6,2.0335497938871283
GdYTmAgO6,2.04266463424339
GdYTmIrO6,2.068648633312645
GdLiCrTeO6,2.087463607498352
GdLuYbCrO6,2.0545154521027853
GdTbDyCuO6,2.07986957964933
GdYbZrTiO6,2.078752712361621
GdDyTbAsO6,2.058792905810649
PrHoTmPtO6,2.062272066193727
PrMgPtAsO6,2.0550713600546207
PrKTbPtO6,2.04277767298099
PrMnPtZnO6,2.0940505057374255
PrEuCePtO6,2.0072187362866307
PrCeTbPtO6,2.048197343820671
PrTmTbPtO6,2.020625294183213
PrTlLuPtO6,2.042681905441643
PrLuTbPtO6,2.0100107561768823
PrYbDyPtO6,2.0510372317702767
PrEuCePbO6,2.0422356434651423
PrNdPbScO6,2.033093230595554
PrNdPbDyO6,2.063683222104688
PrNdPbDyO6,2.060555914970432
PrSmPbDyO6,2.026725996721114
PrPmTaPdO6,2.094373191044195
PrHoLuPdO6,2.0233098850732683
PrEuNbPdO6,2.0344029984853935
PrEuCePdO6,2.029766388043291
PrEuDyPdO6,2.039161838421815
PrNaNbPdO6,2.076473929816273
PrNdPdAsO6,2.025719286479425
PrSmCePdO6,2.0505879974389862
PrScPdAlO6,2.0033919098942725
PrCaMoPdO6,2.018876103175149
PrEuPmMoO6,2.0300783359591232
PrSrCeHoO6,2.0441242096928547
PrCeHoCrO6,2.055792618955426
PrTbHoAgO6,2.015993807461084
PrEuHfCrO6,2.0773237305942005
PrNaHfCrO6,2.067803614001618
PrNaHfTcO6,2.0949473015867466
PrTlTbHfO6,2.017084317108948
PrErZrHgO6,2.0466973161060893
PrSmDyHgO6,2.05883173318263
PrAgZrHgO6,2.020770778028252
PrEuNdMgO6,2.021934476111658
PrLaYbMgO6,2.011257925448435
PrTlLuMgO6,2.096381499804302
PrEuTbMnO6,2.0943846927478673
PrErLuMnO6,2.0042557283007554
PrErYbMnO6,2.059315096895141
PrNaMnSeO6,2.029669929054557
PrNdTmMnO6,2.08829489677853
PrFeMnTiO6,2.0107503480090894
PrCeTmMnO6,2.014211071428885
PrTmZrMnO6,2.0284652885489103
PrLiTaMnO6,2.0427868823815833
PrTlMoMnO6,2.015344151017531
PrTbDyMnO6,2.0059855498671517
PrYbMnAsO6,2.0400445435507017
PrDyMnAlO6,2.0845112408420388
PrAgMoMnO6,2.0383691258627366
PrYbWAuO6,2.0561853878668885
PrEuSmZnO6,2.0635732325141083
PrEuMoZnO6,2.0872767219459463
PrErTmZnO6,2.047007086423636
PrNdCeZnO6,2.0097494543193073
PrFeZnCoO6,2.0172448157683656
PrSrTiZnO6,2.095548186570683
PrSmCrZnO6,2.048335227098352
PrSmInZnO6,2.0326967153437376
PrTmTeZnO6,2.0435059051308753
PrTmTbZnO6,2.0518962766864606
PrTmZrZnO6,2.046074729521987
PrTmMoZnO6,2.029386707608628
PrTlLuZnO6,2.027480721264404
PrLuTiZnO6,2.002795062497956
PrNdEuCoO6,2.0914272227883264
TlPrEuAsO6,2.043613751472142
TlPrEuMoO6,2.0414952268084257
PrSrCeErO6,2.0911571637175093
PrCeErTiO6,2.0080847412674574
PrTmErTiO6,2.071205072092963
PrTbErAgO6,2.0991605231080466
PrNdSmNiO6,2.038078001518552
PrNdTmNiO6,2.0356357291998393
PrNdZrNiO6,2.0224324521792507
PrSrCeNiO6,2.099438862259389
PrSrTbNiO6,2.0188186360699247
PrTmTbNiO6,2.0352126397634587
PrLuYbNiO6,2.082319915237125
PrTiNiAuO6,2.019194721077369
PrCaNbCuO6,2.0953523307320228
PrCeNbLiO6,2.0860093865994433
PrYbNbAlO6,2.027927807177008
PrYbNbAsO6,2.0781535829807787
PrYNbAlO6,2.001209827976124
PrSmNdCuO6,2.027351620466263
PrCeNdIrO6,2.0864613463501906
LaPrNdAsO6,2.0338608682964274
PrCaInFeO6,2.0449837863013016
PrTmFeTiO6,2.016354336413479
PrTmDyFeO6,2.093556343783556
PrCrFeTiO6,2.092297725650497
PrTlTbFeO6,2.0437386423461996
PrScSnTiO6,2.0432668507196357
PrCeSmTiO6,2.070997798608606
PrCeSmIrO6,2.047052466306196
PrSbVAlO6,2.0849061415494035
PrCeYbVO6,2.0784248884504755
PrTlInVO6,2.057302136062725
PrLuTaVO6,2.0296826346912606
PrTaVAuO6,2.0788998993703687
PrDyVAuO6,2.0382543717324015
PrAgMoVO6,2.017511905926105
PrCeTmScO6,2.031790349801892
PrCeScCuO6,2.0385187317452966
PrCeScTaO6,2.0674099054913317
PrTbScTaO6,2.0892677002432203
PrAgScMoO6,2.0655737075466982
LaPrSbLiO6,2.070699010089175
PrAgSbIrO6,2.045861314375084
PrTiCoAuO6,2.0484433662813677
PrTlLuCdO6,2.0798875957117793
PrLaYCrO6,2.066468176565653
PrLiTaCrO6,2.022699481111884
PrTlMoCrO6,2.0244841599644117
PrTiCrAuO6,2.013435618242447
PrYbZrCrO6,2.016425356265745
PrDyCrAlO6,2.036781022587783
PrAgCrAuO6,2.049892225903749
PrTbZrLiO6,2.0666338539201767
PrDyZrLiO6,2.068566471316114
PrYLuAgO6,2.006223589911586
PrDyZrTiO6,2.0498283546555593
PrAgZrTiO6,2.051192936817592
PrAgMoTiO6,2.0819499706972087
PrAgMoTiO6,2.023272138321113
PrDyTbAgO6,2.0883222548501776
PrDyYbAgO6,2.0566586090913668
NbPtWVO6,2.045996357517885
FePtWCoO6,2.099574622534909
SrPtWCuO6,2.0901845008844986
TiPtWAsO6,2.0084472247777994
PtNiZnAuO6,2.062881506177775
PtCdTcBO6,2.032095230018131
CePtVCuO6,2.005590494124373
TmPtVAlO6,2.017273591462291
CrPtVCuO6,2.008421658675588
CrPtVAsO6,2.0704942622923133
PtCuCoAuO6,2.005617225232202
PbPmErPdO6,2.0817275221502056
PbHfMgPdO6,2.083429229098115
PbHfPdCoO6,2.0005765592714035
PbEuTaPdO6,2.084026481861606
PbNaMoPdO6,2.015617561426945
PbNbTaPdO6,2.0692290184337314
PbNdTmPdO6,2.0324623119435508
PbNdMoPdO6,2.0768087543236837
SmPbPdCuO6,2.0587606498138693
PbSmZrPdO6,2.0652089245211633
PbLaMoPdO6,2.063867756828755
PbTlTbPdO6,2.045398081094237
TlPbPdAlO6,2.0130758731606924
PbTlZrPdO6,2.013091261229072
PbLuZrPdO6,2.0199842312191283
PbLuMoPdO6,2.088243583512816
PbYbInPdO6,2.089504451522467
PbYMoPdO6,2.006046783133797
SmPbHoCoO6,2.0052325279417653
SmPbHoCrO6,2.025739565773764
NdPbHfCrO6,2.051590192934043
SrPbHfTiO6,2.0037852971866172
PbCdHfTaO6,2.059928530687627
PbTmHfTeO6,2.0988724562120944
PbEuTbHgO6,2.0025779013809992
PbNdZrHgO6,2.084557311484204
PbSmScHgO6,2.066048981067126
PbTlYHgO6,2.0705489672211197
PbTbZrHgO6,2.046598119041008
PbDyAgHgO6,2.0707478204937053
PbSmTmMgO6,2.0325922254403217
PbTbYbMgO6,2.075687940789051
PbTbAgMgO6,2.066524713402952
PbNdDyMnO6,2.011468016446355
PbFeMnTiO6,2.037896050114501
SmPbMnTiO6,2.0018188118978806
SmPbMnTiO6,2.0907084228392523
PbSmYbMnO6,2.0798864450893277
PbCaMnCrO6,2.0945016655622597
PbCdZrMnO6,2.008805469806692
PbTmAgMnO6,2.0663381892258283
PbTbDyMnO6,2.0293272634672057
PbErWCuO6,2.0068847705825776
NdPbWVO6,2.0049003355467554
PbFeWCuO6,2.080904816562319
SmPbWCoO6,2.0482193400920754
PbVWCuO6,2.0452416908229814
PbCsCrWO6,2.0111712733671503
PbLuTbZnO6,2.0293962266557157
PbInMoZnO6,2.087469253460338
SmPbErTaO6,2.04426799908045
PbTmErCrO6,2.0630788558918103
PbNaNbNiO6,2.093053168628262
PbSrTeNiO6,2.0889690792544213
PbCaYbNiO6,2.0006418967651953
PbTmZrNiO6,2.0215560958210452
PbLiTaNiO6,2.022426192221729
PbNdYNbO6,2.0142396817132426
SmPbNbVO6,2.0013289413283113
SmPbNbTiO6,2.0625213139579928
SmPbNbIrO6,2.020490810538876
PbCaNbTeO6,2.097283849922646
PbTmNbCuO6,2.059417521785705
PbYbNbAsO6,2.0279536033376035
PbAgNbAsO6,2.0189113457650314
SmPbFeSeO6,2.0276337676367127
PbCaTaFeO6,2.0663636058561594
PbCaFeAsO6,2.004562858421787
PbLaYbFeO6,2.0693040780776277
PbDyZrFeO6,2.0760691406573066
PbSmYbBO6,2.0906688317191757
PbAgZrSiO6,2.036318996404748
SmPbSnMoO6,2.0140195594672097
PbCaSnTcO6,2.0258485027233673
PbCaVAsO6,2.0196194746575644
PbCaVAuO6,2.098738343702786
PbTmMoVO6,2.029859108646269
PbCrVAlO6,2.084579531117899
PbCrVAuO6,2.080885249179726
PbLaYVO6,2.0052082177253636
LaPbVAlO6,2.089420581114423
PbDyInVO6,2.0699536326490473
CePbScLiO6,2.084470287625337
PbYbScAlO6,2.0481458157284247
PbAgSbAuO6,2.0640147714487083
PbTbDyCoO6,2.079396604179369
PbYbInCrO6,2.095653784538521
PbAgCrAsO6,2.075417502543297
PbYAgTiO6,2.030691841231529
PbAgInTiO6,2.0879947425907823
PbAgMoTeO6,2.0678052791478314
PbDyTbZrO6,2.092457558207348
PbAgTaIrO6,2.0757931987820117
ErPdMnTiO6,2.0660791042899462
PdFeMnCrO6,2.0036254539076697
PdFeMnTiO6,2.006658344286105
SnPdMnAuO6,2.0403264749378964
SmPdMnTiO6,2.0378515114088445
SbPdMnIrO6,2.073092805652763
EuPdWVO6,2.00039478268945
NdPdWBO6,2.0201026815105148
SrPdWCoO6,2.0549430470664096
PdCrWCuO6,2.0759445740880724
PdSrTiZnO6,2.0932461092839376
PdSmCrZnO6,2.072717248016534
PdCeTeZnO6,2.070373199206073
PdSbCrNiO6,2.0337503243914328
CePdNiAuO6,2.0031540558285803
PdCsCrNiO6,2.032220212165168
PdCrTiNiO6,2.0035023548192177
SrPdFeTeO6,2.090566982951616
SnPdFeVO6,2.0544657239971467
SmPdFeTiO6,2.0226447396985203
SmPdFeTiO6,2.048864573251053
CaPdFeTeO6,2.0665089618208867
PdCoIrBO6,2.0354869631421795
PdDyAuBO6,2.0576022692622296
SbPdVTcO6,2.0425451783125514
SbPdVAuO6,2.0137982936329486
PdCaTeVO6,2.0873580740200843
PdCdTiVO6,2.0981196357552636
CsPdVIrO6,2.063130459594326
TlPdVAsO6,2.0978085983669743
PdCeTiCoO6,2.0789059671132333
PdCuCoAsO6,2.0765422379495644
PdTlTiCoO6,2.07586098239257
YbPdCrAsO6,2.000919022474218
YPdTiAsO6,2.031088717812672
PmSmHoTiO6,2.0298069934128216
LaPmHoAgO6,2.068496242695561
PmEuHfVO6,2.087884288600428
PmNdHfVO6,2.076919083817527
PmNdHfAsO6,2.036768645525925
PmScHfCoO6,2.024664984373882
PmCsTbHfO6,2.063481287544319
PmLuTbHgO6,2.033733681209213
PmSmCeMnO6,2.005875469996264
PmScMnAuO6,2.0281801704364653
PmAgMnAlO6,2.09186342958336
PmEuMoZnO6,2.043179652791525
PmNdMoZnO6,2.0523484476719953
PmAgMoZnO6,2.009817137365039
PmSmErTiO6,2.0873093080807696
PmNaTbNiO6,2.09948469827919
PmTmZrNiO6,2.0734813124300833
PmNdYNbO6,2.004136689819218
LaPmNbAuO6,2.0281340188714156
TlPmNbAuO6,2.016185175773055
PmTbYbNbO6,2.0739508640242383
PmCeNdAgO6,2.0416571284647174
PmSmTbFeO6,2.0025824160711654
PmTlTbFeO6,2.0020410422121593
PmLiVAlO6,2.0604115216800785
PmAgSbIrO6,2.077952663363553
PmLaYbCoO6,2.0032605156626513
TlPmCeAlO6,2.035572680024878
PmTbZrCrO6,2.0381267395086193
PmAgZrCrO6,2.057837215683618
HoYbHfInO6,2.0955303358270325
HoNaZrMnO6,2.0736592573177823
HoSbMnTiO6,2.0869428340491867
HoCuWAsO6,2.0195287594464486
HoEuSnZnO6,2.0344394354837294
HoDyMoZnO6,2.0721110858113616
SmHoErTiO6,2.0743705727888084
CeHoErAuO6,2.089017360423912
HoNdTbNiO6,2.092576970800789
HoSbTaNiO6,2.059899105325451
HoCsTaNiO6,2.060946132106924
HoSrZrNbO6,2.059701488657208
HoTbNbIrO6,2.0574937507463953
SmHoFeTiO6,2.0855459725170444
HoSbTeVO6,2.0606781558941205
HoTmVAlO6,2.014760109318129
HoTmVAlO6,2.0290829398124743
HoCsTaVO6,2.058596258540245
HoTlTiVO6,2.037865773086747
HoLaDySbO6,2.0079823293544936
HoTmTbCoO6,2.076577906474957
HoTmTaCoO6,2.063841121554823
HoYZrCoO6,2.020464865569697
HoLuTmMoO6,2.040726642094573
HoLiTaCrO6,2.0440153832440795
HoLuTbCuO6,2.0545837533154536
YHoLuIrO6,2.0676930675367595
HoAgZrTiO6,2.010700745369208
HoDyInTaO6,2.0997839708866213
YHoYbMoO6,2.090899844301783
HfZrInHgO6,2.0979923847068878
HfCrMnTiO6,2.0612347896564063
HfYbZrMnO6,2.0267153563988427
HfYbInMnO6,2.005769936246349
HfNbZnCuO6,2.0615649041525983
HfSmCrZnO6,2.0889041879832146
HfAgZrNiO6,2.0841863036840946
HfSmTaFeO6,2.0604222096990297
HfLuTaVO6,2.012952845121114
HfTeCoAuO6,2.0752123945988483
HfTlTaCrO6,2.09870606005613
HfTbZrCuO6,2.0105804262925346
HfDyZrLiO6,2.0219870353351728
EuHgMnAlO6,2.064100048838126
NdHgMnAlO6,2.0411047509138225
NdHgWAsO6,2.084102104702921
CeHgWAsO6,2.0311751423639404
NdHgNbCrO6,2.0115129398373823
CeHgNbAlO6,2.0756105540014076
HgCsTcSiO6,2.0578870655512453
SmHgSnTaO6,2.041945024651187
DyHgSnMoO6,2.057220927422688
TmHgVAlO6,2.0552983634424917
YbHgCoAlO6,2.062184778744955
LuHgCrAlO6,2.0208841255339385
NdMgMnSeO6,2.004349736163699
MgTiMnAlO6,2.0790345903618186
ErMgWAsO6,2.0217778041116015
MgNiWVO6,2.0855791084143047
NdMgWBO6,2.0302806895272396
YbMgWAlO6,2.038256482387482
SmMgNbLiO6,2.0692858645599137
SmMgNbAlO6,2.009625218590247
TmMgNbAlO6,2.025112301758645
SmMgSnTaO6,2.048557870910856
TmMgSnMoO6,2.004883305991583
TlMgVAlO6,2.0427873534110352
LuMgCoAlO6,2.0965648788569875
AgMgCoAsO6,2.031282013881643
KTlNbAsO6,2.0907586103400413
MnZnWBO6,2.000679098833835
NbMnWCoO6,2.0655090390709967
SmMnWAlO6,2.079228807183179
MnVWCuO6,2.090923899002796
MnVWAsO6,2.0640778781262106
MnCrWAsO6,2.0454029128531954
LaMnWAlO6,2.0343736695449497
MnNaCrZnO6,2.027854236254472
MnNbFeZnO6,2.001651124523175
MnNbTiZnO6,2.0872962777282247
MnNdFeZnO6,2.0126158835609926
SmMnZnAuO6,2.0834429075170786
MnTmTiZnO6,2.0991920262464205
MnTlTeZnO6,2.0390827728333143
NbMnNiVO6,2.0836612706528252
MnNdTiNiO6,2.0429861636695854
MnSmTiNiO6,2.06403893755155
SmMnNiAuO6,2.05577768180698
MnTeNiAuO6,2.092122876790688
SmMnFeTiO6,2.091352807793683
MnCrFeAsO6,2.0576367046520834
MnLuAuBO6,2.0536113877474786
MnDyAuBO6,2.0141440079898745
MnYAuBO6,2.0497905141571957
MnCrTiVO6,2.0860522250485176
LuMnVAlO6,2.042744551350583
MnIrCoAsO6,2.0413331240015276
TaMnCuAuO6,2.063159097483391
WCuNiAuO6,2.041654763161492
WCuNiAuO6,2.0896959707571874
WCoVCuO6,2.0119925036011765
EuSmErCoO6,2.0224078320581387
EuTmErCrO6,2.0512246328313544
LaEuErIrO6,2.0702983479095916
LaEuErMoO6,2.0435063885924065
EuSmTbNiO6,2.0743901227189427
EuLaTbNiO6,2.0067190549384524
EuTlLuNiO6,2.019890098724013
EuScNbLiO6,2.0108051425694877
EuTmDyNbO6,2.045294863963401
LaEuNbTaO6,2.087885527280895
EuLiNbTaO6,2.071058911649295
LaEuNdTaO6,2.0214231287662505
EuSrSmBO6,2.0639321665705883
EuSmVBO6,2.0614633367257498
EuSbCrBO6,2.075849334490638
EuSbTiBO6,2.0182075673285826
EuAgSnMoO6,2.058779884751997
LaEuSmAgO6,2.060536110275146
LaEuSmIrO6,2.030258120048338
EuSbTaVO6,2.057174032721127
EuTmVAlO6,2.082065404295816
EuTmZrVO6,2.031077928582132
EuCsZrVO6,2.0474674262445545
EuLuYbVO6,2.0366493034099973
EuAgMoVO6,2.0661255091156736
EuLuScMoO6,2.0170592123826165
EuTmYbSbO6,2.023373704589851
EuCaTaCoO6,2.0620939630302897
TlEuCeTiO6,2.034506375197879
TlEuCeAuO6,2.097726509983057
TlEuCrAsO6,2.076012836678884
EuLuZrCrO6,2.0050669261138516
EuYbLuIrO6,2.0420086984500405
EuTbTiAlO6,2.0131109118973574
ErSmZrNiO6,2.0975616824307104
ErCdZrNbO6,2.006803159057504
ErTlZrNbO6,2.0038018638789725
ErTaNbAlO6,2.024230706742714
ErYbNbAlO6,2.070703075574865
ErLaTbFeO6,2.03089901029204
ErLuTbFeO6,2.0067639109841306
ErYbAuBO6,2.0731355216696246
SmErSnLiO6,2.087061224968806
ErAgZrSnO6,2.0013273649049426
ErScInVO6,2.0000626148263194
ErTmTaVO6,2.086170086643146
ErCsTiVO6,2.016097980338261
ErTlTaVO6,2.0889862658909095
ErInMoVO6,2.0921683211908713
ErYbScAuO6,2.068594629288645
CeErSbLiO6,2.096853915447513
ErYbDySbO6,2.0956581590509913
ErLuTmMoO6,2.0332504478187206
NiSrVBO6,2.0785841643026517
NiAgAuBO6,2.071566522108627
NiCsTcSiO6,2.092623909198651
SbNiVCuO6,2.0163635208513946
CrNiVAuO6,2.0669062201799244
LaNiVIrO6,2.0144168232564246
YbNiVAlO6,2.033326673774973
NdNaNbBO6,2.041153056842646
NdNaNbTeO6,2.062232310812965
NdNaNbTaO6,2.068440411644667
SmNaNbCoO6,2.0538673145716335
SmNaNbTiO6,2.0677403813682576
NaAgNbIrO6,2.0898338885950083
LaNaVAsO6,2.04671938730208
NaLiTaVO6,2.0709592702216595
NaAgTaIrO6,2.0891763673888177
ScNbFeTiO6,2.0917297016606247
NbAgAuBO6,2.0733639822775602
NbTmMoVO6,2.0251712776463853
NbCrVCuO6,2.064957585423559
NbCuVAsO6,2.002396687192044
NbLiMoVO6,2.0924644176858465
NbTiVAlO6,2.0155792772686034
YbNbVAlO6,2.0517385533260186
AgNbVAsO6,2.057437308727298
NbAgMoVO6,2.002409969762534
NbIrVAuO6,2.0572645821461593
AgNbSbMoO6,2.044160855006478
NbTmTiCoO6,2.085221455932173
NbTlMoCuO6,2.010068404036639
NdSmLuFeO6,2.007009612771299
NdTlYbFeO6,2.0421879919910033
NdTbYbFeO6,2.041319743062472
NdTbDyFeO6,2.0337083744614812
NdSmCrBO6,2.025623302611895
NdTmYbBO6,2.0139743780577226
NdCrTiBO6,2.0381927179891797
NdCsCrSiO6,2.0511494393835052
NdSbTaVO6,2.0381830007275643
NdCrVAlO6,2.0444392091465664
NdTiTeVO6,2.084785121884162
NdInMoVO6,2.005148452151602
NdYbScInO6,2.0640267931784693
NdTlLuSbO6,2.00523362623002
NdYbZrSbO6,2.025865374503352
NdCsTcSeO6,2.0625318166690243
NdCsZrSeO6,2.027505741213872
NdTlTbCoO6,2.053952486361539
TlNdCeAsO6,2.0314500295239166
TlNdCeInO6,2.0953328249625343
LaNdCrAlO6,2.0080656671209516
NdDyCrAlO6,2.089962917593329
NdTlTaCuO6,2.0497484286533023
NdAgTaAsO6,2.0886138864146724
FeScCrBO6,2.008218593620847
FeTmCrBO6,2.0851002263358502
FeLiAuBO6,2.0303335032945236
FeTlTiBO6,2.0052443190920544
FeCoVAlO6,2.0351452304395203
FeTiVTcO6,2.0981414207832754
FeTiVAlO6,2.0080372511043967
TaFeVAlO6,2.019065317137885
YbFeVAuO6,2.0564175819822395
FeTiCrAsO6,2.0793002932587585
TaFeCrAsO6,2.0868976134360864
YbFeTeIrO6,2.051804986088557
SrCuTcSiO6,2.047218288491536
SrCaSnMoO6,2.0854090668733765
SrTmZrSnO6,2.0767008136622347
SrCaTeVO6,2.0462275878326053
SrTmVAlO6,2.039172783513141
SrTlSbTiO6,2.077310001947698
SrTlSbIrO6,2.099706127746351
SrCaZrCoO6,2.036442011451393
SrLiTaCrO6,2.0987704918979775
SnCsTiVO6,2.0424436408997884
SnCrTeVO6,2.0895388228555563
SnAgMoVO6,2.0430835798087714
SnLiCoAlO6,2.019704123926596
SnLiCoAsO6,2.0093394555514674
SnLiMoCoO6,2.0130126801423454
SnTbMoCoO6,2.031773804851057
SnAgMoCrO6,2.046666604504851
SmCoVAlO6,2.071265194711041
SmCoVAuO6,2.045353745134306
SmCaTeVO6,2.092686740824922
SmCeVAuO6,2.044157295285513
SmCdVAlO6,2.042233611682732
SmCsTeVO6,2.0613876735286203
SmCsTaVO6,2.051022229873189
SmCrTiVO6,2.0446499992350646
SmTlTbVO6,2.077712591893164
SmTlZrVO6,2.0757295253826116
SmTlMoVO6,2.089908548492596
SmLuInVO6,2.046704043118818
SmTiTeVO6,2.0944683322701385
SmAgVAuO6,2.0987519525703267
SmCaScCrO6,2.051278639065534
SmCaScTaO6,2.050254041764823
SmLuScTiO6,2.0861113270399643
SmTmLuSbO6,2.087166717224998
SmCsIrSeO6,2.0572963327048206
SmCaTmCoO6,2.0834671985799833
SmCeCrCoO6,2.0218588241511366
SmTlTiCoO6,2.0701097146212426
SmCeCaTiO6,2.07106465175103
LaSmCeTiO6,2.0531690969712493
TlSmTmAgO6,2.0148100207007977
SmYbTmAgO6,2.071404684558894
SmTlYCrO6,2.084571248397614
SmTbDyCrO6,2.084149984018295
SmLaDyCuO6,2.029841167673868
SmTlTbCuO6,2.0260831965414803
SmTiCuAuO6,2.034203135630547
SmYAgLiO6,2.054816660398723
SmTbLuMoO6,2.07262364941447
SmYbMoTiO6,2.000121389311209
SmDyZrTiO6,2.0958090670830445
SmAgTiAlO6,2.0755439391657022
SmTbTeAuO6,2.0278802713448556
SmYbTbIrO6,2.059681677021586
SmAgZrTaO6,2.0194959091590112
ScCeTaCoO6,2.0434159705653028
ScDyInTiO6,2.094286793448555
ScDyMoTiO6,2.0238665498372646
SbLaTiCoO6,2.035110053966193
SbLuTaCoO6,2.061443161330319
TlCaCrAlO6,2.066910000707594
CaYbTaAsO6,2.0785480326901116
CeTbTmAgO6,2.015437458520466
CeDyTmIrO6,2.0925530728757082
CeLaYbCuO6,2.006007946822244
CeYbTbInO6,2.0984874486075253
AgCdCrAlO6,2.0990963692177598
CdDyZrTaO6,2.0025385688922652
TmLaYbCrO6,2.07382726614612
TmYbMoCrO6,2.0354289512504655
TmDyZrCrO6,2.033044286517756
TmDyZrCrO6,2.0674053173898153
TmAgMoCrO6,2.0185995992482084
TmAgZrTiO6,2.096867826578052
TmAgInTiO6,2.0090827397631204
TmInMoAlO6,2.0547842974963553
CrIrCuAuO6,2.0495445614603014
LaYbLuAlO6,2.097372022662432
LaTbTiAlO6,2.035793372570908
LaDyZrTiO6,2.0844282690325997
YLiTcAlO6,2.010102541004693
AgLiTcAsO6,2.0764362801284206
AgLiTaMoO6,2.0943039521650104
TlYbTbAgO6,2.0829121291563593
LuYbTbAuO6,2.0166908617577115
YInMoAlO6,2.045511560903457
GdBiRuBeO6,2.099930049028437
BiCrRuBeO6,2.0691040704658263
TlGaRuBeO6,2.0273517882685153
PrNaRuBeO6,2.091515229210656
NbPtRuBeO6,2.0770198723310385
PtCuRuBeO6,2.089153049365976
TaPtRuBeO6,2.011117668109139
PbTaRuBeO6,2.070060095654844
EuVRuBeO6,2.09400380080915
TiNiRuBeO6,2.0011336201022516
NbCuRuBeO6,2.039003170059416
LaFeRuBeO6,2.089371915694899
MoFeRuBeO6,2.0708700747207995
SmAgRuBeO6,2.061166861652241
LaAgRuBeO6,2.000086556454296
SmCsBiRuO6,2.077565360827709
LiAuPtRuO6,2.09911520780515
TbYbHoRuO6,2.018164461687113
EuCaHfRuO6,2.0495442070431116
NdSrHfRuO6,2.015814649619949
SmTmHfRuO6,2.0939864631813596
TmTlHfRuO6,2.0506407381133873
ScTlMnRuO6,2.081599096092506
SmTlEuRuO6,2.070874305251306
NdYbErRuO6,2.0959765286929017
TmTlErRuO6,2.0495541551902425
LuAuNiRuO6,2.0232538075356636
SnSmNbRuO6,2.0497296659153568
CaYbNbRuO6,2.0934293360462877
TmLuNbRuO6,2.0059517536799865
CoCuRuBO6,2.0021398604563867
CoLiVRuO6,2.0071544830689567
LuAuVRuO6,2.0279864384956996
YbDyScRuO6,2.07838974493897
TmAgCoRuO6,2.002920110837196
LuTbTmRuO6,2.043645874029062
TiPtReRhO6,2.027356089485901
TaPtReRhO6,2.0608554450662058
PdAuReRhO6,2.036640554534226
PmNiReRhO6,2.0044201231237007
NiVReRhO6,2.0884908592065203
LiAuReRhO6,2.0352609166388316
YbAuReRhO6,2.0058207587706414
YAgReRhO6,2.0041168144627504
BiFeReBeO6,2.0088678771581443
GdMnReBeO6,2.0086293329428972
PrInReBeO6,2.096390989802747
LuPtReBeO6,2.009194540602298
PbTiReBeO6,2.0995492131075713
SmPdReBeO6,2.02140583556556
PdCuReBeO6,2.043287661304551
AgPdReBeO6,2.0874259891507787
EuVReBeO6,2.05682768863403
ErTiReBeO6,2.092110530377794
ErYbReBeO6,2.000228451811676
NiIrReBeO6,2.073568601662621
MoNiReBeO6,2.0730776736341174
NdTiReBeO6,2.092823220740966
SmFeReBeO6,2.076421945677452
TbFeReBeO6,2.0908489601994247
SmYbReBeO6,2.042478394975807
VCoReBeO6,2.076463649656469
LuVReBeO6,2.05487201693437
SbTaReBeO6,2.091680200391486
CrCoReBeO6,2.092768365162124
CeMoReBeO6,2.064773519726647
DyCuReBeO6,2.0163419686215804
DyTiReBeO6,2.043413829541551
TeAuReBeO6,2.01931659431037
YbAuReBeO6,2.0807488586117477
IrAuReBeO6,2.077383298965641
PtCuReGeO6,2.090428627955166
PbLiReGeO6,2.0754926736872052
LaPdReGeO6,2.0634918213206164
TlPdReGeO6,2.023145869844719
PmMnReGeO6,2.0982527095445844
ScMnReGeO6,2.0781961530639648
MnTiReGeO6,2.0698970040108255
WCuReGeO6,2.0815192626147048
EuCoReGeO6,2.0803090370370794
EuTiReGeO6,2.003416527027109
NdCoReGeO6,2.091904025432303
FeCuReGeO6,2.091962336317412
LaFeReGeO6,2.0398540750217458
TaFeReGeO6,2.0202670057793903
SrTlReGeO6,2.023799019084936
SrYbReGeO6,2.0574114767374323
SnCuReGeO6,2.019807855059863
SmVReGeO6,2.095951728446296
SbVReGeO6,2.022029065457416
VCuReGeO6,2.0515227387051835
LuSbReGeO6,2.0777555147714755
SbTiReGeO6,2.0315879096598457
TmCoReGeO6,2.0860190693902467
TbCoReGeO6,2.0719798098182465
DyCoReGeO6,2.0337763961844515
TmMoReGeO6,2.069123217983162
LaCrReGeO6,2.040255803650446
MoCuReGeO6,2.0668675704869153
FePtReGaO6,2.0605273565997826
PmMnReGaO6,2.0612724192647356
AgMgReGaO6,2.093899686716276
MnCuReGaO6,2.0985996419611466
EuCuReGaO6,2.010821743906316
EuAgReGaO6,2.0134509173040036
TmCuReGaO6,2.0064343814811765
TlAuReGaO6,2.0401742494961583
EuSmPrReO6,2.0808088529665763
EuTlHfReO6,2.052757425888369
TmYbHfReO6,2.070939099823493
NdCsMnReO6,2.0237195768811738
CrAgMnReO6,2.0941545092264433
EuNdReZnO6,2.0533607034540164
ErNbReZnO6,2.0312276102301863
ErInReZnO6,2.0210818249466196
SbNiReZnO6,2.0009880226648455
LaNiReZnO6,2.0512221472120515
AgNiReZnO6,2.015351579512589
NdFeReZnO6,2.0054645989364497
NdIrReZnO6,2.037380348216518
NdMoReZnO6,2.0930540168426672
TaFeReZnO6,2.0357950702512944
SbCuReZnO6,2.055684837873557
TlSbReZnO6,2.0182333568579693
YSbReZnO6,2.094963066768581
CrCoReZnO6,2.007478728714362
TmTbReZnO6,2.0888852108568674
TmAgReZnO6,2.0716361538855974
TmAuReZnO6,2.0625395964946494
LaCuReZnO6,2.0932061506943387
TlTaReZnO6,2.031258901740559
TlInReZnO6,2.016641268861104
LuInReZnO6,2.0603548075177454
AgTiReZnO6,2.029430984552443
MoTiReZnO6,2.018016147073531
AgAuReZnO6,2.0241471109859193
SmFeReNiO6,2.007766149489051
FeVReNiO6,2.0443598223769746
FeAuReNiO6,2.0265838502701823
SmCuReNiO6,2.0921329546620595
CeAuReNiO6,2.027089325264941
CrCuReNiO6,2.0653284928974673
TiCuReNiO6,2.017084402153742
TiCuReNiO6,2.0566418219186318
AgCuReNiO6,2.021726521575058
LuAgReNiO6,2.0221840769880624
TiAuReNiO6,2.008306805403206
LaTlNbReO6,2.004296472563321
TlLiReBO6,2.0632292825192398
VAuReSiO6,2.031041876276826
YLiReSiO6,2.0014684494515484
TiAuReSiO6,2.019258508952764
ScTlSnReO6,2.0194703709430875
SbCsSnReO6,2.0610788051537288
ScCuReVO6,2.085935579346971
ScCuReVO6,2.053975812789534
CoCuReVO6,2.0140437776025584
TmAuReVO6,2.0856463556703284
MoCuReVO6,2.0758662787008526
TlAuReVO6,2.0786623156248245
InIrReVO6,2.01004844030448
MoAuReVO6,2.0294576415134427
CaAuReCoO6,2.0709360500042213
TlTmReCoO6,2.064972407238832
LaCuReCoO6,2.026115491803277
CuAuReCoO6,2.0891538199963633
LuAuReCuO6,2.037593306266776
TcAuReCuO6,2.0148579823263186
MoAuReCuO6,2.0587910007233576
PrAgRhBeO6,2.0369892336876174
PtCuRhBeO6,2.023692807931414
PbYRhBeO6,2.056047431543733
PbAgRhBeO6,2.0096438778039545
PdNiRhBeO6,2.0109248353273883
EuMnRhBeO6,2.036970285775643
TbMnRhBeO6,2.0429585374937878
AgMnRhBeO6,2.0477795788506596
ErNiRhBeO6,2.05190921851366
NiVRhBeO6,2.0903326610933566
NbLiRhBeO6,2.089222712908887
NdCoRhBeO6,2.001647703250452
MoFeRhBeO6,2.0058080626886605
SmMoRhBeO6,2.078575673633803
CoAuRhBeO6,2.0970996228218826
MoCuRhBeO6,2.070318926518382
MoCuRhBeO6,2.045872267929476
GdErBiRhO6,2.045450455640721
HoAgBiRhO6,2.0747798476953565
EuNdBiRhO6,2.0609355494471644
ScLuBiRhO6,2.0191285062061226
TmTlBiRhO6,2.0298555599139343
TmAgBiRhO6,2.0625470223448876
PrAgRhGeO6,2.035100918542917
CdMgRhGeO6,2.0065398758017143
SmMnRhGeO6,2.0025368021905265
EuAgRhGeO6,2.0800310480232764
TiNiRhGeO6,2.074669943380173
ZrNiRhGeO6,2.0299166313839168
NdLiRhGeO6,2.078956643985417
TbFeRhGeO6,2.0157519036220046
SrAuRhGeO6,2.0936639433441897
SnLiRhGeO6,2.0234807202968397
SmTiRhGeO6,2.0911268555422966
SbAuRhGeO6,2.0341884085758455
TbYbRhGeO6,2.0093871640926975
YbAuRhGeO6,2.041087102828192
YbAuRhGeO6,2.084297468280747
PrMnRhGaO6,2.0471603220094687
SbPtRhGaO6,2.0813763388646938
ZrPtRhGaO6,2.0511635063666795
PbPdRhGaO6,2.098623907465444
PbAgRhGaO6,2.0339436909813218
PdNiRhGaO6,2.0235805219128378
YbPdRhGaO6,2.0032217664620204
AgPdRhGaO6,2.0330100440367294
HoLiRhGaO6,2.0151463177940006
NdMnRhGaO6,2.071701269858099
YbMnRhGaO6,2.0447762299021797
DyMnRhGaO6,2.053203079595713
TbZnRhGaO6,2.068370558594216
EuFeRhGaO6,2.0898908741625375
LaEuRhGaO6,2.0195461073857213
ErDyRhGaO6,2.01521110555678
FeCoRhGaO6,2.02502855317839
SrCdRhGaO6,2.0799808336257497
CeVRhGaO6,2.0485084310014225
VCuRhGaO6,2.010063448280811
VAuRhGaO6,2.0364596286427834
CoIrRhGaO6,2.086604116497692
TlCaRhGaO6,2.080838372998682
YTiRhGaO6,2.019971671922739
YYbRhGaO6,2.0424184941529155
PbNaRhPtO6,2.026844142828094
NaAuRhPtO6,2.0214144397346145
EuSmPmRhO6,2.0029701227703622
ErTlHoRhO6,2.083524161432477
SmCeHoRhO6,2.0281279547930375
SmCsHoRhO6,2.082576525567345
EuAgHfRhO6,2.039688714971032
ErSrHfRhO6,2.067523575085607
NdYbHfRhO6,2.012514258849781
SmYbHfRhO6,2.0005552615094286
TmAgHfRhO6,2.0666775342074746
NdInMnRhO6,2.0397168481672607
TlAuRhWO6,2.0493917422837225
TmNiRhZnO6,2.026666901243899
NbFeRhZnO6,2.0017919444484886
FeCoRhZnO6,2.0983934951454746
TeVRhZnO6,2.0311448926681974
VAuRhZnO6,2.096529591662636
TlScRhZnO6,2.01933606786138
NdDyErRhO6,2.067453233210362
NdCsNbRhO6,2.0987929463623383
SmTmNbRhO6,2.0803636378673893
SmDyNbRhO6,2.085987772470823
SbMoNbRhO6,2.0460812900021157
CdDyNbRhO6,2.0567261004309896
TbInNbRhO6,2.006015288534605
YbAgNbRhO6,2.020176634916258
AgMoNbRhO6,2.079842327707103
SbTlFeRhO6,2.088360454011806
LaTlFeRhO6,2.030459364377986
ScCuRhBO6,2.0643683628678344
CaCuRhBO6,2.0291633514409604
LaCuRhBO6,2.0052940930680165
TaCuRhBO6,2.024833951631501
TmAgRhSiO6,2.0948120578633525
ScAgSnRhO6,2.054484399619994
SbYbSnRhO6,2.0821118468441577
CsLiRhVO6,2.01111897619487
TmCuRhCoO6,2.0211109564271297
CrIrRhCoO6,2.0094748721128948
YAgRhCoO6,2.0064715624428424
PrScBiBeO6,2.0477412763583867
SmYbBiBeO6,2.0747388050766555
SmYBiBeO6,2.0850403789827947
TlDyBiBeO6,2.0218953067675107
TbYbBiBeO6,2.0136341360582475
GdPmOsBeO6,2.065489679331554
GdCuOsBeO6,2.011405581976211
GaFeOsBeO6,2.010161838991395
PbFeOsBeO6,2.045204864274065
HoMnOsBeO6,2.0450434865228186
HoCrOsBeO6,2.025097732853035
HoTiOsBeO6,2.0467028624360415
HfCsOsBeO6,2.061403279030588
EuYbOsBeO6,2.0791134099220234
ErTiOsBeO6,2.0259782417415257
NbSrOsBeO6,2.090576473866244
NbCuOsBeO6,2.077014028333049
FeSmOsBeO6,2.0796907354894185
FeScOsBeO6,2.029056175408984
FeLaOsBeO6,2.0346735031567675
SnTlOsBeO6,2.0252857610730293
SmCoOsBeO6,2.0847295646177115
SmCuOsBeO6,2.0232829670786217
SmAgOsBeO6,2.031982114054262
ScCaOsBeO6,2.0437140233125093
ScMoOsBeO6,2.037404628065568
SbCrOsBeO6,2.051660074918987
SbTaOsBeO6,2.0302416463300363
CoCuOsBeO6,2.0956580629827295
CeTaOsBeO6,2.006219362000886
CrCuOsBeO6,2.01639973134204
CrCuOsBeO6,2.01962752922912
CuTiOsBeO6,2.017692438925641
TiAuOsBeO6,2.0818184270252176
PbTiGeBeO6,2.0177911990691375
PdCaGeBeO6,2.0678719220578268
HoLaGeBeO6,2.0489293558301154
HoIrGeBeO6,2.0705363344018037
HfFeGeBeO6,2.065983485900612
MnNdGeBeO6,2.072850559029545
MnFeGeBeO6,2.048852364227785
FeLaGeBeO6,2.076447460935896
SmYbGeBeO6,2.0740756201338866
VCoGeBeO6,2.0231083177516207
VYGeBeO6,2.0119323566606133
VIrGeBeO6,2.084952565607993
ScAuGeBeO6,2.0412857108155773
TmDyGeBeO6,2.000368672035967
CrYbGeBeO6,2.083830704376433
CrAuGeBeO6,2.081363333007325
TlDyGeBeO6,2.0470405114573165
YMoGeBeO6,2.069896529576384
AuInGeBeO6,2.039365331694445
PbScGaBeO6,2.003118450782265
MnEuGaBeO6,2.0571549149240678
MnNiGaBeO6,2.0467570997265354
NiTlGaBeO6,2.0482526545832216
EuSmPrBeO6,2.0162278189717253
PbHgPtBeO6,2.0149451928427653
PbNaPtBeO6,2.0110606249097223
PdKPtBeO6,2.0181751185273775
PdMnPtBeO6,2.0245916154013455
PdNbPtBeO6,2.0866745820023085
PdLaPtBeO6,2.0054404104422807
HoMnPtBeO6,2.0704311543945644
HoVPtBeO6,2.0915450861088645
HoCoPtBeO6,2.029509019528038
HoLaPtBeO6,2.0508618375069485
HfTlPtBeO6,2.026214269451089
MnCoPtBeO6,2.087594607290186
MnTaPtBeO6,2.032694947100114
ErCuPtBeO6,2.0565790733871046
NiVPtBeO6,2.0532299531212903
NiAgPtBeO6,2.010341030504197
NbTiPtBeO6,2.044275443686464
FeYbPtBeO6,2.0473083934330694
SnSmPtBeO6,2.006903656613454
SnLiPtBeO6,2.024356236497134
SmTiPtBeO6,2.0508701854250915
VTiPtBeO6,2.0493801663974605
ScTmPtBeO6,2.091424800412287
ScCuPtBeO6,2.0081118139449448
ScLuPtBeO6,2.020037277286692
CoIrPtBeO6,2.0679046280377382
CeTiPtBeO6,2.0299456465488936
CeIrPtBeO6,2.0153390225002004
CrLaPtBeO6,2.030387163207499
CuInPtBeO6,2.0931331511330136
TlTbPtBeO6,2.0614128237500444
TiDyPtBeO6,2.0841436671650055
TiAgPtBeO6,2.009336606576693
TaMoPtBeO6,2.093734481264064
YbAuPtBeO6,2.074235668864191
PmYbPdBeO6,2.0500102196372336
HfNbPdBeO6,2.0330830918961116
MnSmPdBeO6,2.0853096103954423
MnCrPdBeO6,2.0467000994984854
MnTaPdBeO6,2.004586993167674
NbSmPdBeO6,2.070556547901768
NbTlPdBeO6,2.0307267922236214
NbMoPdBeO6,2.028060038009575
NdYbPdBeO6,2.007479085014463
SnTiPdBeO6,2.0802534062905176
SnTbPdBeO6,2.03681294345313
SbYPdBeO6,2.038872029082448
CeZrPdBeO6,2.0182882133203184
CrTiPdBeO6,2.0513793891985097
CrTbPdBeO6,2.0467621601517227
TlInPdBeO6,2.073445603739771
TiDyPdBeO6,2.0234218995812916
EuScHfBeO6,2.035498376210509
ErYbHfBeO6,2.0834501732700215
SmTlHfBeO6,2.0270409242000427
SmInHgBeO6,2.0884337698723243
SmZrMgBeO6,2.0527259956391704
EuSmMnBeO6,2.0130728014993764
NbFeMnBeO6,2.0671391684461162
NbTiMnBeO6,2.096524565141104
NbTbMnBeO6,2.05971892520278
NdInMnBeO6,2.034290093304599
FeSmMnBeO6,2.03462046509353
SmSbMnBeO6,2.0472482743395304
SmCrMnBeO6,2.0353254700241568
SmCrMnBeO6,2.080357147891588
SmTaMnBeO6,2.0489158514574415
SmAgMnBeO6,2.052338173162476
CrDyMnBeO6,2.0320809207157926
CrAgMnBeO6,2.0111359604451873
TaInMnBeO6,2.0160077368089753
ZrInMnBeO6,2.002328249285222
NiTaWBeO6,2.040730897819295
NbSmWBeO6,2.022261993449306
SnVWBeO6,2.026863924739117
SnCuWBeO6,2.0603079948180762
TmLuWBeO6,2.099504388129361
TmAuWBeO6,2.0936100661717427
LaAuWBeO6,2.013675040662569
TbYbWBeO6,2.0602393928989966
TaAuWBeO6,2.077279878881041
YInWBeO6,2.011833797559455
NiNbZnBeO6,2.042349422581232
NbTcZnBeO6,2.071331875826744
NbDyZnBeO6,2.0945140890331193
NbAuZnBeO6,2.056364840797631
SmVZnBeO6,2.0016836939195204
SmTaZnBeO6,2.058046674243188
SbCuZnBeO6,2.0495482951785613
TcInZnBeO6,2.0769739084437724
TaDyZnBeO6,2.0328707634048007
FeTaNiBeO6,2.078739721137412
SnCoNiBeO6,2.0249782284334237
SnDyNiBeO6,2.0718056729200756
SnMoNiBeO6,2.0817600297740895
SmScNiBeO6,2.050694133432097
SmAgNiBeO6,2.0502924289733744
VCrNiBeO6,2.034419619893327
ScIrNiBeO6,2.0317083868677126
CoTmNiBeO6,2.013177667369799
CoCrNiBeO6,2.061315767334813
CoLaNiBeO6,2.0631599612284552
CoTbNiBeO6,2.0735591766097277
TmYbNiBeO6,2.036056550411704
TmYNiBeO6,2.029719451043966
CrLuNiBeO6,2.0650160376970383
CrIrNiBeO6,2.0977150938980267
LaIrNiBeO6,2.000638603305782
TiTcNiBeO6,2.069409058055088
TeYbNiBeO6,2.099071706415198
TeAgNiBeO6,2.0327463044083824
TbYbNiBeO6,2.036279943175658
TcAgNiBeO6,2.0931401584102702
YbInNiBeO6,2.034321347608024
DyAuNiBeO6,2.022118255119762
SmTlNbBeO6,2.055984121482488
SmAgNbBeO6,2.0349038899701566
SbTmNbBeO6,2.057743162785882
TaDyNbBeO6,2.064343722908668
DyAgNbBeO6,2.057873294874541
InMoNbBeO6,2.0648088170303347
TmMoFeBeO6,2.091605906698086
CrTbFeBeO6,2.0262695142272675
LaAgFeBeO6,2.0809876928583955
TlDyFeBeO6,2.025921535515784
VAgSiBeO6,2.03633443800387
SeTiSiBeO6,2.0218784014256848
CoTmSiBeO6,2.0076270453605667
TlAuSiBeO6,2.088436601745451
TiYSiBeO6,2.0889550343045595
TiAlSiBeO6,2.020760591516901
TaAuSiBeO6,2.0456993154762264
LaYbSnBeO6,2.0820891673376622
ScInVBeO6,2.062321837442854
SbDyVBeO6,2.022519398982189
SbYVBeO6,2.0733786299543078
CoTbVBeO6,2.0223476865355656
CoDyVBeO6,2.0053124068778185
CoMoVBeO6,2.086218405107068
CeCrVBeO6,2.0707765569655834
CeInVBeO6,2.035280580217578
TmYbVBeO6,2.059533400778818
CrAgVBeO6,2.021982539376857
CuDyVBeO6,2.0207209060435773
LuDyVBeO6,2.074043100241995
TiIrVBeO6,2.0757317886342412
TaYbVBeO6,2.0405190945228022
TaIrVBeO6,2.029722070347637
TaMoVBeO6,2.0329010105543905
DyIrVBeO6,2.020228810775522
ZrMoVBeO6,2.0897863141587254
CrDySeBeO6,2.0581843747084028
CuTaSeBeO6,2.0720136662692923
LuAgSeBeO6,2.026633389342332
AlInSeBeO6,2.084672168529971
TmIrCoBeO6,2.077193195178603
CrDyCoBeO6,2.028076939820179
LaTaCoBeO6,2.0991347061447345
LaMoCoBeO6,2.005175754708326
TbInCoBeO6,2.0923660597094376
TcAgCoBeO6,2.046701508188657
YbMoCoBeO6,2.006889890163064
LaTiCrBeO6,2.0205496132934173
TeDyCrBeO6,2.0430735492937155
TbYbCrBeO6,2.081290383168157
TaMoCrBeO6,2.0443635035599725
TiIrCuBeO6,2.0919235936886835
TcAgCuBeO6,2.0956436555633267
IrZrCuBeO6,2.0735125175540325
DyAgTiBeO6,2.030191258087254
DyInTiBeO6,2.0949744966303694
AgInTiBeO6,2.0717618432935603
TaDyTeBeO6,2.012764554721097
DyInTeBeO6,2.0166826633393606
TaYbTcBeO6,2.065053550000276
InMoTcBeO6,2.001272243110501
ZrMoTaBeO6,2.0420904250174545
PrSmGdBiO6,2.0549665713749983
LaYGdBiO6,2.032168915579455
SmCsPrBiO6,2.087469441622909
SmAgBiPtO6,2.023787407903349
TlPmBiPdO6,2.0633529134598354
SmYbBiPdO6,2.073678135352644
TmAgBiPdO6,2.094642196813044
EuLuHoBiO6,2.0065111158572027
ErTbHoBiO6,2.073070096988171
LaTlHoBiO6,2.0322643215053486
EuErBiHgO6,2.016998244309601
LaTmBiHgO6,2.052395582629496
LaAgBiHgO6,2.080889379692643
TlLuBiHgO6,2.031743444662451
TbAgBiHgO6,2.0891783392216956
SrCaBiMnO6,2.0036667801633725
SmCaBiMnO6,2.0494392753562813
SmTmBiMnO6,2.047749944358779
TlAgBiMnO6,2.002323450042334
SmDyErBiO6,2.06530152788347
TlTbErBiO6,2.0836185739873487
NdTmBiNbO6,2.0590394077993
LaNdBiNbO6,2.0495957501346576
SmCeBiNbO6,2.0029161307780288
LaCeBiNbO6,2.086983415455887
LaYbBiNbO6,2.03975027713156
SmDyBiFeO6,2.004206711906178
DyScBiVO6,2.011772548091286
LaYbBiVO6,2.0293582493463864
TbAgBiVO6,2.047306242978394
TmDyBiScO6,2.067320709680815
DyAgBiScO6,2.0524347551658875
CeYbBiSbO6,2.056895782372048
LaAgBiSbO6,2.0865043666071355
LaTmBiCoO6,2.0974308890695608
TmLuBiCoO6,2.041726461759811
TlAgBiCrO6,2.053567168466576
TbYbBiTiO6,2.0458602580939265
TbAgBiTiO6,2.048336234899808
PbLiOsGeO6,2.0570137467376814
NbCoOsGeO6,2.0486481905121896
MoFeOsGeO6,2.0466254980044236
PbYbOsGaO6,2.0062320508068425
SmNiOsGaO6,2.0546828422791843
AgVOsGaO6,2.0599216330886385
CrCoOsGaO6,2.082477978415758
CaCrOsGaO6,2.045798740839487
CrCuOsGaO6,2.0037628199766666
TiCuOsGaO6,2.0585104132517293
ScAuOsBO6,2.032143620433633
YYbOsBO6,2.01502858926926
YAuOsBO6,2.078192473746002
CsAuVOsO6,2.0706498195072944
TaAgTeOsO6,2.0623735094462026
YbAgTeOsO6,2.0642642780477853
MnNaPtGeO6,2.0388773655145527
MnEuPdGeO6,2.0089634476824734
MnNdPdGeO6,2.009861963304531
EuCsPdGeO6,2.0822871589770657
NbAgPdGeO6,2.0864984885100153
SnScPdGeO6,2.0601287064307896
SnMoPdGeO6,2.0278085135398847
SmTmPdGeO6,2.055768343912173
TmCrPdGeO6,2.064624200890938
CrTiPdGeO6,2.0824362911599357
CrInPdGeO6,2.0109984092223496
TlTbPdGeO6,2.0306018107577097
TbDyHoGeO6,2.045425563192747
ErTbHfGeO6,2.0952713939952803
SmZrHgGeO6,2.070831404862726
SmInHgGeO6,2.000856799317013
CeTbHgGeO6,2.080984851978352
FeTbMnGeO6,2.05077055953082
SbLaMnGeO6,2.0019569624480673
CrInMnGeO6,2.09489823746224
TbInMnGeO6,2.0533166194882377
YbMoMnGeO6,2.052073727224737
ErAgWGeO6,2.013161149149702
ErIrWGeO6,2.014677937930546
NiLaWGeO6,2.0813021554226983
NbCuWGeO6,2.012307160636535
FeTiWGeO6,2.0609131894615547
FeYbWGeO6,2.0062454735888053
SrCaWGeO6,2.0709574333273855
SrAuWGeO6,2.038162906252561
SnYbWGeO6,2.081263687006105
SmCuWGeO6,2.095000792778475
VYbWGeO6,2.0460046874388
SbCuWGeO6,2.0020163247420215
CoCaWGeO6,2.031167395976316
CeCdWGeO6,2.0280267654629065
CdLiWGeO6,2.0025801128212097
TmAgWGeO6,2.033846281732249
TmAuWGeO6,2.003338311810767
CrLiWGeO6,2.0386938705842153
CrYbWGeO6,2.0435658676213335
LuIrWGeO6,2.087404279828926
TaAgWGeO6,2.021764319157822
TaAuWGeO6,2.0723513504842574
DyAuWGeO6,2.054672881660272
YMoWGeO6,2.0637168901871825
NbLaZnGeO6,2.0910561821351155
SmIrZnGeO6,2.0764257874390055
TeTaZnGeO6,2.0277379008963727
NdInNbGeO6,2.079204702739686
TlLuNbGeO6,2.079049455258396
LuAgNbGeO6,2.0764582795060007
SnDyFeGeO6,2.0603836993511178
SmCrFeGeO6,2.0739622788480543
SmAgFeGeO6,2.069941795186171
TiTeFeGeO6,2.001046624004755
CoAuVGeO6,2.0097357160900415
TmAgVGeO6,2.0574280415814665
TlTaVGeO6,2.0645727364864577
TiTeVGeO6,2.013721705981769
TcTaVGeO6,2.066685526757483
IrMoVGeO6,2.0107488783373175
TiYbCrGeO6,2.028203236911451
TiYbCrGeO6,2.0203686021550697
TeZrCrGeO6,2.0113809637641014
TaInCrGeO6,2.0249170490977257
TaMoTiGeO6,2.0952986674929197
YbAgTaGeO6,2.0966298761049487
YbAgTaGeO6,2.019529557323966
YMoTaGeO6,2.0293268068002357
SmYGdMnO6,2.0605204737405622
NdYGdNbO6,2.077745464070434
PmCsPtGaO6,2.080213535470552
CoTiPtGaO6,2.094155503895345
HfSrPdGaO6,2.0441616461537793
MnNbPdGaO6,2.0827815278784003
MnTiPdGaO6,2.037996463454609
MnYbPdGaO6,2.0786060612700643
SmCsPdGaO6,2.024223294809633
LaYbPdGaO6,2.04771441190651
TaYbPdGaO6,2.092423046647956
CeLaPmGaO6,2.0825688776945435
EuCaMnGaO6,2.096874495580559
TeAgMnGaO6,2.0320419637694065
NiLiWGaO6,2.039208002963497
SrCaWGaO6,2.058773812666158
SrCuWGaO6,2.051795173369389
SmCuWGaO6,2.0418065358086523
CeAuWGaO6,2.01073277058933
CuDyWGaO6,2.0319039575966644
LaAuWGaO6,2.028391149534123
FeCdNiGaO6,2.0345244510765195
SrTmNbGaO6,2.085250685452831
SrYbNbGaO6,2.0977445941329877
SnCaNbGaO6,2.0317392607593456
SmCaNbGaO6,2.061941992798509
SbLuNbGaO6,2.0071515900777905
LuDyNbGaO6,2.0649736207293476
TaYNbGaO6,2.0269856762503236
YbAgNbGaO6,2.051910708142478
CeCrVGaO6,2.0371141185553148
CrTiVGaO6,2.094836193796707
CrAgVGaO6,2.043184516667951
CuLuVGaO6,2.016257332780628
TiAgVGaO6,2.0258510279477404
TcYbVGaO6,2.0384244275210106
YbInVGaO6,2.0689309728384684
IrAuVGaO6,2.0709985581378896
CeYbScGaO6,2.016569772948085
LuYbCrGaO6,2.039048063300885
TlEuPrPtO6,2.011649931542941
SmCePrPdO6,2.077785368070077
SmCePrMnO6,2.0441400178055047
TlEuPrZnO6,2.0130013875476935
TlNdPrNiO6,2.00370939872774
TlNdPrNbO6,2.0880594942526605
LaTlPrVO6,2.048695448586678
LaTlPrCoO6,2.019795005447923
LaTlPrCuO6,2.033673592974683
EuTbHfPtO6,2.057846990495641
SmCdHfPtO6,2.0553790486650443
EuYbMnPtO6,2.0999229572824167
EuYMnPtO6,2.053078109779428
SnLiMnPtO6,2.0938761221133197
SmTlMnPtO6,2.031517709334559
SmTiMnPtO6,2.035774866404571
SbTlMnPtO6,2.0127564927472257
CrMoMnPtO6,2.031017547255406
LaTlMnPtO6,2.07197547173052
TbTaMnPtO6,2.096711319874252
TbYbMnPtO6,2.0628045355646725
EuCoPtZnO6,2.0831405173846043
TlEuPtZnO6,2.0401328957111162
NdNiPtZnO6,2.054036829601861
TmNiPtZnO6,2.0519519320239086
TaNiPtZnO6,2.087045641907976
AgNiPtZnO6,2.0593206061922764
FeTiPtZnO6,2.0846077953483904
MoFePtZnO6,2.0040486174399983
SnCuPtZnO6,2.020431883199267
SmCaPtZnO6,2.0214139703605336
SbCrPtZnO6,2.0194009092660776
TbSbPtZnO6,2.007872522460918
SbAuPtZnO6,2.0645926151968457
LuCoPtZnO6,2.007297121992394
CeMoPtZnO6,2.082736390308295
CeMoPtZnO6,2.047125596984662
YbCdPtZnO6,2.0500294968812742
TmDyPtZnO6,2.0120964063141784
TmAgPtZnO6,2.0963285106508707
CrTcPtZnO6,2.0688372329449973
TiCuPtZnO6,2.0764763184005766
CuAuPtZnO6,2.0750914823693605
TbTiPtZnO6,2.056878020382744
TaTiPtZnO6,2.0449832988486434
TlDyPtBO6,2.084872999205526
SmCsSnPtO6,2.0886372537064597
TmCsSnPtO6,2.03606070619177
CeLaSmPtO6,2.004391851365354
SbAuPtVO6,2.0436010315977815
CrCoPtVO6,2.060721092691163
CrCuPtVO6,2.0058863834691936
YbAuPtVO6,2.0407377276078447
LaAuPtCuO6,2.061468662341705
TaInTePtO6,2.0489966575601226
SmCaPbHoO6,2.029072089501575
EuYbHoPdO6,2.092502664608721
NdTlHoPdO6,2.060561782647742
SmYbHoPdO6,2.021065502466374
CeTmHoPdO6,2.009818190173527
YbDyHoPdO6,2.0164393426291225
SmDyHfPdO6,2.0469820015095914
TbYbHfPdO6,2.0970405432840655
ScFePdMnO6,2.024114261839032
FeCrPdMnO6,2.0441969576643673
LuFePdMnO6,2.04234665219455
MoFePdMnO6,2.0824228062660075
ScAgPdMnO6,2.0879473661362384
LaAgPdMnO6,2.094240685448556
LuMoPdMnO6,2.0812670758269363
FeTiPdZnO6,2.038126125930854
MoFePdZnO6,2.094837733324209
SbTaPdZnO6,2.0946717287372705
TlTmPdZnO6,2.0696432842610455
CrTiPdZnO6,2.078601541478996
MoCrPdZnO6,2.0534015731993365
TbYbPdZnO6,2.058198247792242
SmCeEuPdO6,2.069720392874965
SmCsErPdO6,2.0874630635909366
CeYbErPdO6,2.04439713015753
SrTlNbPdO6,2.0988475543084197
SnTaNbPdO6,2.0471598160684903
SnDyNbPdO6,2.0724608986185764
SmCsNbPdO6,2.097502740846674
SmLiNbPdO6,2.096177841036481
SmYbNbPdO6,2.099921617642679
ScMoNbPdO6,2.0778518706597855
LaAgNbPdO6,2.0352252710929384
InMoNbPdO6,2.050488027149778
SmAgPdFeO6,2.096015456393124
SmAgPdFeO6,2.0178181475272567
TmCrPdFeO6,2.052682061161138
TaTiPdFeO6,2.059881553287781
CeMoPdBO6,2.0755082964670812
SmAgPdSiO6,2.0249556238198876
AgLiPdSiO6,2.0387671782076455
AgTiPdSiO6,2.0170623918891635
SmInSnPdO6,2.0534845659418237
SbCaSnPdO6,2.058904905760488
TmTlSnPdO6,2.0178723042131854
TmAgPdVO6,2.0991818142095213
CaCsSbPdO6,2.0389619292257137
TbYbSbPdO6,2.0843107358319615
TaYbSbPdO6,2.060516816657553
AgCrPdCoO6,2.0642494807688645
TaTiPdCoO6,2.0065337154145166
TbYbTmPdO6,2.05264124497794
LaTlPdCrO6,2.090392536263929
TbDyLuPdO6,2.0612816800213576
TbTaPdTiO6,2.095340827332183
YbYTbPdO6,2.0813764158123025
YbAgTaPdO6,2.0189063833185474
YbMoTaPdO6,2.01337364603851
YbMoTaPdO6,2.090976690114566
SmCePmHgO6,2.0878745494206137
LaCePmNbO6,2.097952363491284
TlTmHoMnO6,2.0474239291746628
TbYbHoMnO6,2.0715590640157853
TlSmHoNbO6,2.076363253033518
LaTmHoNbO6,2.0551256771695794
SmTmHoFeO6,2.041848696119171
SmLuHoFeO6,2.036278175444148
CeYHoFeO6,2.08742065738865
TlLuHoBO6,2.0162256227715893
YLuHoScO6,2.020509511189496
YTbHoCoO6,2.0616595707839074
YDyHoTiO6,2.0443516868122296
TlErHfHgO6,2.0196118113352175
SmYHfHgO6,2.0274317857533837
NdInHfMgO6,2.0028827268139917
SmAgHfMgO6,2.0068015789852978
EuNdHfMnO6,2.082021860783628
ErDyHfMnO6,2.0637337419915487
NdYbHfMnO6,2.0968236730427425
YDyHfMnO6,2.0063093132867174
CaCdHfWO6,2.0903535933738637
LaEuHfZnO6,2.0845901255787984
NdScHfZnO6,2.0051162444323487
ScInHfZnO6,2.0182973651030762
CeYbHfZnO6,2.0909986545222368
TlNdHfNiO6,2.016166097659667
SrCdHfNbO6,2.0767627898399192
SrTmHfNbO6,2.0960014819850556
TbAgHfNbO6,2.037693790025745
TlTmHfFeO6,2.029384451575273
TmDyHfSnO6,2.0945954794201156
ScCdHfVO6,2.07828510506893
LaLuHfVO6,2.0985928928486928
LaYbHfVO6,2.003634846648489
TbYbHfCoO6,2.0613559256198637
LuYbHfCdO6,2.0030588551325934
LaDyHfCrO6,2.030096648159389
TbInHfCuO6,2.0737101354263263
YbAgHfTiO6,2.052625180987177
SmCeEuMgO6,2.064711156725702
CaCrMnWO6,2.019282703977429
ZrFeMnZnO6,2.0588695250200706
CrTiMnZnO6,2.0339042307604935
LaTlMnZnO6,2.064312467100055
SrCsNbMnO6,2.0549563237920125
TmAgNbMnO6,2.0672956060385883
TlLuNbMnO6,2.0027707983797485
TaAgNbMnO6,2.0098509803311453
TaAgNbMnO6,2.0711258716620162
TaInNbMnO6,2.0231558325752896
TmInMnBO6,2.0783239206472692
TlLuMnBO6,2.046753824585965
LuYbMnBO6,2.0703742064500235
SmYbMnSiO6,2.063991529065871
AgLiMnSiO6,2.0214048655252603
ScAgSnMnO6,2.0722192067767606
TbYbSnMnO6,2.0058570299560587
TmAgMnVO6,2.0254382374189412
TaCrMnVO6,2.09822243102635
InLiMnVO6,2.038673692771677
TlInMnVO6,2.096949177300397
TaTiMnVO6,2.0585410402200752
TmAgSbMnO6,2.0546927473648324
InMoSbMnO6,2.094889424244528
LaAgMnCrO6,2.0243858477856698
ZrLiMnCrO6,2.038477164188749
LuTiMnCrO6,2.0295527450255877
AgTiMnCrO6,2.086024539246253
AgTiMnCrO6,2.0205315828085784
TbInMnTiO6,2.077518623705358
EuNdWZnO6,2.059074131905401
SmErWZnO6,2.0172861573491887
NdLuWZnO6,2.0518629486889495
NdAuWZnO6,2.060764074281021
InFeWZnO6,2.0968482262007546
SmSbWZnO6,2.028864152968191
TbCoWZnO6,2.0811639183281376
CeTbWZnO6,2.047875719330646
TmIrWZnO6,2.0252957917786705
InCrWZnO6,2.0052599893060608
TlYWZnO6,2.0390022158858763
DyTiWZnO6,2.0364306314378684
DyTiWZnO6,2.068956685676118
YbTaWZnO6,2.0086250340689538
YAuWZnO6,2.021813846010238
NbVWNiO6,2.021334286286843
YbNbWNiO6,2.0719124917191687
NbAuWNiO6,2.0157090099008252
NdCuWNiO6,2.027598101723035
FeCrWNiO6,2.0186459964317476
SrAgWNiO6,2.006504652876707
SmAgWNiO6,2.006635370140901
SmAgWNiO6,2.003292787074766
SmAgWNiO6,2.0474495866300266
AgVWNiO6,2.058165398159301
ScTiWNiO6,2.044225888543368
YbScWNiO6,2.035138408065044
SbCuWNiO6,2.093242098117801
InSbWNiO6,2.03357317722433
YbCoWNiO6,2.0282940815008956
DyCoWNiO6,2.0590055225458066
CeCuWNiO6,2.0835991318562144
CeCuWNiO6,2.035035489239187
TmCuWNiO6,2.0098662294388014
TiCuWNiO6,2.07738224028362
AgCuWNiO6,2.057512752759128
TlTaWNiO6,2.0474515500255572
SrCdFeWO6,2.032902405283005
CdTiFeWO6,2.0889442946670895
SbCoWBO6,2.0639634506910913
SbAuWBO6,2.054124555513957
CoCuWBO6,2.058836522176487
CrCuWBO6,2.0849783004494427
MoCuWBO6,2.057544184449639
LaLiWBO6,2.024768726919438
TlYbWBO6,2.0569448201147935
YbAgWBO6,2.086462401835307
AgCoWVO6,2.072465659223025
CsCuWVO6,2.0494524166196397
DyCrWVO6,2.0000943640343274
MoCuWVO6,2.0641816274704623
YbTiWVO6,2.040826414068398
YTiWVO6,2.0815269728786427
CaCrWCoO6,2.036020462433679
CeCrWCoO6,2.0466393657872706
TmInWCoO6,2.0581940940410828
YbCrWCoO6,2.098719989230272
TbAgWCoO6,2.0845559069874997
DyIrWCoO6,2.0766230068971354
InTiWCuO6,2.011811782745274
TbYbErZnO6,2.0786196858457044
SmScNbZnO6,2.0390234026411855
SmLaNbZnO6,2.0397290519358746
ScTaNbZnO6,2.028420089380609
SbCaNbZnO6,2.0069220469880125
CeTmNbZnO6,2.0865530893234188
TlDyNbZnO6,2.0303795260400532
TlInNbZnO6,2.0847539048699373
SmTiFeZnO6,2.0510609263684034
SbTmFeZnO6,2.088534636142796
SmScSnZnO6,2.098933942451246
SmLiSnZnO6,2.0891304669214144
SbAgSnZnO6,2.074258084043409
CeTbSnZnO6,2.0937028386793504
TeCoZnVO6,2.0091516874005184
TaAgSbZnO6,2.0713612187984713
TaIrZnCoO6,2.081887332575562
TiTaCrZnO6,2.0400580619501834
TiAgCrZnO6,2.0409348275725936
TeZrCrZnO6,2.0328018678200137
TbTaTiZnO6,2.078282480082092
TlNdEuNbO6,2.0727212383517832
LaSmEuFeO6,2.0329619245700843
NdYbErNiO6,2.0387604949533653
SmDyErNiO6,2.0720848770336393
TlLuErNiO6,2.0695226233413453
TbDyErNiO6,2.0728439095716436
LuTbErFeO6,2.027548616136901
TlTmErVO6,2.0868729330174456
TlYbErScO6,2.0033096988248618
LaYbErSbO6,2.0486091083324958
YYbErCrO6,2.018191383152676
TlLuErCuO6,2.0482813556418074
YTbErCuO6,2.0240506931226117
SmCeNdNiO6,2.095475534644479
CeLaNdNiO6,2.0485318380726873
CoCuNiBO6,2.020894821825885
SbTiNiVO6,2.0926297982446815
AgTiNiVO6,2.032239096233264
YInNiVO6,2.032733482804497
TaAgTiNiO6,2.09215178801798
AgMoTiNiO6,2.0641823148025753
YbDyTbNiO6,2.0837166473164235
DyYTbNiO6,2.044732155652928
SmLaNdNbO6,2.015747225199485
TmSbNbFeO6,2.002791125682391
TlMoNbFeO6,2.0504044617306993
TlSmNbBO6,2.0212159311724514
LaTaNbBO6,2.0529420899729156
TbLiNbSnO6,2.082069718059654
ScAgNbVO6,2.0584804621548236
TmAgNbVO6,2.070216578779677
TmLaScNbO6,2.033565089295954
TlTbNbSbO6,2.072099588581853
LuAgNbSbO6,2.0652343415619345
TlTmNbCoO6,2.0910060779201887
LuInNbCoO6,2.0538435559659485
LaLiNbCrO6,2.057085143547403
TlInNbCrO6,2.0251370025949944
TlTaNbCuO6,2.059455240403437
TlYNbCuO6,2.0027510100987937
LuInNbCuO6,2.0350138178417505
TbAgNbCuO6,2.0822284246562215
YTaNbCuO6,2.081727759019044
LuYbNbLiO6,2.0156798515406784
TbZrNbLiO6,2.0112965448719327
TbMoNbLiO6,2.087561682098978
TbYbNbTiO6,2.0804555078916063
YbMoNbTiO6,2.0062067919243987
LaTlNdCrO6,2.0719277726824115
TmCrFeVO6,2.074226236294277
LaYbScFeO6,2.0858870642844485
TbAgScFeO6,2.040781730086102
TaTeFeCrO6,2.0468512514987807
InTaFeTiO6,2.0358930317224018
CoCaVBO6,2.0014463002479945
CdCrVBO6,2.052639987674569
LaLiVBO6,2.091763327541479
LaTlVBO6,2.0495166545010277
TmTlScBO6,2.0993958715985115
TaAgCrBO6,2.078557217961413
YbInCrBO6,2.097542732502345
TaInTiBO6,2.058965346629733
DyInTiBO6,2.0961349654235293
YAuVSiO6,2.0493805850363067
ZrLiSnVO6,2.0983705204334924
AgTaSnVO6,2.01498282156947
InTaSnTiO6,2.0426451732131046
YbAgSnTiO6,2.0121614517113082
YbMoSnTiO6,2.0760391825369346
TlDyScVO6,2.041231311700514
TbYbScVO6,2.0915132548192226
TaAgSbVO6,2.0081687487532234
CrCoVSeO6,2.0584990923215796
CaAuVSeO6,2.0540800670589276
CuAuVSeO6,2.0468074555911593
CeTaVCoO6,2.001842021794018
CeAuVCoO6,2.043145905545085
ZrCrVCoO6,2.0155439662081664
MoCuVCoO6,2.053284702256818
TbMoVCoO6,2.0073675763508136
MoAuVCoO6,2.039342150669241
LaTlCrVO6,2.0332041466665594
LaInVCuO6,2.010690333567265
ZrIrVCuO6,2.0316705895111693
YbMoTiVO6,2.006777704886701
YbAgTaVO6,2.0830762034307226
DyAgTaVO6,2.0326708074990334
YAgTaVO6,2.032789307701421
ZrInVAuO6,2.012579444029284
TmAgScCoO6,2.024523919999487
DyAgScCoO6,2.03392769654295
YDyScCrO6,2.0980277391966426
TbYbScCuO6,2.013806963268795
YAgScTaO6,2.021197564579424
LaTlCeSbO6,2.0816001981467886
LaYbTmSbO6,2.0754662115031706
ZrTaSbCrO6,2.016087527024149
TbDySbLiO6,2.063084240859248
TbYbSbTiO6,2.0110242923704242
DyInSbTiO6,2.011552696038824
InMoSbTiO6,2.0136638051015066
AgMoSbTaO6,2.0558987677349965
YbYLuCoO6,2.0922700075308294
TaYTiCoO6,2.0944505918888248
TaAgTiCoO6,2.0247885219759
TaAgTiCoO6,2.0697696827083294
YbYTaCoO6,2.029902817008827
TbZrCdCrO6,2.057036272925217
TlLuTmCuO6,2.025455948689337
LaTlCrCuO6,2.0835206631143666
LaInCrCuO6,2.0859107921786344
TaMoCrTiO6,2.0470148200624996
DyAgTaCrO6,2.008080197442717
YbYTaCuO6,2.097411903449281
ZrMoTaCuO6,2.02377076014177
YbYTaTiO6,2.0168010689649845
YbAgTaTiO6,2.071464879928392
BaPbVRuO6,2.094009849494387
BaMgTaRuO6,2.081119141636756
BaNaTcRuO6,2.0200524495237233
BaYbRuAsO6,2.003490736651506
BiKNbRuO6,2.0019510610237834
BiNaZrRuO6,2.0171624846313714
BiTmZrRuO6,2.0596824899718156
BiCsMoRuO6,2.057848144163187
PrPmNdRuO6,2.046780836729825
PrSbTaRuO6,2.05106242518257
PrTlTiRuO6,2.0676429587649277
PrAgRuAsO6,2.055976138531106
PbEuNbRuO6,2.071631596580313
PbSrDyRuO6,2.011055177541815
PbSrAgRuO6,2.092278565823771
PbSmScRuO6,2.0327257652041286
PbCsTeRuO6,2.0955774273273673
PmErYbRuO6,2.0214700433173367
PmNaTbRuO6,2.053068257548666
PmSbTaRuO6,2.030410726805299
HoEuTbRuO6,2.0346659538843097
HoCdZrRuO6,2.0535186941844867
HoTbYbRuO6,2.042503287313102
HfTmTaRuO6,2.082726931442737
MgCaTaRuO6,2.016086717090394
MnCaCrRuO6,2.00114425311208
ErSmYbRuO6,2.0971434622752954
TlErRuAsO6,2.010221209673112
NdLaYRuO6,2.016430044631781
NdDyZrRuO6,2.091873769524508
SnSmTaRuO6,2.0994512207823437
SmCsTaRuO6,2.016578578513358
SmTlTbRuO6,2.037930096722816
SmTlYRuO6,2.079592816945668
TmDyZrRuO6,2.062940699691554
CsLiMoRuO6,2.0495838301917106
LaYbZrRuO6,2.0197155236243747
YbAgRuAsO6,2.041962677819613
NbRhReCuO6,2.088042869522053
ScRhReCuO6,2.09420459525179
CeRhReCuO6,2.050104217998525
BaPbReBO6,2.067477294296407
PrPdReAsO6,2.0438796303724254
PdPtReNiO6,2.0123466423723193
PdPtReAlO6,2.0696122665945316
PmPtReCuO6,2.027042068001137
HoPtReAsO6,2.0537253193753755
HfPtReNiO6,2.042077745551293
PtNiReCoO6,2.007336764890684
PtNiReAsO6,2.003772643679505
PbPdReVO6,2.0671935884067767
PbMgReCuO6,2.006076369617718
PbNaReSiO6,2.0423422668642446
PbNaReCoO6,2.0925681020349693
PbNdTiReO6,2.069685945917991
SmPbReCuO6,2.0782537583212215
PbAgReAlO6,2.0406953517166886
PbAgReAsO6,2.000444411721424
HoPdReNiO6,2.0754241017330863
KPdReVO6,2.042882184672619
PdMnReNiO6,2.066985224543986
EuPdReAsO6,2.084611290180902
PdNiReVO6,2.0014192653419753
PdNiReVO6,2.016705801261708
PdNiReCuO6,2.061310394115478
PdNaFeReO6,2.02353279822373
NbPdReCoO6,2.0116881288685526
SbPdReCuO6,2.002619882542855
SbPdReAsO6,2.005854958011531
PmKSmReO6,2.021665645879087
PmKTbReO6,2.053205278451875
PmCrReAsO6,2.0413603308319987
HoCoReCuO6,2.007708730525704
MgNiReAsO6,2.096239230689703
MnNiReSiO6,2.030002152854078
MnNiReVO6,2.0866274512429968
NbMnReCuO6,2.0015979266097075
NdMnReCuO6,2.0702926782359827
SmMnReCuO6,2.0884969463807974
MnCrReCuO6,2.0687942828256207
YbMnReAsO6,2.072248705213583
WNiReCuO6,2.019202302792063
SrZnReAlO6,2.0540975497391516
EuLiTeReO6,2.082176485523724
EuYbZrReO6,2.098542606021183
ErAgReAlO6,2.0537901480736473
SmNiReCuO6,2.0779245969881095
ScNiReAlO6,2.00770160240061
NbFeReVO6,2.078794624814982
NbCoReCuO6,2.025137571050914
NdFeReBO6,2.0599426511782886
NdCoReAlO6,2.0103387368282997
NdCsTiReO6,2.081353933191568
NdLiReAlO6,2.0120477658075333
NdYbZrReO6,2.066043972628422
NdAgReAlO6,2.0282002083600963
SnFeReCoO6,2.0307080042106778
SmFeReCuO6,2.034889822073953
SrCdReAsO6,2.047569911061271
SrTiReAsO6,2.0496790572485715
SnCrReCuO6,2.01092705696881
SmCsTbReO6,2.021999906552475
SmTlTeReO6,2.075532147915776
VCuReAlO6,2.0172174358075083
TaCoReAsO6,2.048011493688611
CeCrReAsO6,2.098186624424472
TlLiReAlO6,2.0706386686875513
BaPtRhBO6,2.0447049800208372
BaPbMoRhO6,2.068234807569051
BaSrRhAuO6,2.0981195320624964
BaVRhAsO6,2.09828022842455
BiSrSnRhO6,2.0763563089299093
BiCdMoRhO6,2.022703230915013
PrGdRhAuO6,2.0485895000812464
GdPtRhBO6,2.081725273417383
GdPbRhCoO6,2.0544610918366133
GdEuTmRhO6,2.0897277180639637
GdErLuRhO6,2.059262267435298
GdCdRhAlO6,2.076073470304726
PrPmTaRhO6,2.0097617721624452
PrEuNdRhO6,2.0166588504051197
PrNdYRhO6,2.040502366966082
PrSrTbRhO6,2.0077675120766463
PrSmCeRhO6,2.06814398279436
PrVRhAuO6,2.0699374048709864
PrLiRhAlO6,2.0497689020158436
NbPtRhAuO6,2.0429960088347263
SrPtRhSiO6,2.0129857231188724
PbHgTaRhO6,2.0892422062871248
PbMgMnRhO6,2.0560745586538793
PbKMnRhO6,2.0219617999017596
PbMnRhWO6,2.0389952086458987
HgPdRhAlO6,2.085722605573723
SbPdRhCuO6,2.0758067082410308
AgPdRhAlO6,2.0317197675633647
PmHoInRhO6,2.0128190952216034
PmMnRhZnO6,2.0301623075940562
PmEuNbRhO6,2.0474214307736007
PmFeRhAlO6,2.068460545019611
PmSmYRhO6,2.0164266313381476
HoHgRhBO6,2.044211121127552
HoTmTbRhO6,2.032913071161901
HoAgRhAlO6,2.099539205068731
HfMgMoRhO6,2.030894319554452
HfKTaRhO6,2.0881309517604034
HfNiRhBO6,2.0468380757018205
HgKMnRhO6,2.01474254891349
ErHgRhBO6,2.01010446712055
MgKTaRhO6,2.041864022333023
KCsMoRhO6,2.0037700292304637
MnZnRhBO6,2.042363439659643
EuMnRhBO6,2.0346185584576966
EuMnRhCoO6,2.074729202651878
MnSrTeRhO6,2.008100659322032
SmMnRhCuO6,2.079913948087219
WVRhAuO6,2.034314743647544
SrZnRhAlO6,2.0755365554922274
SbZnRhAlO6,2.0722480876693
CdZnRhAlO6,2.068541265703802
EuNdInRhO6,2.0411419558428427
EuSmTbRhO6,2.0234217946702624
EuCuRhAlO6,2.0490322965268657
ErScTaRhO6,2.0160252027069427
ErLaTbRhO6,2.0941891347711064
YbNiRhAlO6,2.0218003186316724
NbNdTaRhO6,2.0875759325387806
NdCdZrRhO6,2.0334398070517694
NdLiRhAlO6,2.0023851432508297
NdTlLuRhO6,2.0079887847533375
SrCaRhAlO6,2.0789550259709135
SnVRhCoO6,2.0373132598853037
SnCrRhAuO6,2.0226309902867547
SmCdTaRhO6,2.0034103292148706
SmTmRhAlO6,2.0580863958892652
SmCsCrRhO6,2.0637035214910853
SmCsMoRhO6,2.0139032257684555
SmAgZrRhO6,2.0749594878737287
VCuRhAlO6,2.0985976103899953
ScCoRhAlO6,2.0175211684679355
TmCoRhAlO6,2.0271138628144714
CeDyRhAlO6,2.0737539736408825
CdCrTeRhO6,2.0546757744714577
LuCuRhAlO6,2.0434222002110847
LaTlMoRhO6,2.029656862827678
LaAgRhAuO6,2.08678592729229
LaIrRhAuO6,2.0045233905552196
AgLiRhAlO6,2.0884518285054354
TlLuInRhO6,2.0216186126247244
LuTbDyRhO6,2.0219342690299897
YbDyZrRhO6,2.0922970288757843
BiGdMnBeO6,2.0107203443515806
BiPbVBeO6,2.0448438027255866
BiPmCoBeO6,2.066708865616717
BiHoMgBeO6,2.068637463362947
BiHoNbBeO6,2.0123689154778566
BiHoCdBeO6,2.0391320518644287
BiHgCrBeO6,2.0907711674553435
BiHgTaBeO6,2.099767512293402
BiKSiBeO6,2.0542018209830917
BiKCrBeO6,2.0678847890241503
BiMnVBeO6,2.0391598011924255
BiMnCrBeO6,2.091664401117825
BiZnTcBeO6,2.075752146781983
BiErSeBeO6,2.0881843151107295
BiNiVBeO6,2.094515581181633
BiNaVBeO6,2.0598537018713157
BiNbCuBeO6,2.038059619739221
BiNdTiBeO6,2.018392251322546
BiNdMoBeO6,2.0503638065621903
BiTmCrBeO6,2.0710174742777347
BiCrIrBeO6,2.071461049191638
BiTaMoBeO6,2.0110397279666645
BiYZrBeO6,2.028916035155474
OsVAsBeO6,2.0585327644832336
OsCoAlBeO6,2.0894054598239675
GePrAsBeO6,2.0901449526103444
GePdSiBeO6,2.0994875010611214
GeNiAsBeO6,2.0727271080333196
GeLuAsBeO6,2.0769478364999587
GdPrIrBeO6,2.0011007846093896
GdMgMoBeO6,2.0270559133311292
GdMnWBeO6,2.0646938293300945
GdEuSnBeO6,2.021930613869796
GdEuCrBeO6,2.007799761685962
GdErMoBeO6,2.0274094899708284
GdNdIrBeO6,2.076190110130174
GdSmTbBeO6,2.0911332071761937
GdTmTiBeO6,2.084167723831526
GdCrAuBeO6,2.011974780252781
GdTlIrBeO6,2.071588830927358
GdLuTeBeO6,2.055384518657983
GdYbIrBeO6,2.039779723157755
GaPtAsBeO6,2.0244203114539823
GaNdSeBeO6,2.071680510879605
PrPdIrBeO6,2.005001962086706
PrHoCrBeO6,2.0943444749924782
PrHoTeBeO6,2.044038735989806
PrHfVBeO6,2.0665857338056166
PrHgMnBeO6,2.0014573177156327
PrMgVBeO6,2.0576677869095272
PrMgTiBeO6,2.067461041231418
PrKVBeO6,2.086808114775499
PrZnIrBeO6,2.02309535026968
PrNiCoBeO6,2.0793210651896947
PrNbIrBeO6,2.028413415315968
PrNdTiBeO6,2.0384701453017118
PrFeVBeO6,2.011009132071276
PrFeCoBeO6,2.099835266861308
PrVIrBeO6,2.0944627980399764
PrVAuBeO6,2.0616767553447017
PrCaCrBeO6,2.019780948568506
PrCeTaBeO6,2.0244528486323463
PrTmIrBeO6,2.0115469346583827
PrCrTcBeO6,2.004654548379533
PrCuTcBeO6,2.0654186347191867
PrTaIrBeO6,2.0393122253872535
PrAgMoBeO6,2.0404183239225797
PtPdSeBeO6,2.0088808204137445
PtPdCoBeO6,2.033646407758117
PtPdTcBeO6,2.060436966191745
PtMnNiBeO6,2.057458817250931
PtWZnBeO6,2.0138437078468505
PtEuIrBeO6,2.0053614456638233
PtNiVBeO6,2.0561509348363063
PtNdAuBeO6,2.008948152030396
PtSrAsBeO6,2.092788236555312
PtYbIrBeO6,2.0299965854099464
PtAgAuBeO6,2.0325195263826203
PbPdTiBeO6,2.0588427438924746
PbMgTiBeO6,2.017543124895545
PbMnCoBeO6,2.0474375979326975
PbNiVBeO6,2.097258349456456
PbFeAsBeO6,2.023411447751548
PbSrVBeO6,2.069135519580296
PbSrTcBeO6,2.0593888815486
PbSmSeBeO6,2.027727777391979
PbScCoBeO6,2.07712903540232
PbCoTcBeO6,2.0882532813435866
PbCaTbBeO6,2.032367218256788
PbTmInBeO6,2.029324971918134
PbCrIrBeO6,2.0533032836718017
PbCuAuBeO6,2.0093656413771193
PdHgIrBeO6,2.0784704875094135
PdMgTeBeO6,2.055423189991718
PdMnSeBeO6,2.0373829106366768
PdZnVBeO6,2.0080817538111955
PdZnIrBeO6,2.0353930994115763
PdEuTiBeO6,2.0470036149725592
PdFeCoBeO6,2.0336520856911418
PdFeCuBeO6,2.0347848531697434
PdVSeBeO6,2.0376684868305306
PdCuTcBeO6,2.072045768957463
PmMgAuBeO6,2.0474093650605045
PmErVBeO6,2.0122953777428836
PmErZrBeO6,2.0584150893852633
PmFeTcBeO6,2.0766263226376833
PmSbTaBeO6,2.004093335622366
PmSbIrBeO6,2.0632568669615603
PmCaTaBeO6,2.0255728353561384
PmCeTaBeO6,2.01673062963749
PmTlMoBeO6,2.0652807328038167
HoEuNbBeO6,2.0257986359418294
HoEuCrBeO6,2.0971050070718187
HoEuTaBeO6,2.0275443338746104
HoTiTeBeO6,2.013809241104686
HoDyZrBeO6,2.0695480853903483
HfEuCrBeO6,2.0414485610183797
HfNiCoBeO6,2.056728057257859
HfSmMoBeO6,2.0798072520072823
HfLuIrBeO6,2.099468050562042
HfYbAlBeO6,2.025808137467511
MnZnCoBeO6,2.065254400035104
MnEuFeBeO6,2.0943282223011193
MnEuTiBeO6,2.073742304868212
MnNdSiBeO6,2.027542601836885
MnNdCrBeO6,2.0763969290842157
MnSrTiBeO6,2.0198281909245783
MnSmAsBeO6,2.0766011145763863
MnSbIrBeO6,2.043362994636777
MnCdAuBeO6,2.031427298820456
MnTmCuBeO6,2.0830094849394083
MnTmIrBeO6,2.020451370026204
MnTaAsBeO6,2.071580367361552
WNiSeBeO6,2.07508078627578
WNaVBeO6,2.0975199446825985
WNbVBeO6,2.0004396458677878
WNdCuBeO6,2.046066863090219
WSmAuBeO6,2.0842208363169967
WCoAuBeO6,2.048026815306886
WCdTcBeO6,2.0995554477458374
WCrIrBeO6,2.085753742866028
WCrAsBeO6,2.062719554874805
EuNbTaBeO6,2.09097060339053
EuSrTcBeO6,2.0430436550006013
EuSmIrBeO6,2.099706511539495
EuYbAsBeO6,2.0122888185390897
EuDyZrBeO6,2.0397945822804515
EuYZrBeO6,2.0854698390745092
ErNbTeBeO6,2.033996307317437
ErNdVBeO6,2.024611143976537
ErScSeBeO6,2.0325519632525615
ErCuAuBeO6,2.0133151707482013
ErDyAsBeO6,2.034315040098508
NiNbVBeO6,2.059522908131238
NiFeCoBeO6,2.05324861959468
NiSmAlBeO6,2.0221892481889614
NiVCoBeO6,2.0156592600090004
NiCaTcBeO6,2.03414240410992
NiCrTcBeO6,2.004701304776424
NiLuAuBeO6,2.0599399202687216
NiTbIrBeO6,2.0719489192320015
NbNdVBeO6,2.0354718189542282
NbNdIrBeO6,2.027157056096862
NbSmCrBeO6,2.088449254875706
NbSmTaBeO6,2.065689264121763
NbSmIrBeO6,2.0057573662821437
NbSbTiBeO6,2.013144602667903
NbTmIrBeO6,2.0017060812176073
NbTmIrBeO6,2.0589573035686923
NbTbTaBeO6,2.005811253843012
NbAgMoBeO6,2.0372156507386627
NdCoIrBeO6,2.0876112999368606
NdTmAsBeO6,2.002219475638307
FeSmIrBeO6,2.03478753570163
FeSmAsBeO6,2.0886558064349803
FeVTcBeO6,2.0189814101429353
FeCeTiBeO6,2.0611047065194805
FeTlTiBeO6,2.0495464444441076
SnSmCuBeO6,2.087476643051669
SnSbTaBeO6,2.0591867175342733
SnTlAuBeO6,2.022195208574014
SmVIrBeO6,2.058110632656694
SmScCrBeO6,2.041542263489887
SmSbCrBeO6,2.015977098525724
SmCoAsBeO6,2.0525186046606003
SmCaAuBeO6,2.0362146421281633
SmCeZrBeO6,2.0754406050397582
SmCdCrBeO6,2.0243356056778095
SmLaIrBeO6,2.052555881740322
SmYbAgBeO6,2.071912574812419
SmIrAuBeO6,2.029766665330972
VSbCoBeO6,2.040555630386191
VCuTcBeO6,2.0091612914408965
VCuAlBeO6,2.0835623348005097
VTlTcBeO6,2.0200787200216106
VAgIrBeO6,2.0693019979853724
ScTmIrBeO6,2.0504258958795454
ScCrIrBeO6,2.00159987495461
ScDyIrBeO6,2.051150126447192
SbCeTiBeO6,2.0902231427558235
SbCdTaBeO6,2.009262459395098
SbYbIrBeO6,2.0924768930278734
SbYbAuBeO6,2.008185551031283
CoCsAuBeO6,2.0638004155538816
CoYbIrBeO6,2.0800058889843314
CoAlAsBeO6,2.0671793817585997
CeTbTaBeO6,2.045499338109027
CeTbYbBeO6,2.0156027426966245
CeYAuBeO6,2.0852928941467472
CrLaAsBeO6,2.0210830239860984
CrTlTiBeO6,2.0541956762909943
CrDyIrBeO6,2.0867189547525595
CrDyAuBeO6,2.003621605024803
CrYIrBeO6,2.0813842367577147
TlTiAuBeO6,2.0178441967155116
LuYbAsBeO6,2.067245158280821
TcYbAlBeO6,2.057005010043183
TcYIrBeO6,2.0415180984557146
TaAgIrBeO6,2.054654247217576
YbDyIrBeO6,2.033756695479208
PmGdBiAgO6,2.042690186356881
GdCaBiTiO6,2.013969661934728
GdLaYBiO6,2.013897073492227
TlGdBiTaO6,2.052442923282444
GdLuBiIrO6,2.0781493374036133
GdTbDyBiO6,2.0222470627886224
PrPbBiAgO6,2.004061054106489
PrPmSmBiO6,2.021445033760365
PrPmLuBiO6,2.000335295661928
PrHoBiNiO6,2.0744125947503855
PrEuBiCoO6,2.0907921839009695
PrCaTbBiO6,2.0831372093514524
PrTbBiTaO6,2.077417493107956
PrYBiAuO6,2.093931305313227
PrAgBiIrO6,2.0477261971470524
PmPbBiTiO6,2.053669505179187
PmPbBiAgO6,2.0735475884421466
PbSmDyBiO6,2.0212916526351576
SmPbBiMoO6,2.021478827535027
PbCaBiCrO6,2.0203024102725005
PbYbBiIrO6,2.011846907421977
PbDyBiAgO6,2.0997778916304353
PmEuBiFeO6,2.0124175661842663
PmEuSmBiO6,2.0887994340454386
PmEuBiCrO6,2.004941008384977
PmEuYBiO6,2.001189201183799
PmNdBiTiO6,2.0644931384556817
PmSmTmBiO6,2.0860325297559226
PmTmBiLiO6,2.05398166075039
HoScBiCoO6,2.0180458955582457
KNaBiTaO6,2.0978271219019224
CsKBiCrO6,2.0423150231150897
EuSrCeBiO6,2.0751732026549417
EuSmYBiO6,2.0363788605032456
EuLaYbBiO6,2.0923128950695316
EuTlDyBiO6,2.0910767804575836
EuLuBiAuO6,2.0068823368586544
ErSmTbBiO6,2.0405562043998002
ErScBiAuO6,2.079654708926609
LaErBiAgO6,2.049527254656068
ErTlTbBiO6,2.0058003897220122
NdNaBiTeO6,2.0234627570409525
NdSrCeBiO6,2.0834338161886095
NdSmBiLiO6,2.0548450768250692
NdLaLuBiO6,2.004146046735243
LaNdBiAgO6,2.0526373714890336
LaSmBiAgO6,2.0836122884469765
SmTbBiIrO6,2.012012553997285
SmYbBiAgO6,2.0302843109952535
SmYbBiIrO6,2.076784334977836
ScAgBiAuO6,2.01065728854246
LaCeBiLiO6,2.0335083651648467
CeTbBiMoO6,2.021358079198257
LaTlBiInO6,2.0548204874112073
LaTbYbBiO6,2.0269876237331803
YDyBiAgO6,2.0179449530827194
GdCsTeOsO6,2.0412168550930323
PrKSmOsO6,2.0152942258112887
PrTlTaOsO6,2.0358050156564778
LuPtOsAsO6,2.019920306406039
EuPbOsAsO6,2.0693261513548418
PbNiOsAsO6,2.003040270534697
PbNdTaOsO6,2.0944790885696136
PbFeOsAlO6,2.060827760852862
PbFeOsAsO6,2.063469627305688
PbCuOsAlO6,2.0711229548227506
PdCdTeOsO6,2.093455959441956
HoYbOsAsO6,2.0233425896364166
CdHgOsAsO6,2.066497524039262
EuMgOsAsO6,2.041927521602195
MgTiOsAsO6,2.0974200504864515
MnZnOsAsO6,2.0157036868034433
SrEuOsAsO6,2.022522634596442
EuAgOsAlO6,2.0422718973178413
ErCsTeOsO6,2.0928212406834104
NbCuOsAsO6,2.0993913748919155
NbLiOsAlO6,2.003499326159973
NdCaOsAlO6,2.0903587427480255
SrSmTeOsO6,2.0239059387437175
CaTiOsAsO6,2.0268200876649334
DyLiOsAsO6,2.081572169118769
YbAgOsAsO6,2.023650014475988
GdPbMoGeO6,2.078443567940843
GdMgTaGeO6,2.0883385415244526
PrPbCaGeO6,2.0652990746097726
PrMnTiGeO6,2.023152630570758
PrErTmGeO6,2.0868547838552156
PrSmYbGeO6,2.0328824943007944
PrTlTaGeO6,2.014137692164873
PtPdTcGeO6,2.0451770107640646
PtMgWGeO6,2.0108387528977354
PtScCoGeO6,2.007438477848183
PtCuTcGeO6,2.027670516443004
PbPmTmGeO6,2.0647235774786936
PbHoLuGeO6,2.051113582278109
PbKVGeO6,2.056074301402784
PbEuTaGeO6,2.03976245850111
PbNbVGeO6,2.002545071031842
PbSmTiGeO6,2.0005786660409535
PbLiMoGeO6,2.029589952042429
PbDyZrGeO6,2.0815381748346806
PbAgZrGeO6,2.0592007699283137
PdKMnGeO6,2.0089906151316548
PdMnWGeO6,2.0517156134646184
PdNiVGeO6,2.010278182630184
PdNiVGeO6,2.0157218009440987
PdFeTcGeO6,2.0872049458366377
PdFeTcGeO6,2.082784305682161
PdSbCrGeO6,2.082039219917343
PmTmTbGeO6,2.0308509904816554
HoEuTbGeO6,2.0455598571402422
HfTmTaGeO6,2.0925394932852215
MgNiTcGeO6,2.089102999297827
MgSrTiGeO6,2.011965402327517
MnZnVGeO6,2.0981751938707216
MnZnCoGeO6,2.03230235641986
MnZnTcGeO6,2.0175344880692863
MnEuFeGeO6,2.0818344212327324
MnErTcGeO6,2.079945231161208
MnNaTcGeO6,2.0577008514808717
MnNbCrGeO6,2.022815898016723
MnNdCoGeO6,2.0733384124399374
MnSrTiGeO6,2.0162457447250723
MnSmVGeO6,2.008108282703905
MnCrTiGeO6,2.0839214824493797
MnCrTcGeO6,2.0558399178807587
MnTiTcGeO6,2.0058804779727892
EuScZrGeO6,2.0908099512128593
EuTlTcGeO6,2.015999369933303
EuAgZrGeO6,2.095444133054344
ErTmTaGeO6,2.0323494407346487
NiFeTcGeO6,2.0294606747527157
NiCaTcGeO6,2.043564346151306
NbSbTiGeO6,2.0733041542516673
NbCsTaGeO6,2.039551769330692
NdSbTcGeO6,2.08348635424165
NdCoTcGeO6,2.050221327940987
NdTlTaGeO6,2.035856879306097
NdTlMoGeO6,2.0815490977192326
FeCuTcGeO6,2.042057828094482
SrDyZrGeO6,2.0888202607750075
SnTmTcGeO6,2.043140616579607
SnLuTiGeO6,2.030417432156141
ScCeZrGeO6,2.0738670480325
CoCuTcGeO6,2.0979685305247235
CoTiTcGeO6,2.089025712306153
CaCsTaGeO6,2.0925905100457833
CaCsIrGeO6,2.022113656215195
LaLuTbGeO6,2.092857447486081
LaAgZrGeO6,2.0756053397107803
TbYbZrGeO6,2.0927334210424218
PrEuGdNbO6,2.0087498794993097
PrEuGdCrO6,2.065432968258891
PrNdGdMoO6,2.021265177881779
TlPrGdAsO6,2.0699038411761324
EuSmGdAgO6,2.05690328077405
LaNdGdTiO6,2.009903638388535
SmCaGdCrO6,2.020780250871157
SmCaGdTiO6,2.081244088292864
PrPbCrGaO6,2.058403701870018
PrPdWGaO6,2.078745421546313
PrMnWGaO6,2.063408816098518
PrMnTiGaO6,2.0372573579102125
PrNaNbGaO6,2.025331358359155
PrNaMoGaO6,2.0606009021682796
PrSrMoGaO6,2.0561588445005246
PtMgWGaO6,2.006677448897264
PbPdWGaO6,2.000219192154646
PbNiIrGaO6,2.0143167702887124
PbNaTiGaO6,2.0972740724515293
PbNaTaGaO6,2.0455062011394376
PbNdScGaO6,2.0662824668927806
PbNdMoGaO6,2.0429627784897333
PbAgIrGaO6,2.0013738549391724
PdFeCrGaO6,2.014991642544915
PmHoVGaO6,2.061083869322354
PmLiIrGaO6,2.089367225270579
PmTlMoGaO6,2.056560542956573
PmLuTiGaO6,2.0056724889375714
HoKVGaO6,2.099137142872749
HoNdScGaO6,2.0743513659345783
HoNdZrGaO6,2.0066957802262366
HfNdTiGaO6,2.031274607481171
HfSrVGaO6,2.061157336953187
HfCsMoGaO6,2.078955071201808
MgSrTcGaO6,2.0490883356417267
MgCdMoGaO6,2.064012098054347
MnZnNiGaO6,2.0284083510929416
MnNbCrGaO6,2.0710683643425845
MnNdIrGaO6,2.0592234273482353
MnSrTiGaO6,2.0530813431738477
MnSrAuGaO6,2.059712045707667
MnSmTiGaO6,2.0086937122422954
ZnCdTcGaO6,2.083771423238852
EuCdMoGaO6,2.0167668833414347
EuLuTiGaO6,2.0242614539795603
FeSrTiGaO6,2.0830982107303426
FeCsCrGaO6,2.053342144945537
SrCdMoGaO6,2.0613479203698515
SnCrTiGaO6,2.0062736242984927
SmCaZrGaO6,2.010697079079369
SmCsCrGaO6,2.0052044079945484
SmLiMoGaO6,2.0962133546529182
SmDyZrGaO6,2.029710749471968
VCuIrGaO6,2.083130452282814
ScSbMoGaO6,2.04208062820763
ScLiIrGaO6,2.0415488601814555
SbCsMoGaO6,2.029134333907785
SbTlTaGaO6,2.0460043918533404
SbTlTaGaO6,2.014648244966403
CoCsIrGaO6,2.0611409232473994
CoTiIrGaO6,2.0086874859136206
CoTaAuGaO6,2.0272784469157545
TmLaYbGaO6,2.0877688577184634
TbAgZrGaO6,2.030432997147081
EuNdPrFeO6,2.093331669338261
EuNdPrCeO6,2.0890562180476095
SrEuPrTeO6,2.046501337294414
EuSmPrCrO6,2.0841699930448088
EuSmPrTaO6,2.021208569742849
SrNdPrVO6,2.0672742707514526
NdSmPrMoO6,2.098784611674087
SmCePrCuO6,2.007440750966976
LaSmPrTaO6,2.0889997879544864
LaSmPrAgO6,2.0275566758791603
LaSmPrAuO6,2.0532440821150795
PbNdTbPtO6,2.0530247924293095
NdPbPtAlO6,2.0631724728071257
PbCsCrPtO6,2.0588661041073015
HoPdPtZnO6,2.01603366669542
PdMnPtZnO6,2.085832667840797
SnPdPtCoO6,2.057110017727776
PmHoMnPtO6,2.0384864757633903
PmKCrPtO6,2.06621570500844
PmMnTePtO6,2.0914112158846807
PmTlTbPtO6,2.073386677452382
HoMgPtZnO6,2.0486058580052964
MgSmTePtO6,2.0859156988578937
MnSrTePtO6,2.082598247054893
MnVPtCuO6,2.0167590195997933
MnCaCrPtO6,2.071688961521007
MnCsTePtO6,2.0038449074012696
YbZnPtAsO6,2.0827891000961953
FeNiPtAsO6,2.0281964535991506
SrNaPtVO6,2.0280037816487115
NbSnPtVO6,2.024546472823027
NdLiTePtO6,2.066991274153737
SnSmCrPtO6,2.0105710420641194
SmLiPtAlO6,2.046560793533623
ScCeTePtO6,2.036802937304152
ScCuPtAsO6,2.0195279871437104
ScTlTePtO6,2.009778710332893
ScAgPtAsO6,2.001056898688131
TlCaPtAlO6,2.0680050680036763
TmTlTePtO6,2.0199877213765833
LaTbPtAuO6,2.0682732283016714
DyLiPtAsO6,2.060903051891405
PmEuPbTmO6,2.0269511134779608
EuNaPbTiO6,2.071733271529072
TlEuPbAgO6,2.073794341606723
SmNaPbSbO6,2.0256885216723366
TlNdPbYO6,2.015695272341995
SmCePbTmO6,2.039614873492755
PmKSmPdO6,2.0958763942337826
PmSmYbPdO6,2.0685989011296253
PmCeLuPdO6,2.002331896353087
PmCeDyPdO6,2.0103690369422647
PmYbPdAlO6,2.096816114088423
PmAgZrPdO6,2.0491405566585166
HoEuTmPdO6,2.072253790995128
HoCeLuPdO6,2.0368023054269506
HoLiTaPdO6,2.0797113893802717
HoTlZrPdO6,2.083680354253307
HfFePdCuO6,2.0764670738793773
HfSmTaPdO6,2.019184680365484
ErHgPdBO6,2.0710851155523904
NdMgPdBO6,2.008807139266091
MgSrTaPdO6,2.079556122972594
MnFePdCoO6,2.017324277817318
MnFePdTiO6,2.0891396178693364
TbMnPdAuO6,2.0546568606692737
EuScInPdO6,2.071645555321
LaEuPdAlO6,2.0873556605747576
ErSmLuPdO6,2.045908221771014
ErTlTbPdO6,2.0464986364065463
ErTlYbPdO6,2.0707150584170826
ErTbZrPdO6,2.03461734705028
ErDyZrPdO6,2.089467167788622
ErYInPdO6,2.039591275061825
ErInMoPdO6,2.009316601709976
NbFePdCoO6,2.0249394337615363
NbSnPdCuO6,2.087364825890127
NbSnPdTiO6,2.0741860791212146
NbLiTaPdO6,2.0847296141098877
NbLiPdAsO6,2.003697408272396
NbLiMoPdO6,2.025964576610959
NbTlTaPdO6,2.0760281140188517
NdSmCePdO6,2.0616903067360837
NdCeZrPdO6,2.041239489600753
NdCdTaPdO6,2.077312532273215
NdCsTaPdO6,2.0354487875458322
NdCsMoPdO6,2.078516500708068
NdTlZrPdO6,2.0522451518438376
NdAgZrPdO6,2.0791969055073882
SnCaTaPdO6,2.0448858048171283
SmScTaPdO6,2.0905197492637515
SmCaTaPdO6,2.0463949143594387
SmCaInPdO6,2.084987418379462
SmCeTmPdO6,2.0367060422766845
SmCeLuPdO6,2.0280358933018356
SmCeDyPdO6,2.0864114769825886
SmCeYPdO6,2.060477355034717
SmTmTbPdO6,2.052337452305861
SmTmPdAuO6,2.032296533155928
SmCsMoPdO6,2.0673517471460987
SmTlTaPdO6,2.0304454783094097
SmTlTaPdO6,2.0786486796578605
SmTlYbPdO6,2.044070682208967
SmTlMoPdO6,2.0878032734250374
SmTbDyPdO6,2.0318817451500624
SmTbInPdO6,2.0521508758442604
ScCsTaPdO6,2.002725069097242
SbCrPdCuO6,2.0116322576900196
SbTbTaPdO6,2.0362227062457343
CeLaYbPdO6,2.0358992709653507
CeYZrPdO6,2.0930565244067956
TmYZrPdO6,2.0560888681554053
LaTbDyPdO6,2.0877302955597026
TlYbZrPdO6,2.006368790474465
YTbPdAlO6,2.083065454211037
TaZrMoPdO6,2.037470608131111
DyYInPdO6,2.054059084598508
EuNdPmIrO6,2.0101529844755324
LaEuPmAuO6,2.0782381516918207
NdSmPmTaO6,2.0914079595685964
NdCePmAgO6,2.0361351646729995
NdCePmAlO6,2.080509192899106
TlNdPmMoO6,2.0547794514049937
EuNdHoAuO6,2.005908065921008
TlEuHoAsO6,2.0791755520653896
TlEuHoMoO6,2.070951725428062
NdErHoFeO6,2.0319093418316467
ErTmHoTiO6,2.041478758288052
TlNdHoAsO6,2.0547121319234187
SmCeHoAlO6,2.021018677854766
TlSmHoAsO6,2.083270919705371
SmLuHoAgO6,2.0344963319481897
SmYbHoAlO6,2.0989457603675397
TmTbHoIrO6,2.0655336989171103
TmDyHoAgO6,2.01418464894796
LaYHoAgO6,2.069900924998083
TbYbHoIrO6,2.0125474070106795
TbYbHoMoO6,2.0318806311320414
YbDyHoAuO6,2.009110183267281
SrEuHfSeO6,2.015100970364816
ErAgHfMoO6,2.0533243031229302
SmNaHfIrO6,2.0527262927851897
SmNaHfZrO6,2.0309280721945973
LaNaHfMoO6,2.096105094878063
NdTmHfCrO6,2.0211030712478513
LaCaHfAsO6,2.0089690827042315
LaCaHfInO6,2.0829133417631374
TmAgHfInO6,2.0232382853136754
LaTlHfTiO6,2.0433211092510803
LaAgHfZrO6,2.0201170484934594
LuAgHfAsO6,2.072219530543668
ErTbZrHgO6,2.0765018713848553
SmCaZrHgO6,2.081997466811245
SmTmLuHgO6,2.0643250502621022
SmTmLuHgO6,2.011103040314864
SmTmYbHgO6,2.001447884747808
SmTlTbHgO6,2.0464092897222326
SmTlInHgO6,2.0667504313150338
SmTbYbHgO6,2.041434998328474
SmTbInHgO6,2.0859815809898614
SmAgInHgO6,2.086544608668367
YbYZrHgO6,2.0998924739147102
EuSmCeMgO6,2.0357960261328083
SmYbAgMgO6,2.001162536389741
SmDyAgMgO6,2.0647487506182625
SmAgInMgO6,2.0400848939049547
SmAgInMgO6,2.074207726831269
ScAgZrMgO6,2.029475242644672
LaYbZrMgO6,2.0717224491825386
LaAgZrMgO6,2.042380919179992
EuNaMnVO6,2.0984444173432704
EuNaMnTiO6,2.0372607976267414
EuSmYMnO6,2.022759836663682
EuCaMnAsO6,2.0725964360644484
EuAgMoMnO6,2.0803840729370364
ErScMnAlO6,2.0020793266729577
ErTmZrMnO6,2.077036590571875
SmNaMnVO6,2.0725897372515396
SmNaMnVO6,2.0784276886566797
NbFeMnTiO6,2.010247248883753
SmNbMnTiO6,2.052345446184837
NbSbMnAsO6,2.0689404786534573
TmNbMnTiO6,2.098946017633457
NbTlMoMnO6,2.0795452015507396
NbTiMnAsO6,2.027698289541058
NdSmDyMnO6,2.02287290428304
NdCaMnTiO6,2.0488422917694153
NdYbZrMnO6,2.054275045405825
SnFeMnTiO6,2.0401489126184904
SnFeMnAsO6,2.094231900878608
SmSnMnCuO6,2.0227055349387824
SnLiMoMnO6,2.020515167210262
SmCaMnTiO6,2.0240160232600215
SmTmYbMnO6,2.019345704105433
SmTmMnAuO6,2.054774595346471
SmCsMoMnO6,2.0339902627106907
SmLaYbMnO6,2.071863333210936
SmLiTaMnO6,2.0644125693743116
SmLiMnAlO6,2.0706649995397837
TlSmMnTiO6,2.06992675466931
SmLuDyMnO6,2.086710619694092
SmTbDyMnO6,2.0375735801465003
ScTbZrMnO6,2.049792796802606
CaTmMnAsO6,2.0329942357503175
CeCrMnTiO6,2.0322635234149176
YbCdMnAsO6,2.030322555614361
TlTmMnTiO6,2.0315205777065657
LaTlMnTiO6,2.0987203724967403
LaTlYMnO6,2.0809604561407418
TlLuMnTiO6,2.073497197748526
ZnVWAsO6,2.05500280618371
EuNaTbWO6,2.0382000762960155
EuFeWCoO6,2.046694185313366
EuTmWAsO6,2.076028995874258
ErSbWCuO6,2.0674816925066337
ErTlTaWO6,2.0787452243382734
NdNiWVO6,2.032714281501477
NiCuWAsO6,2.0051997892239806
NiCuWAsO6,2.0005641784396406
NdSrTbWO6,2.033698538549952
NdSbWCuO6,2.044744551811321
NdTmTbWO6,2.097446967974054
NdAgWAsO6,2.0145431243712357
FeVWCuO6,2.092160106121234
FeCrWAsO6,2.002112954357567
SbVWCuO6,2.011015054314181
ScCrWCuO6,2.0462614739619283
SbCoWAsO6,2.052113640179573
CaCsCrWO6,2.087328074233608
TmLiWAsO6,2.0922355686334178
DyAgWAsO6,2.0878116544952596
EuSmTaZnO6,2.0782536846812567
EuTmCrZnO6,2.0255581630240833
EuLuTbZnO6,2.083806239593411
EuYbMoZnO6,2.0532367819535424
ErFeTiZnO6,2.0083498338838703
NbFeCrZnO6,2.0046416889665237
NbSmCrZnO6,2.062192221549929
NbCaTaZnO6,2.0645158769972496
NbTmTaZnO6,2.088615848254072
NbCsTaZnO6,2.064514126411609
NbLaTiZnO6,2.063388303020295
NdCeTeZnO6,2.0254780159593
NdTlTeZnO6,2.0965267209303806
SmFeZnCoO6,2.0295028498431558
FeLuTeZnO6,2.0837771506593157
SnTbMoZnO6,2.0567350767148938
SnTaMoZnO6,2.0498098193170815
SmScCdZnO6,2.020443972694334
SmScInZnO6,2.0884516730507254
SmTmTbZnO6,2.0471097456404386
SmTlTbZnO6,2.0291903248282086
SmLuYbZnO6,2.07518592290727
SmTbYbZnO6,2.0245521807236915
SmYbZrZnO6,2.0554691350593775
SmDyInZnO6,2.042668530847521
VCoZnAuO6,2.046620106892271
SbCaMoZnO6,2.0149295763333988
SbCeTaZnO6,2.0204635200575822
SbLaTeZnO6,2.082748974706828
CeLaTiZnO6,2.007687458297754
CeLaTiZnO6,2.0344709611672256
TmYMoZnO6,2.076206224182935
TbTaMoZnO6,2.0923780495699664
SmCeEuCdO6,2.017361784682852
SmCeEuCuO6,2.0377759671329785
SmCeEuAgO6,2.083695188618068
NdSmErIrO6,2.0690859672796194
NdCeErTaO6,2.0336119193807924
TlNdErAgO6,2.0483159334830203
SmTmErAgO6,2.062172596165027
CeTmErAuO6,2.0618427039143135
LuDyErMoO6,2.012321939597057
NbFeNiAuO6,2.0071777890684985
NbSrTiNiO6,2.0743950316250817
NbSrTaNiO6,2.036458326278542
NbCrTiNiO6,2.0431339027725013
NbCrNiAuO6,2.0560092055437087
FeCrNiAsO6,2.046050831470274
FeCrNiAuO6,2.0329035453163073
FeTiNiAuO6,2.032743939672371
TaFeNiAsO6,2.0263508192214803
TaFeNiAuO6,2.091731582908648
TaFeNiAuO6,2.089665600440388
TaFeNiAuO6,2.034422114179759
SnTaMoNiO6,2.014939065787587
SmCoNiAuO6,2.0652355831253058
SmTmLuNiO6,2.0005327341074555
SmLaYbNiO6,2.0434984941067107
SmLuTbNiO6,2.0045500687540723
TaVNiAuO6,2.0337279181617247
ScCuNiAuO6,2.068916893054314
ScTlTiNiO6,2.09115664418892
SbCsTiNiO6,2.0711930287891507
SbCsTiNiO6,2.09892193649221
SbLaTiNiO6,2.0616759186160847
SbTlTaNiO6,2.031457763310388
TmCsTbNiO6,2.03818491970892
CrCuNiAsO6,2.0756233389507366
LaTlNiTcO6,2.0943507733344804
LaTlDyNiO6,2.066305525114304
LaTbZrNiO6,2.0262995050588133
TlLuZrNiO6,2.0349333691497375
TbDyZrNiO6,2.013484439504672
TbAgZrNiO6,2.096169757168982
TaIrNiAuO6,2.098859777737773
NdSmLuNbO6,2.003240854269831
NdCdNbAlO6,2.0594244068226857
LaNdNbAuO6,2.0517933335412337
SmCaZrNbO6,2.0096474290107627
SmTmNbTiO6,2.088318227170068
SmLiNbAlO6,2.0127315596984596
ScLiNbAlO6,2.094483764005894
SbTaNbAlO6,2.035218446292023
LaCeNbLiO6,2.042965305442882
TmTlZrNbO6,2.0710843419105895
TmTbNbAlO6,2.004796022209454
TmAgNbAsO6,2.00728254449669
TlDyNbIrO6,2.0966755461449305
YTbNbAlO6,2.035811280476166
YbDyNbIrO6,2.0862658774914933
YbAgNbAlO6,2.0589546303538118
SnScTaFeO6,2.0024948691737787
SnScMoFeO6,2.087090803342474
SmCaTbFeO6,2.040674624384792
SmTmFeTiO6,2.0590453977702263
SmCrFeAuO6,2.0485659997558443
SmLaDyFeO6,2.0246705343338753
SmTlTbFeO6,2.0861966803922596
SmTlZrFeO6,2.0141781587631615
SmAgMoFeO6,2.0038770049668644
SmAgMoFeO6,2.098042163587701
SmInMoFeO6,2.0162117283548424
ScSbTaFeO6,2.025145252785598
ScTlMoFeO6,2.036972966812937
SbCeTaFeO6,2.0309273834486956
TlCaFeAsO6,2.0249613072633497
TmTlMoFeO6,2.0841696424926015
TmDyZrFeO6,2.042538221961514
TlLuTaFeO6,2.0428070433663166
TbTaFeAuO6,2.096273349283044
TbYbZrFeO6,2.0134819668144903
TbYZrFeO6,2.0309665667952994
TbAgFeAsO6,2.0112569852023814
SrAgAuBO6,2.000934138532336
SnTiIrBO6,2.0620636385450806
SmCeAuBO6,2.03262559382676
ScTmCrBO6,2.0653681923085982
CeTmCrBO6,2.0550320116854555
CeDyAuBO6,2.010868775773204
LuYbDyBO6,2.05537968217417
SmCsCrSiO6,2.0388744026367567
SmCsTaSiO6,2.036230749238396
ScLiTcSiO6,2.0839034560234726
CdYbZrSiO6,2.0286184585862497
CuLiTcSiO6,2.0777130993875486
CaCdSnTcO6,2.06406155970288
CaYbSnMoO6,2.043267583603941
LaTlSmLuO6,2.0261300282264023
ScSbTiVO6,2.0575576398908475
ScYbZrVO6,2.0225464822229955
SbCuVAlO6,2.092054564643326
SbCuVAlO6,2.0219176873211255
SbLaTeVO6,2.060242319483727
TlCoVAlO6,2.0939912823124356
TiCoVAlO6,2.024101355905941
TiCoVAsO6,2.0435293279246505
TlCaVAlO6,2.0286694987776537
CeCdVAlO6,2.0629662742942942
TmCsTbVO6,2.0164541352639227
TmDyVAlO6,2.050535081963016
TmAgMoVO6,2.034235506489057
CsCuVAuO6,2.0263767978894096
CsAgVAsO6,2.0741417072272887
LuCrVIrO6,2.0744527772942116
LiCuVTcO6,2.06858701353463
TiCuVAlO6,2.097911893978683
TiCuVAuO6,2.095289854354262
TaCuVAlO6,2.0931690088498693
TaCuVAuO6,2.026871535887101
TlLiVTcO6,2.056398669229795
TbLiVAuO6,2.0213960802606583
LuTiVAlO6,2.035708360273585
LuTbZrVO6,2.098785953934373
LuDyZrVO6,2.065427068314621
LuAgMoVO6,2.056381639470604
AgTiVAlO6,2.0639314832935205
AgTiVAsO6,2.0265541630322366
TbAgMoVO6,2.0433938773547187
YbTaVAuO6,2.033789122532471
DyAgVAlO6,2.065732762665064
LaTlScAuO6,2.044605848158698
LaDyScAlO6,2.0386230246944965
LaAgScAlO6,2.0001188318110423
YLuScAlO6,2.0244715675502536
TmAgSbAuO6,2.052660597563662
LaTlDySbO6,2.021040700052737
LaLuTbSbO6,2.0928121763678207
TmCsTcSeO6,2.059799514601115
CeTbTaCoO6,2.0948670076200786
TmCsTaCoO6,2.0460382369843493
TmYbZrCoO6,2.037494629854775
TmAgZrCoO6,2.028148497829267
LaTbDyCoO6,2.0682875454109566
LuTbYbCoO6,2.012321532888683
TbYbZrCoO6,2.0953270318899055
DyAgZrCoO6,2.0936423998040268
LaTlCeIrO6,2.018075125577073
LaTlTmTaO6,2.0356789644338384
TlTbTmAsO6,2.09412152710077
TlLiCrTiO6,2.089370815206625
DyLiCrAsO6,2.028410009754645
LuDyCrAlO6,2.086335112839206
AgTiCrAsO6,2.0735499088844147
TbYbDyCrO6,2.0859811384511113
YbYInCrO6,2.028742705185611
LaTlTbCuO6,2.066518753307615
LuAgZrCuO6,2.0163518625532917
LuAgZrCuO6,2.051407374119791
TbDyZrCuO6,2.077590880264791
TcIrCuAuO6,2.044789131945072
YYbLuIrO6,2.034656507445153
YInMoTiO6,2.0319927997814067
TbAgZrTeO6,2.0104365458577305
RePrAuZnO6,2.04164724861581
RePdVZnO6,2.0135779885360283
RePdVZnO6,2.0611044288967832
ReHgVZnO6,2.0592230900437607
ReHgAuZnO6,2.056851747534061
ReMgTcCoO6,2.094948442699085
RhRbOsVO6,2.0742157188845023
RhRbTcCuO6,2.03507261671873
BaRbIrPrO6,2.0537990828889128
BaRbWPbO6,2.0546200148203306
BaRbMoTaO6,2.0098551352143716
BiRbOsVO6,2.0775829165807904
BiRbGeCrO6,2.0846547009840317
BiRbSePtO6,2.0886204962116133
BiRbPtAgO6,2.004011814321504
BiRbSnHgO6,2.032578939225039
BiRbAsAuO6,2.0424446730218686
GdRbTaNbO6,2.037173304041482
GdRbNbInO6,2.019866398005156
GdRbSbLuO6,2.030432921002494
PrRbPtHgO6,2.07622999415404
PrRbPtNbO6,2.0940873218471925
PrRbFePmO6,2.0429923138142607
PrRbWHoO6,2.0909557775491217
PrRbCrHoO6,2.0153727032538113
PrRbWTmO6,2.0128680210648806
PrRbSiEuO6,2.0999707079012517
PrRbTiErO6,2.0218995620656655
PrRbTeErO6,2.0646058711743134
PrRbAuNdO6,2.062069910966622
PrRbZrNdO6,2.004687949677572
PrRbIrSmO6,2.0173752314383218
PrRbCrCeO6,2.0991260000467795
PrRbTcCdO6,2.0726066806532955
PrRbCrInO6,2.033411380297357
PrRbTiAgO6,2.0871216224500047
PrRbIrYbO6,2.035244897217024
PrRbAuInO6,2.0616428043357846
PtRbVWO6,2.0905196626212583
PtRbAsZnO6,2.0115172773837107
PbRbPdYO6,2.066045197409293
PbRbNbHfO6,2.004501520770474
PbRbMoHfO6,2.0533123693574264
PbRbMnTmO6,2.0114198964544237
PbRbWFeO6,2.0965268921958797
PbRbNbTbO6,2.040482949961276
PbRbSiFeO6,2.065136316438112
PbRbTiFeO6,2.005756875486187
PbRbVYbO6,2.054668644704089
PbRbCrTaO6,2.0926275465261415
PbRbTeLuO6,2.039413028657768
PbRbIrYbO6,2.064287068097866
PbRbAsIrO6,2.042888149888595
PmRbWEuO6,2.0894150604712283
PmRbAsNdO6,2.0118779478803823
PmRbTaTmO6,2.0624029016585324
PmRbMoTbO6,2.000495404904732
PmRbTcYbO6,2.0870011904621166
PmRbAuDyO6,2.0700070856727346
HoRbVErO6,2.0091437269002697
HoRbVNiO6,2.058676240910401
HgRbTaNbO6,2.0667071084569018
MgRbAsMoO6,2.06123422370713
MnRbAsVO6,2.023025818243381
MnRbTcCoO6,2.0427711812195137
EuRbMoTbO6,2.0242125999751606
ErRbSbNbO6,2.0526384019583754
ErRbAsTmO6,2.090127307100057
NbRbSeTiO6,2.0228218611478352
NdRbTcSnO6,2.0629283792710553
NdRbVTaO6,2.0989831048644088
NdRbSbCeO6,2.017801740919561
NdRbIrTaO6,2.0351071622311014
NdRbAsTaO6,2.000801686403428
FeRbSiCrO6,2.089567263209258
SnRbVMoO6,2.097253671148159
SnRbCoMoO6,2.0768998389809683
SmRbVCeO6,2.0574458104627937
SmRbVDyO6,2.029164057141476
SmRbSeTmO6,2.0532031549624894
SmRbCrYbO6,2.0200166481610813
SmRbCrAgO6,2.0434891075121286
SmRbAsTiO6,2.059191482546213
SmRbTbYO6,2.095722098656763
SmRbTcAgO6,2.0847335950529486
SmRbIrYbO6,2.0398088590668824
SmRbMoYbO6,2.095453364513958
SmRbAsMoO6,2.0817278401470203
SmRbMoInO6,2.042474681334517
VRbSeAuO6,2.018254939514766
CaRbTcMoO6,2.0738216521127955
TmRbTcCrO6,2.0062003595342714
TmRbCrInO6,2.0466880804642016
LaRbAsTbO6,2.069934592025494
LaRbMoTbO6,2.0176545991459074
LaRbAsTaO6,2.0846393763506184
TbRbTaYbO6,2.071166233503197
TbRbMoAgO6,2.074910958227368
RhGdAsPtO6,2.016244331477982
RhPrIrZnO6,2.0205529049757867
RhPbIrVO6,2.0897052111529093
RhPdSeZnO6,2.0536400099916206
RhPdTcZnO6,2.0351450680419214
RhPdIrZnO6,2.0579192547920826
RhPdAuZnO6,2.0743837147335675
RhPdIrVO6,2.0140312755883136
RhHoVZnO6,2.0810349626937144
RhMgIrZnO6,2.0514646421658806
RhMgIrZnO6,2.0755726208823693
RhKTcNiO6,2.0888443958704013
RhKTcCoO6,2.020230337165078
RhKTcCuO6,2.048574198255753
RhMnAlVO6,2.0032613885254356
NiRhSeAuO6,2.008788373538044
RhNaTcCuO6,2.031718306290319
RhNdAsVO6,2.079867538961711
BiBaAsHgO6,2.0470710293392758
BiBaVZnO6,2.0203835786915096
BiBaNbAgO6,2.0321968842417997
BiBaSiTaO6,2.0536086397515434
BiBaSnAgO6,2.0822969327121994
GdBaPdYO6,2.0166826648029366
GdBaHfErO6,2.097558422375553
GdBaSbHgO6,2.045460893535886
GdBaSiMnO6,2.0102523185757795
GdBaNbDyO6,2.0790825882975974
GdBaSnYO6,2.0495574173582076
GdBaMoYO6,2.0705157321742638
PrBaPtTmO6,2.044236116850403
PrBaPtYbO6,2.0555070761517324
PrBaWPbO6,2.051901100571837
PrBaNbPbO6,2.0697975773356494
PrBaPbNdO6,2.0329118090537217
PrBaIrErO6,2.031427820783338
PrBaNiCaO6,2.08960290981302
PrBaNbSmO6,2.0043866457460884
PrBaSnScO6,2.046862454251363
PrBaVAgO6,2.066032320254715
PrBaSeAuO6,2.094533911739018
PrBaCrCdO6,2.0024710206551557
PrBaTiCdO6,2.0640658851030156
PrBaMoTmO6,2.0853086748251983
PbBaFeHgO6,2.0676678637818497
PbBaSnHgO6,2.0288251224405935
PbBaTeMgO6,2.0378749632999864
PbBaMnAgO6,2.0257475367730158
PbBaVLiO6,2.077284406681578
PbBaSbAgO6,2.0928721188612998
PbBaCoCdO6,2.0538083880036178
PdBaWTiO6,2.079607734136878
PmBaWTmO6,2.08141055149608
PmBaAuZnO6,2.056195741462811
PmBaNiLuO6,2.098592043146951
PmBaVInO6,2.0683382564113524
PmBaTaCdO6,2.051247343150764
PmBaTcYbO6,2.072924242548439
PmBaZrAgO6,2.007712132914445
HoBaCrDyO6,2.0571907029975054
HoBaAsYbO6,2.0368771612154597
HfBaVHgO6,2.0870719709875547
HfBaCrMgO6,2.000251372559337
BaKVMnO6,2.0032746261720327
BaKCrSnO6,2.0896998624447
BaKIrCrO6,2.0418529577444566
MnBaSeCrO6,2.0368063760734283
MnBaTcCoO6,2.014490803508937
WBaSeVO6,2.076555044049289
EuBaNbScO6,2.0628650485086983
EuBaVDyO6,2.049494940554652
EuBaTeTmO6,2.0491512549702233
EuBaIrTmO6,2.0954080868414637
EuBaIrTmO6,2.067117712111751
EuBaIrLuO6,2.03239974401933
EuBaZrTbO6,2.0974508689977074
EuBaZrYO6,2.078358839588679
ErBaTcTmO6,2.0911453565833233
NbBaTcVO6,2.0223431472959743
NdBaTcLuO6,2.008013227239439
NdBaMoTbO6,2.047847478486066
SnBaTeTiO6,2.0114511838249
SmBaIrCdO6,2.0696445183172987
SmBaCrLiO6,2.046878972285962
SmBaCrAgO6,2.0429668492916995
SmBaAsTiO6,2.089447927476363
ScBaCrCdO6,2.087862123957207
ScBaTiTaO6,2.0889296184307757
LaBaTeLuO6,2.029116958088514
LaBaTcYbO6,2.0031941089832523
LaBaTaDyO6,2.0348696322497357
TbBaTaDyO6,2.041772878579925
TbBaMoAgO6,2.0564657915171742
BiPrBPdO6,2.083622585049195
BiPrCrHgO6,2.06213671964575
BiPrAsLiO6,2.0048884636329007
BiPbMnPdO6,2.049936835584233
BiPbAsCdO6,2.0602140573741954
BiHoTaHgO6,2.0830336145990276
HfBiVMgO6,2.009553187334353
HfBiTiMnO6,2.0140179175989092
BiNaAsLiO6,2.0126237597043453
NbBiCrLiO6,2.013888412992268
NbBiAsAuO6,2.083240489156046
BiNdTaScO6,2.058356110188558
SnBiAlVO6,2.0701514802737995
BiSmMoLiO6,2.0262805182264123
BiCsTcCuO6,2.052908928095658
BiLaMoAgO6,2.050384326408763
BiYbZrAgO6,2.0165051135746066
PrGdNbAgO6,2.052475115565616
PrGdSbDyO6,2.095194034786045
PrGdCrLiO6,2.0123257416686355
PrGdTiYbO6,2.0615382795463577
PbGdHfAgO6,2.011290878091014
PbGdNbCdO6,2.0041642853746464
PbGdYCaO6,2.0999571434075626
PbGdAsCdO6,2.080332117731411
PbGdAsDyO6,2.004601762059642
HfGdSnHgO6,2.08469097582372
HfGdMnLiO6,2.0594582965101007
HfGdBTiO6,2.0718924752052432
FeGdSiAuO6,2.094104354473847
SnGdTiLiO6,2.017135545916049
GdSmTiLuO6,2.097511780929745
GdSmZrTbO6,2.0292492750582865
GdTlAsYO6,2.0404937017959246
PtPrBZnO6,2.094275844604841
PbPrNiHgO6,2.018676132847733
PbPrIrZnO6,2.01079150892226
PbPrNbTmO6,2.0696403145065903
PdPrAsTiO6,2.018182074090651
HfPrSnHgO6,2.0469138462002285
HfPrAlCrO6,2.052069130044531
PrKNiEuO6,2.089070035169896
PrKIrNdO6,2.001940309598936
PrKTcSmO6,2.028473469643019
PrKIrScO6,2.0007740061959987
NiPrAuVO6,2.0588958423942834
PrSrCeSmO6,2.0596836381833503
PrSrTaScO6,2.042959901848602
PrSrZrCdO6,2.0151801998277254
SmPrCrLiO6,2.057754964207843
SmPrAuCrO6,2.040857801730272
CePrCrDyO6,2.080083037710954
PrTlTcLuO6,2.088335355815843
PrTlIrLuO6,2.0748997781609404
PrTlZrLuO6,2.0623128093557823
PrTlAgYbO6,2.075525594839767
PrTlMoInO6,2.07132054541044
PtHoAlZnO6,2.0545420498821496
PtHgIrZnO6,2.0610499012962724
PtMnVZnO6,2.0399132790087204
MnPtSiCoO6,2.0319428814070384
WPtVZnO6,2.061246758059132
PtNaAuVO6,2.0378223984239927
PtNaAsCoO6,2.098830983065048
VPtTcCuO6,2.0445327912792473
PbPmAlHgO6,2.065542117671294
PmPbWYbO6,2.0820652393743706
PmPbTiYO6,2.0254108100008574
PmPbTaDyO6,2.0981391644494956
HoPbSbMgO6,2.037767174788075
HoPbSeAuO6,2.0601695281955936
HfPbTaLiO6,2.052613950181787
PbKCrFeO6,2.0517269719344062
PbKTeFeO6,2.0100690157720873
MnPbAsTiO6,2.0478809481527533
EuPbSbDyO6,2.016552036439094
ErPbIrTmO6,2.042443756734922
ErPbTaDyO6,2.0164196910805687
NbPbVFeO6,2.0680640341498413
NbPbSeTiO6,2.0255223157154814
PbNdAsCoO6,2.065247087655851
PbNdTeCdO6,2.0287704138853577
PbNdTcLiO6,2.050675424709135
NdPbTeYO6,2.091586021033795
NdPbTaYbO6,2.0777040232294883
PbNdAsAgO6,2.0551490076800953
PbSrTaTmO6,2.0710064041126865
SmPbVLiO6,2.0737916043930658
SmPbVDyO6,2.0937096355894265
PbSmAlCdO6,2.026903526150386
PbSmTiTmO6,2.0888537376370175
SmPbCuAgO6,2.038093189684846
ScPbTcCuO6,2.0488650792433134
CePbTeDyO6,2.0528874249596436
PbCsIrTeO6,2.049293844732205
PbCsZrTbO6,2.086008912323076
LaPbTiTaO6,2.0503321570832456
PbTlIrLuO6,2.0598683937102384
PbTlIrDyO6,2.0516063873486314
PbTlAsDyO6,2.008230002198414
TbPbTcYbO6,2.0456667131357404
PdPmVMnO6,2.0549678175737767
PdPmTiMnO6,2.096438537913248
PdPmAlVO6,2.0557903534105493
PdMgTcZnO6,2.021428888165356
PdKAsWO6,2.0497818965291272
PdKVNiO6,2.0170209054004196
PdKAuNiO6,2.025035761977017
MnPdWCrO6,2.059902559781685
MnPdBZnO6,2.014282783547975
MnPdTcNiO6,2.0734552892826614
MnPdTcNiO6,2.028025090346424
MnPdAuNiO6,2.0701587388800053
MnPdVTiO6,2.050477550678643
MnPdAsCrO6,2.0076194828122076
PdEuAlCrO6,2.0774673348318857
NiPdBVO6,2.07993873764825
NiPdIrVO6,2.0842915094699053
PdNaAuTeO6,2.017306747431722
FePdVTiO6,2.043177833690389
PdSrTeCrO6,2.0377532991365994
HfPmInCdO6,2.0780397568283413
PmKVMnO6,2.0640154407106395
PmKSbScO6,2.0746070847029943
WPmIrZnO6,2.0754806583273755
PmSrIrTmO6,2.042857520376684
SmPmCrCdO6,2.0346104684071227
SmPmAlCdO6,2.0320600956923416
SmPmCrLiO6,2.061286395606132
SmPmAlTiO6,2.0878619778416008
CePmCuYbO6,2.09791151991144
CePmAuYbO6,2.0800314810703235
PmCsIrTaO6,2.034450274257535
HoKMoScO6,2.0044474125208573
HoKTcTmO6,2.061110531211211
NiHoAlVO6,2.0178212513578475
HoNdTaCdO6,2.030154190388636
HoNdAuYbO6,2.0651743280598316
HoSrSeScO6,2.018274535102999
HoSrZrLuO6,2.074784648062035
SmHoCrDyO6,2.0643366210949137
HfKTcCrO6,2.0166405607056728
HfScAlTiO6,2.0340266146843873
SbHfCuLiO6,2.0137974748786647
HfTmTcLiO6,2.0099284111753652
HgKVNbO6,2.044362669431834
MnHgBZnO6,2.032254781474888
MnHgAsZnO6,2.095318900204322
MnHgCoTiO6,2.0002604936499724
SbHgAlTiO6,2.0528951605479784
MgKIrCrO6,2.0477403801442935
MnMgAsZnO6,2.0772214870554397
MnMgIrVO6,2.021439015270018
MnMgAsCrO6,2.08012482798561
MnMgAsAuO6,2.0076362430445465
WMgIrZnO6,2.061625654608554
NiMgTcCuO6,2.0520409495528256
NbMgSiTaO6,2.0900913227582874
NbMgCrLiO6,2.06494138793899
NdMgSeAuO6,2.0701896473398675
FeMgTeTiO6,2.026972515784145
SbMgTeCrO6,2.0506061736449466
SbMgTeLiO6,2.032393245975883
MnKAsFeO6,2.0500725253923364
EuKTaErO6,2.0501795879235325
EuKNbLuO6,2.0374677859369736
EuKIrTeO6,2.0316547624227392
ErKTaScO6,2.0976460559388173
ErKTaTmO6,2.033577424735478
ErKCrTbO6,2.050995794882886
ErKCrYbO6,2.0391652265016575
ErKAuInO6,2.036387588447017
NiKAsVO6,2.0297491967216885
NiKTcCoO6,2.0260803834808314
NiKAsIrO6,2.023363372562059
NbKSiVO6,2.0588922546331547
NbKSeMoO6,2.050490080831159
NdKAsVO6,2.089424646869275
NdKTcTbO6,2.0423934212931085
NdKAuYO6,2.0876639042756118
FeKIrTeO6,2.016833416012507
SnKTaSbO6,2.0862986605455744
SnKCrMoO6,2.0075211915120965
SnKIrTaO6,2.063491115314133
SmKAsVO6,2.098688488932857
SmKSeCrO6,2.073294708094117
SmKCoCeO6,2.0183637011806788
SmKIrCdO6,2.0699130432992474
SmKZrCdO6,2.0416466515735334
SmKTeCrO6,2.010195465561118
SmKAsCrO6,2.0002960765309448
SmKTcTeO6,2.08134537410746
SmKTaYO6,2.0386493448552407
SmKTaInO6,2.0541182887877016
SmKAsAgO6,2.087505886852604
CaKAsTaO6,2.0749268243846912
CaKMoZrO6,2.0589986559448556
TmKAsTiO6,2.013620677313245
LaKTaAgO6,2.0968717481973895
LuKMoInO6,2.078114364393426
TbKAsYbO6,2.043160208229005
AgKAsZrO6,2.0109208608077895
NiMnSiCoO6,2.0700202342833296
MnNaTcFeO6,2.024179371483679
MnNaAsFeO6,2.0677871143944473
MnNaAsCoO6,2.0745824725666058
MnNbAlVO6,2.0724448122622077
NdMnSiTiO6,2.0152359296420927
NdMnSeTiO6,2.044908699657028
FeMnAlVO6,2.0605613830344574
MnScAsTiO6,2.0703806587815583
MnCaCuCrO6,2.046084234481819
MnCaTcCuO6,2.0520525900408066
MnCaAsTiO6,2.0053026365098305
MnCsIrCrO6,2.0034732774797757
MnCsTcTiO6,2.0858976370640963
CrMnAsAuO6,2.0078343008049693
WEuTcVO6,2.0814801963227905
WSrTcCuO6,2.043811643070739
ErEuSeLuO6,2.096401874993165
ErEuMoTmO6,2.0851295401962253
ErEuTaDyO6,2.0900797819677197
ErEuMoYbO6,2.017238982440159
ErEuZrDyO6,2.0091262908999403
NbEuAsTiO6,2.0913311513679207
NdEuFeYO6,2.04656140547225
NdEuSiYO6,2.074188976305929
NdEuTcSmO6,2.0442252061229556
NdEuTeYbO6,2.0157285111291454
EuSrAuYbO6,2.0920851414454824
EuSrZrAgO6,2.0098579716899487
SnEuVLiO6,2.0681594586316674
SnEuAlVO6,2.0100813112776876
SnEuAuLiO6,2.001326528632269
SmEuSbTmO6,2.077229129525661
SmEuCoTmO6,2.0355603613138245
SmEuAsCaO6,2.068547926802828
SmEuMoCaO6,2.0181620128079967
SmEuAsCrO6,2.0843267209741816
SmEuCuYbO6,2.029686886348972
SmEuIrLuO6,2.0521137046798144
SmEuAsTiO6,2.089449388607247
SmEuTcTbO6,2.056064179948686
SmEuTcYbO6,2.0865592953211585
SmEuTcDyO6,2.05298588073083
VEuAsAuO6,2.085375092532651
TmEuMoTbO6,2.0587356135227903
LaEuTaYbO6,2.0673744982798743
LuEuAuDyO6,2.0122904589308193
TbEuIrYbO6,2.0774088780684092
TbEuZrAgO6,2.075982005591173
ErNaAsScO6,2.072933639536558
ErNdTiTmO6,2.0306300336664473
FeErSiAuO6,2.0433200694547256
ErSmTeLuO6,2.084394713653139
ErSmAsYbO6,2.031827303914065
SmErAsAuO6,2.0832710586151424
ErCaIrTmO6,2.040881762974666
ErCaZrYbO6,2.0610052959023277
ErTlMoInO6,2.050874144391596
TbErTaAgO6,2.098026918896915
NbNaAsVO6,2.0146219510950405
NbNaTiSbO6,2.016080456229719
NdNaVYO6,2.0462147495431937
NdNaCrDyO6,2.0914421821527776
FeNaAsIrO6,2.095160954124567
SmNaVDyO6,2.0770090388078137
SmNaSeYbO6,2.0607236088017546
SmNaSeIrO6,2.0130194421896235
SmNaTiMoO6,2.0067069095803287
SmNaTcZrO6,2.099981845606815
SmNaTaAgO6,2.016973793755598
ScNaTaSbO6,2.077486091945521
ScNaTcTaO6,2.0067143814348696
ScNaMoInO6,2.042962671439186
TmNaAsYbO6,2.0516547910472878
CrNaAsTiO6,2.0669550959517538
LaNaTaAgO6,2.0704701305728825
TlNaTaYO6,2.0753998976221126
TbNaMoYbO6,2.0769856549061223
TbNaIrDyO6,2.0265301792442303
NbNdTiLiO6,2.065941368717532
SmNbCrLiO6,2.0383729598378872
NbCeTiLiO6,2.085140894125644
NbCeMoLiO6,2.091511872226292
NbCdTaLiO6,2.0956060418831197
NbTmAsTiO6,2.077623210499079
NbLaMoLiO6,2.0618140450685445
NdSrTaCdO6,2.032045789176824
SnNdMoLiO6,2.0956693284472343
SmNdVCdO6,2.0372152201545934
SmNdZrScO6,2.007110156412477
SmNdAsCdO6,2.0708764076167294
SmNdTiTmO6,2.0922240151329747
SmNdTaLiO6,2.036308521783569
ScNdCrCdO6,2.0587163119320877
CoNdAsAuO6,2.0559301346443357
CeNdTeCdO6,2.064611634553132
CeNdTaTmO6,2.027785386113138
CeNdTiLiO6,2.0102401252259976
CeNdTiYbO6,2.0168635083653625
CeNdTaDyO6,2.057363252616189
TmNdCrYbO6,2.054815500092224
NdCsAsTbO6,2.0052458183630684
NdCsAsIrO6,2.070489928098644
TlNdTiInO6,2.0873429877513847
NdTlTcTeO6,2.056622317579417
NdTlIrTbO6,2.0599563265786514
NdTlAsTbO6,2.0571765815791543
TlNdTcYbO6,2.0673369187560007
TbNdTaInO6,2.026016223058633
YbNdMoDyO6,2.025839911362587
IrNdAsAuO6,2.0472958491399473
FeSmAsTiO6,2.0727859673556255
FeSbAlCrO6,2.0616749230951674
FeLiAuTeO6,2.040666417232724
SnSrTcCrO6,2.0703227834124234
SmSrTiTmO6,2.027615365691968
SmSrTcTmO6,2.092455197931804
SmSrCrLiO6,2.009444689464349
SmSrTeYbO6,2.0643250110095352
ScSrTiSbO6,2.048466087435754
SrCsTcTeO6,2.0997418668297967
LaSrTaYbO6,2.083961368455335
LaSrIrTaO6,2.075188272053056
LaSrIrDyO6,2.02717589782836
LaSrMoDyO6,2.0859838428189863
LaSrAsAgO6,2.000747344297629
TlSrTaDyO6,2.064322813016115
TlSrAsAgO6,2.0529656307801463
TbSrAsYbO6,2.0963495836796744
TbSrZrYbO6,2.091091949275041
YbSrAuAgO6,2.0696064306492112
SnSmAsTiO6,2.035733375483791
SnScMoLiO6,2.0317981146327466
SnTmTcCrO6,2.0782512393211934
SnLaMoLiO6,2.080253258971635
SbSmTiTaO6,2.0271733140764616
CeSmIrDyO6,2.0943649332225314
TmSmTcLuO6,2.0024633129092906
TmSmMoDyO6,2.0979377615396855
SmCsMoTbO6,2.092945980133638
SmCsMoYbO6,2.0973159263439007
SmLaTiLiO6,2.0781238152107853
SmTlAsTiO6,2.006190745073824
TbSmIrYbO6,2.074433472250928
TbSmIrDyO6,2.0896957990842364
TbSmZrAgO6,2.025389725716117
TaSmAsAuO6,2.0762621644292207
VTmTcCuO6,2.0397534606125554
SbScCrLiO6,2.076533494879658
SbCeTiLiO6,2.00573049453464
LuCaAuYbO6,2.0464221432893437
LuCaZrYbO6,2.0835764819123614
LuCaMoDyO6,2.099822203529723
YbCaAuAgO6,2.0135677253686817
TaCeAlAuO6,2.021992512986521
TlTmTaAgO6,2.0474342120797835
TbTmTaAgO6,2.0476611248414294
TbTmIrDyO6,2.0514931591043153
LuCsIrTbO6,2.0266522873653496
TbCsIrInO6,2.0259001332672733
YbCsAsMoO6,2.089924723606088
TiLiAuTeO6,2.0401594408771975
YbLiAsAuO6,2.0775211749525564
TbLuIrYbO6,2.093167834336775
TeTiAsAuO6,2.06889863693344
ReNdIrZnO6,2.024467397593469
ReSrIrZnO6,2.012680228677485
ReLuIrZnO6,2.010177497226024
ReTbAsZnO6,2.0361957332363025
ReYAsZnO6,2.067489990937939
PrRbRhNdO6,2.0344846992897243
PbRbRhAgO6,2.0133198483805854
PmRbWRhO6,2.0096819877798393
HoRbRhYbO6,2.0577891628069414
HoRbRhInO6,2.0262277379665448
MgRbRhFeO6,2.027150507262502
MnRbRhFeO6,2.0417024570585047
EuRbRhSmO6,2.074334268864337
EuRbVRhO6,2.000455581257093
EuRbRhTiO6,2.074419177520528
NdRbRhZrO6,2.0511388006698157
SmRbRhLuO6,2.0070413693977547
CuRbTcRhO6,2.0440181843266343
TbRbRhMoO6,2.00156350076922
PbRbPdBiO6,2.073863483616537
PmRbVBiO6,2.0501829789168298
TmRbTcBiO6,2.093526164375495
PrRbOsCaO6,2.0084122674232656
PbRbOsLuO6,2.098376866366867
PbRbOsTeO6,2.0791532220345093
SmRbOsCeO6,2.0735329865212315
SnRbGeTaO6,2.010073316060538
SmRbGeTbO6,2.0750953754704975
CrRbGeTiO6,2.032192289111137
PrRbZrGdO6,2.0521656415246334
EuRbAsGdO6,2.0545474815625107
NdRbTaGdO6,2.050202372772342
SmRbCrGdO6,2.0226979630744366
EuRbVPrO6,2.0837306787972922
NdRbIrPrO6,2.0936321935651083
PbRbPtFeO6,2.0439119994855006
ZrRbPtInO6,2.0795648108291376
SmRbCrPbO6,2.007278876209205
SmRbTiPbO6,2.087456488788515
ErRbAsPdO6,2.051954325651194
TaRbAsPdO6,2.095890706909706
TlRbAuPmO6,2.0800622825012267
EuRbTcHoO6,2.0225491792777257
YRbMoHoO6,2.048364257694132
SmRbMoHfO6,2.0773835594486663
TbRbHfDyO6,2.0277567769322324
SmRbTcMgO6,2.003862566507192
EuRbCrMnO6,2.0942762318176036
LaRbMnTbO6,2.07241478537949
LaRbAsMnO6,2.0206005934712112
LuRbMnTaO6,2.065642596578316
NdRbWTaO6,2.003623937781643
LaRbWDyO6,2.083736147122133
VRbIrZnO6,2.0410553645763545
VRbAuZnO6,2.0383868485140595
SmRbCrEuO6,2.0021342298391436
SmRbTaEuO6,2.0250424220307077
SmRbIrEuO6,2.034022207176898
SmRbTaErO6,2.0871115927698054
TbRbIrErO6,2.0524724544726123
SnRbNiSbO6,2.08870505275841
TbRbNiYbO6,2.013888577330041
NdRbTaNbO6,2.0574986730739235
SnRbTeNbO6,2.079317565618975
SmRbNbDyO6,2.0095746242078296
TbRbTcNbO6,2.007888480986813
TbRbNbAgO6,2.011573091494044
TbRbNbAgO6,2.0340101499061465
DyRbNbAgO6,2.0928066355705495
SmRbCrNdO6,2.0974255685439394
SnRbTcFeO6,2.005966875319795
TeRbTcFeO6,2.0563662876344324
TbRbAsFeO6,2.002956885527802
CrRbVTiO6,2.064495569748236
LaRbVTbO6,2.0348635083042566
LaRbVYO6,2.073887958642002
LuRbVYbO6,2.014832388143336
LuRbVDyO6,2.010562191747852
TbRbSbDyO6,2.0078725452576593
TbRbCoYbO6,2.037446619502774
TbRbAuTmO6,2.0739430576241613
TeRbTcCrO6,2.0017615196494907
YbRbIrTaO6,2.0427788206499815
AgRbIrTaO6,2.0609623712949343
AgRbMoTaO6,2.07142505961092
RhSrSiPtO6,2.085130762409073
NiRhAsZnO6,2.007434707980731
RhNdIrZnO6,2.0281404170207864
RhSmVZnO6,2.0199911397613537
RhCaAuZnO6,2.0302245083696366
RhTlAsZnO6,2.0827595807506425
RhYIrZnO6,2.042519574515057
RhAgIrVO6,2.0334002463335956
GdBaFeBiO6,2.066565722672187
PrBaBiPbO6,2.086176877226745
EuBaVBiO6,2.0299362230456603
ErBaNiBiO6,2.0147647940719198
LaBaBiDyO6,2.0235780830922088
PrBaOsHgO6,2.0797122951622553
EuBaOsSmO6,2.027291793186235
SmBaOsAuO6,2.024096662659377
TlBaOsDyO6,2.081941490586444
MnBaGeVO6,2.057420705776009
SnBaGeCrO6,2.09083256187958
LaBaGeDyO6,2.043011479592019
BaCsTcPrO6,2.0139471701316265
PmBaPtCrO6,2.095106139553292
PmBaPtYO6,2.05149936574886
MnBaSePtO6,2.0012626943573606
MnBaAsPtO6,2.0475131994688995
ErBaPtYbO6,2.0794056134610166
NdBaAsPtO6,2.040621342968494
SmBaPtCaO6,2.0506028837801584
SmBaIrPbO6,2.045060293967305
YBaIrPbO6,2.0250619367741165
PmBaSiPdO6,2.057811649772962
TlBaPdYO6,2.0583660833735604
DyBaAsPdO6,2.089096522778291
SmBaTaHoO6,2.0191742152650267
YBaZrHoO6,2.059102928807818
EuBaHfYO6,2.0145727068753887
SmBaHfTbO6,2.0576338640596545
TmBaHfYbO6,2.0912030683261262
SmBaTeHgO6,2.022740052666252
ZrBaMoHgO6,2.018597927778722
NdBaMoMgO6,2.0427972671650174
CeBaTiMgO6,2.06987737290825
EuBaMnTmO6,2.0595982157737507
EuBaTeMnO6,2.0446187771230675
BaCsTcMnO6,2.0710097050882594
TiBaAsMnO6,2.034549780598919
YbBaMnAgO6,2.0763736097709233
DyBaMnAgO6,2.094672080712046
ErBaWTmO6,2.012926217995973
SmBaWAgO6,2.0541496915782806
TmBaWYbO6,2.011293319662896
BaCsTcWO6,2.0772382994221337
NiBaSeZnO6,2.0556754718956123
VBaIrZnO6,2.086611363270333
SbBaAsZnO6,2.054406617012856
TaBaIrZnO6,2.0289973185766956
SmBaCoEuO6,2.0250794275080883
LaBaTaEuO6,2.0966071350113142
TlBaTaEuO6,2.0171226433113554
TlBaIrEuO6,2.0002933934269405
TlBaMoErO6,2.068200100416024
SmBaNiCeO6,2.0901583404030695
CrBaNiTiO6,2.094511900330293
SmBaTeNbO6,2.007969051342818
SmBaNbAgO6,2.088315637546739
SmBaFeDyO6,2.0747640188891605
LaBaVAgO6,2.0207480563579034
TlBaVYbO6,2.0074903637316983
TlBaZrScO6,2.093853833427249
TlBaSeYO6,2.018372967326484
TbBaSeDyO6,2.0511215392419033
LaBaCeTlO6,2.045585090300449
TbBaIrCdO6,2.0113025030709717
TlBaAuTmO6,2.0047652236111064
TaBaIrLiO6,2.0626078345713807
TaBaAuLiO6,2.0765704261641424
TbBaTcLuO6,2.036549070944005
TbBaTiYbO6,2.065323918618342
PrBiGePdO6,2.003324999171759
TbBiGeAuO6,2.0459382673930264
NiBiGaVO6,2.0975683453853757
CrBiGaTiO6,2.0281925214667447
BiKVPtO6,2.059677749630739
WBiAsPtO6,2.07861975879268
MnBiBPdO6,2.002266063275625
BiTmTiPdO6,2.0734057226748717
CrBiTePdO6,2.0853154957141
BiNdFeHgO6,2.095501644907112
BiSmTaHgO6,2.063935068013042
BiLaTaHgO6,2.0792391942326685
BiKVMgO6,2.067031660162176
BiEuNbMgO6,2.090404138303746
SmBiMnLiO6,2.030840259451682
BiNaSeZnO6,2.0275323448574047
TeBiAsZnO6,2.0899891288473946
TbBiNiAgO6,2.027712287823486
BiCsAsNbO6,2.0968268162148838
TiBiSiAuO6,2.0922063285568213
BiDyAlVO6,2.0284892579195812
BiCsTcScO6,2.035467104601823
GdEuCrPbO6,2.0590026443490146
GdSrSiPdO6,2.0883588146808454
GdEuCoHoO6,2.0561772318173293
GdSrTaHoO6,2.0789550040948117
GdCsTcHoO6,2.0996598011645418
GdCsIrHoO6,2.0236743284962277
GdSmCrErO6,2.020707381616331
GdSmTiErO6,2.058190791023161
SmGdNiCaO6,2.019654941351857
GdCsTaSbO6,2.0567484261060613
CrGdSeAuO6,2.0715548775434893
GdTlAsCrO6,2.033022146030727
PrSrVPbO6,2.096726422593007
SmPrMoPbO6,2.0765220719873363
CePrLuPbO6,2.056060889108327
PrTlMoPbO6,2.0687721643448604
PrKVPdO6,2.0759090532946685
MnPrTcPdO6,2.082270283881144
SnPrCoPdO6,2.0237565872663636
SnPrTePdO6,2.0311640607235084
PrKCrPmO6,2.00830869978225
PrKTcPmO6,2.001785832513267
PrSrCoPmO6,2.0837291945064744
PrSrTePmO6,2.044178089215569
PrTlTaPmO6,2.049884615983866
PrSrMoHoO6,2.037744139190151
PrTlIrHoO6,2.0813400765709926
SmPrMoHgO6,2.05611347941602
CePrTeHgO6,2.0443813023154807
PrCsTcMgO6,2.077206808419234
SmPrMnCaO6,2.0709362892416237
FePrIrZnO6,2.093848038862395
SnPrAlZnO6,2.0177425632724932
SmPrIrZnO6,2.0180296981545895
SbPrZnLiO6,2.0281741948042904
TbPrIrZnO6,2.078951154371361
PrCsTcNbO6,2.067868801009795
SmPrMoNdO6,2.0290775277199318
PrTlAsNdO6,2.055985731787444
PrCsTiFeO6,2.004261416382188
TbPrFeYbO6,2.0515100916493823
CePrAsSmO6,2.087362918728956
PrCsTeSmO6,2.0561045032335095
PrLaAgSmO6,2.0863528614948446
PrCsMoScO6,2.0281500647255553
PrTlTiSbO6,2.0261597930458666
PrLaTiCaO6,2.065540416860726
PrTlTcCeO6,2.073860997310663
PrTlTaTmO6,2.010662476908311
PrTlTcCrO6,2.0828474651545053
PrTlTcCrO6,2.089936064052162
PtNdSeZnO6,2.0581645071854737
VPtTcZnO6,2.053494053141505
VPtIrZnO6,2.022861587489069
PtScIrZnO6,2.0766859203002492
PtTlIrZnO6,2.0442016176351667
PtLuIrZnO6,2.099623298264878
PtYAsZnO6,2.0513852691142564
PtCsAuNiO6,2.00163553768026
PtCrTcNiO6,2.015551491391145
PtTiAuVO6,2.0634231698531673
PtCsIrCoO6,2.065217670442339
HoPbPdTmO6,2.090075010369933
MnPbCoPdO6,2.0688025000362606
PbEuSiPdO6,2.0138647799411036
PbSrCrPdO6,2.0966454650365955
SmPbPdYbO6,2.0946761814778196
TmPbTcPdO6,2.028276754890714
TiPbTcPdO6,2.0545540337640844
TaPbPdMoO6,2.0669664724556758
ErPbZrHoO6,2.017509762913949
PbTlTeHoO6,2.032882352228645
PbEuBHgO6,2.085451080612335
PbSmMoHgO6,2.01520720944214
PbEuTeMgO6,2.089269954913645
PbLaMoMgO6,2.042260445440254
TbPbAuMgO6,2.0172066594618174
PbNdSeMnO6,2.059195621306522
SmPbMnLuO6,2.0515340161831346
CrPbAlMnO6,2.084821205385816
LaPbMnDyO6,2.0698762633416656
PbNdAuZnO6,2.0994075253942417
FePbAsZnO6,2.0781876477680057
CuPbTcZnO6,2.0898181406187812
DyPbAuZnO6,2.071236368390602
SmPbNiTmO6,2.0107299291577174
CuPbTcNiO6,2.0349555003938584
TiPbTcNiO6,2.043877165890456
TaPbAsNiO6,2.0581842460427966
ScPbNbAgO6,2.066192079783749
TmPbNbInO6,2.0395504509124835
TlPbNbYO6,2.0746417598629106
TbPbNbYbO6,2.0446687775158803
TbPbNbAgO6,2.017510428729767
PbCsTcFeO6,2.010223693738731
SmPbBCaO6,2.0147977840720475
SnPbSiTiO6,2.017125997698694
SmPbSiVO6,2.010268229248911
ScPbSiCrO6,2.098651171770883
SmPbSnDyO6,2.0558510538313066
ScPbVSbO6,2.0914905595247055
TmPbVTaO6,2.0047528474798475
LaPbSeAgO6,2.0306766757602723
CrPbCoTiO6,2.061049681683375
TlPbCoTaO6,2.065059359468193
PbTlAuCaO6,2.074041152307748
PbTlAuCdO6,2.0764954640536004
PbCsTcTmO6,2.0979725243852827
LuPbIrTmO6,2.035659789630359
PbTlAsCrO6,2.0382203918787556
ZrPbMoLiO6,2.056431950234424
YbPbTaAgO6,2.0242215835814545
DyPbIrTaO6,2.070438887009125
PdNdSeMnO6,2.0235810077179
PdSrSiMnO6,2.02074455204586
EuPdWFeO6,2.091277220532953
SnPdWTiO6,2.0280734547571067
SbPdWTiO6,2.0607188734575397
FePdVZnO6,2.0749862629442473
VPdSeZnO6,2.0530790794812237
PdSbAlZnO6,2.0326180524954407
PdCaTcZnO6,2.0849901526418138
CrPdIrZnO6,2.0630033885408303
CrPdAuZnO6,2.042282226741011
PdAgAsZnO6,2.019544548110011
FePdNiTiO6,2.058163773712036
CrPdNiTiO6,2.0875702347544816
PdCaAsFeO6,2.042016833287028
PdCeTiFeO6,2.0280586046035007
TiPdTcFeO6,2.0051127399108624
CoPdCuVO6,2.0981965800901365
CrPdVTiO6,2.0624251562526297
CePdCoCrO6,2.0670181098056752
PdLiTcCoO6,2.0256198169820037
PdLiTcCrO6,2.080865602325725
PdAgAsTiO6,2.0741881030832174
CePmTeHgO6,2.0449334809380293
TbPmTaMgO6,2.0008770307311963
PmSrTeErO6,2.0313023469314953
PmSrTcErO6,2.018836567093228
PmTlIrErO6,2.040773220491417
SmPmNiAgO6,2.0016458693005386
TbPmNbDyO6,2.015181565412841
PmTlTcNdO6,2.0978612917216766
CePmBTmO6,2.0034239928411948
TcPmAsCoO6,2.094382995153224
CePmInCaO6,2.0413231656510433
TiPmAlCrO6,2.0922291831144113
HoNdSbHgO6,2.0340788894620863
HoCaAsMgO6,2.0700780595246266
CoHoAsZnO6,2.017745459902495
CoHoAuZnO6,2.020266408953202
HoTlTaErO6,2.027496077615951
SnHoFeLiO6,2.037343891237418
TiHoAlVO6,2.008198175263107
HfEuTiHgO6,2.061182275265099
HfErCrHgO6,2.0984319773784166
HfScCoHgO6,2.038883983824303
HfTlMoHgO6,2.0705331729075143
HfYMoHgO6,2.038115423984738
HfAgMoHgO6,2.0259492921245386
HfEuSbMgO6,2.032807558425973
HfErTaMgO6,2.0149420578255666
HfSmSbMgO6,2.0807770166225437
HfSmAlMgO6,2.0599515645320574
HfTlAsMgO6,2.053591910236431
HfCaTeMnO6,2.0133042472082443
HfTmTiMnO6,2.082990392303198
HfLaIrZnO6,2.070320432420115
HfDyAsZnO6,2.0694655582304304
HfScAlVO6,2.0900226916575475
HfLuAsCdO6,2.020928750203501
HfDyAsCrO6,2.0770693478709488
HfAgMoLiO6,2.012447734122459
FeMgTcMnO6,2.0056354612233034
SnMgTeMnO6,2.0028396352608073
SmMgMnLiO6,2.021146880878258
FeMgWTiO6,2.0798371484615084
SmMgWTiO6,2.055214038179421
NiMgTcZnO6,2.0965117448953015
NbMgVZnO6,2.0707228869721894
SbMgAuZnO6,2.0244848992027364
IrMgAsZnO6,2.0669108015470274
SnMgNiTiO6,2.035521132152655
SbMgBTiO6,2.09930375556356
SbMgAsVO6,2.0072222736734036
MgCsAsCoO6,2.0561689633112827
ErKMnDyO6,2.0753117896589495
SnKTiMnO6,2.0643701673452566
SmKMnLiO6,2.0346356933039664
SmKMnAgO6,2.08694349213911
CaKAsMnO6,2.0469239767628964
TmKAsMnO6,2.0975350860829045
TbKMnDyO6,2.074219959952502
ErKWYbO6,2.0535734075583534
SrKVWO6,2.050050369226915
TmKWTaO6,2.0221830295718597
NiKAsZnO6,2.032387993775283
TcKIrZnO6,2.0710728537302217
SmKCeEuO6,2.053295904258016
TbKIrErO6,2.0904285623134204
SnKAuNiO6,2.0521029715444916
NdKNbScO6,2.0771372407312416
NdKNbCeO6,2.029771960911746
SnKIrNbO6,2.006914630830224
SmKVNdO6,2.047631726266036
SmKTeNdO6,2.021869999816791
SnKVFeO6,2.0427827956658717
CoKSiAuO6,2.048214692837755
TbKSiYbO6,2.015093781093014
TbKSnDyO6,2.098871334233725
LaKAsSmO6,2.0106502733297607
LaKVTaO6,2.0619292389960995
TbKIrVO6,2.0271208427004943
TbKSeDyO6,2.0965390214225437
LaKMoCeO6,2.066481896125544
TlKTaCeO6,2.0095407387514426
LaKCrTbO6,2.022651093342443
LuKAsCrO6,2.0613324014677037
TbKCrInO6,2.0946278745214806
TbKTiTaO6,2.0803794603760033
YbKAsTiO6,2.0402600745631947
TbKTeYbO6,2.0609106043489263
AgKTaZrO6,2.0797058530898003
SmMnWTiO6,2.0870278359536822
CrMnWTiO6,2.043766657098286
MnTmIrZnO6,2.095900436447618
MnYbAlZnO6,2.05440991177365
MnYbAsZnO6,2.0265314406825903
MnCsTcNiO6,2.0580577467074446
CrMnTiFeO6,2.02715431714447
MnYbAsFeO6,2.048674413414258
MnCsTcVO6,2.0619972352448377
CrMnVTiO6,2.092642163525612
MnLiTcVO6,2.059403859957446
TiMnTcVO6,2.0051367962189306
MnTaAuVO6,2.085707519473841
TcMnSeAuO6,2.0699191972113202
WEuIrZnO6,2.0668103579299273
WNaIrZnO6,2.0912213126485684
WCaAsZnO6,2.0691421080235513
WLiIrZnO6,2.0192232523177296
WCrAsVO6,2.0266068280836675
WAgIrVO6,2.0436197432014143
WAgIrCuO6,2.0834230982639634
SmEuVNaO6,2.016259358476754
CeEuTaNaO6,2.0706102715375803
SmEuNbAgO6,2.0173521792452065
TbEuNbYbO6,2.0868306482986054
YbEuNbDyO6,2.0680316166760213
EuSrVNdO6,2.081657040657953
CeEuTeNdO6,2.0010747339604946
EuCsTcNdO6,2.0100638350996447
EuTlAuNdO6,2.0366048504173793
LuEuSiYbO6,2.0319516301395466
SmEuSnTbO6,2.0769204384717423
EuCsIrSmO6,2.067328405026068
TaEuAlVO6,2.035503914849432
DyEuVInO6,2.0426835316893763
EuTlTaSbO6,2.0109319137940034
EuCsAuCeO6,2.012703979998905
EuCsMoCeO6,2.0367413751928547
TbEuTcTmO6,2.034369377032369
DyEuIrTmO6,2.0535339707559874
LuEuCrTaO6,2.0472178563612484
YEuMoLuO6,2.099012928459576
YEuIrDyO6,2.01522861716573
SmErNiYbO6,2.0537573986117743
ErNdSeNbO6,2.0199918502616376
SmErNbAgO6,2.0650227205859406
CeErNbDyO6,2.068986818950215
TbErBYbO6,2.067950626669435
CeErSeAuO6,2.003048619922584
TbErCrDyO6,2.0819059267272273
TbErMoLiO6,2.005473258917652
NiScAlVO6,2.065585650872936
CoNiAuVO6,2.070979890096911
NiCrAuVO6,2.0207947446381227
NiCrTcCoO6,2.0457524072549833
NdNaNbTbO6,2.0001891133516208
SmNaNbDyO6,2.09100673567097
CaNaTaNbO6,2.0735120121718547
TmNaTaNbO6,2.05167520706617
LaNaNbAgO6,2.0049207915219855
TlNaNbDyO6,2.0305308609997126
TbNaNbInO6,2.0881107557830303
SnNaSiCrO6,2.039519114721916
TmNaVInO6,2.027429101828388
TiNaAsVO6,2.063603707532715
TbNaAsVO6,2.0549672724416417
TmNaTaScO6,2.0122639331149097
DyNaAsScO6,2.020711554648547
TmNaSbDyO6,2.0725676216472193
TlNaSbTbO6,2.047311144469887
TbNaMoSbO6,2.0963344372151855
ZrNaMoSbO6,2.0516536526022895
ZrNaSeMoO6,2.030448622883741
TbNaCrTaO6,2.0466610440897957
TbNaCrYbO6,2.0497896798053854
YbNaIrCrO6,2.0634799838527207
AgNaIrCrO6,2.0578708730449478
TaNaAsTiO6,2.0309293584044363
AgNaTcInO6,2.086511319721848
SbNbFeLiO6,2.0253392315365155
NbTlTiFeO6,2.0115122285150897
CoNbAuVO6,2.0020475670086184
NbCaTcVO6,2.0992965834526616
NbCeAlVO6,2.0998400615153248
NbLuAlVO6,2.0638282650967144
NbAgIrVO6,2.085193607388742
NbTlIrLiO6,2.0489241990738467
NbTlMoLiO6,2.07041712750159
NbYMoLiO6,2.0346100629913937
NbAgMoLiO6,2.06980870009018
NbAgAsTiO6,2.060039345531665
SmNdFeTmO6,2.003228735201194
SnNdBVO6,2.031945863739501
CeNdSiCdO6,2.0336345427895868
TlNdSiLuO6,2.023535996440831
TlNdSiMoO6,2.0678973004032724
SmNdSnYbO6,2.000347190466966
TaNdAlVO6,2.009723489837888
NdTlAsScO6,2.025221900395865
TlNdSeAgO6,2.0745187429613563
InNdSeMoO6,2.0628615792245553
CeNdInCaO6,2.0203575370459417
NdCsAuCeO6,2.0839609240853467
TaNdIrLiO6,2.0870914867466337
YNdZrYbO6,2.0099768312518917
SnFeSiVO6,2.073660693244044
VFeSiCoO6,2.0358681840029718
SbFeVTiO6,2.085987581626876
TaFeSeAuO6,2.0856553906589483
TaFeSeAuO6,2.0156082784277216
CrSrSiTiO6,2.089905062221105
YSrSiAuO6,2.037878475601239
ScSrTcVO6,2.026169995774914
TcSrAsVO6,2.0116475783025236
TlSrTaScO6,2.0076473843423575
TbSrSbDyO6,2.056338400055505
TlSrSeYO6,2.012583871696545
LaSrAuCaO6,2.0680275872299445
YSrIrCdO6,2.076447050991388
LuSrMoTmO6,2.057397262261859
LaSrCrYO6,2.0630024199351116
TaSrMoLiO6,2.0240468749152045
TbSrTcLuO6,2.0290252254822776
YSrAsTiO6,2.0652295451989806
YbSrTeDyO6,2.090924513755423
DySrIrTbO6,2.0429795968061755
SnLaAuVO6,2.0160087709681953
SnCsTaSbO6,2.031749094144991
SnCaTcCoO6,2.058502982819003
SnLaAsCoO6,2.032741438221033
SnLaTiCrO6,2.0880059966037026
TiSmAlVO6,2.0802155106763207
TcSmAlVO6,2.055018271156375
YbSmVDyO6,2.0771038097989876
TbSmTaScO6,2.072607468150789
YbSmMoScO6,2.011277647247824
TmSmSeDyO6,2.0161434049595703
LaSmCoYO6,2.0716731116443636
SmLaTiCaO6,2.0922413263608655
SmTlAgCaO6,2.071764764134303
TmSmIrCdO6,2.07799320257286
SmCsCrTmO6,2.0688295213058576
TlSmCrYbO6,2.090524628935076
SmTlAsCrO6,2.0112055776366815
SmTlAsCrO6,2.0339820495266556
ScCaTcSbO6,2.027937696202166
SbTlTeCrO6,2.0627753708158694
SbYbMoLiO6,2.04778726997756
SbAgAuLiO6,2.039779848520363
TbCaZrCdO6,2.0728981813042755
YCaAsCdO6,2.0264295916872395
LaCaCrYbO6,2.0772736528500597
CeLaAuTmO6,2.0261553215643087
TbTmTaLiO6,2.0284979722251584
DyTmAuYbO6,2.0376520547443544
TbCsCrAgO6,2.0752029070681832
AgCsCrMoO6,2.0035919640781907
DyCsAsLuO6,2.0618629185090858
DyCsMoTbO6,2.0736857494218954
AgCsIrTaO6,2.0613252953571193
TbTlTiAgO6,2.090121836760415
TbYAsYbO6,2.0275541621820072
TbYAuDyO6,2.0927212214737145
PbCsOsRuO6,2.0834632760475302
YCsRuPdO6,2.0366755657638884
TmNdRuHoO6,2.0610349860834773
TbNdRuHoO6,2.001352418521332
YSmRuHoO6,2.0438349342604214
TbTlRuHgO6,2.0141006305693185
SbEuRuMnO6,2.017070563762682
CrEuRuMnO6,2.0773051574864665
YbFeRuMnO6,2.082589691886793
ZrFeRuMnO6,2.0702929726690695
ZrSbRuMnO6,2.03941544390842
TaLiRuMnO6,2.024089672482299
ZrLiRuMnO6,2.0609962492538063
MoYbRuMnO6,2.032054342580155
VEuRuZnO6,2.0022257045168166
IrFeRuZnO6,2.097125429829098
CrCoRuZnO6,2.0167880305525347
LaCsRuErO6,2.0300632023792167
AuCsRuNiO6,2.083159292469985
TlSrRuNbO6,2.047649352994311
TlSrRuNdO6,2.005817074140685
AuLiRuCoO6,2.041655918129494
TbLaRuTmO6,2.0393934199917756
ZrYRuLiO6,2.068229810573873
MnCsRhReO6,2.092894675258752
ErEuReBiO6,2.086346250822115
DyNaReBiO6,2.0878046868333633
LaSrReBiO6,2.030669792203201
SmKReGdO6,2.057518149213078
YNaReGdO6,2.0356957134464073
YTlReGdO6,2.071984103161576
NdKRePrO6,2.0715979007118817
YSmRePbO6,2.0808059368123253
MoEuRePdO6,2.0727985266286115
LuKReHoO6,2.067993024680149
TlSmReHoO6,2.04511959689398
SmKReHgO6,2.056617980321256
AgEuReHgO6,2.070660164783892
SmNdReHgO6,2.0845192250968023
TmSmReHgO6,2.0702673668933658
DyTmReHgO6,2.0030401559954036
TbCsReHgO6,2.0839805823671274
ZrAgReHgO6,2.078730805697322
TiLiReMnO6,2.0759181163806546
YNdReErO6,2.073560863753671
TlSrReErO6,2.0857634708126387
LaCaReErO6,2.00387305286573
CeCaReNaO6,2.0315838471193426
CrCaReFeO6,2.085592880753497
MoCdReFeO6,2.0192747656885426
MoTmReFeO6,2.0396985180354306
TeCrReFeO6,2.0852494167153393
ZrLiReFeO6,2.0388357296140147
AgTmReScO6,2.002644058559769
YbCaReSbO6,2.003138374794824
TbTlReSbO6,2.015114324592187
DyTlReSbO6,2.0592995229422675
ZrYReLiO6,2.0574570229052713
YPbRhBiO6,2.0934195493167453
ErKRhBiO6,2.023710438922002
YSmRhBiO6,2.032757231414948
AgTmRhBiO6,2.0219131063702753
MnYbGeRhO6,2.0415712427467523
TiLiGeRhO6,2.0050138688267616
AuAgGeRhO6,2.0585627844581507
SmNdRhPbO6,2.047124298408018
FeMgRhPdO6,2.064573074226316
AgCsRhPdO6,2.065833103025331
LaNaRhHoO6,2.020270667824553
YbCaRhHoO6,2.0969008438967145
DyCsRhHoO6,2.003173069289157
SmMgRhHgO6,2.054844853304546
YbSrRhHgO6,2.072089279346225
LaCaRhHgO6,2.0499903841263234
TbTmRhHgO6,2.0459235427232456
AgNdRhMnO6,2.090595185541605
TbSbRhMnO6,2.080763597402073
TiCaRhMnO6,2.0170444692455907
TeCdRhMnO6,2.0418469342092007
TeTiRhMnO6,2.079362274955621
MoYbRhMnO6,2.0153203352512357
AuCuWRhO6,2.0467855103639607
LaSrRhErO6,2.0331175463594415
LaCsRhErO6,2.075604581932169
YCsRhErO6,2.0333745464426283
YDyRhErO6,2.0603330672419244
TmSmRhNbO6,2.018064432090625
YDyRhNbO6,2.0005168160509923
InSmRhFeO6,2.023474063667252
MoCsRhFeO6,2.092919893189048
LaCsRhSmO6,2.0977466659620765
DyYbRhScO6,2.0846557196663493
DyCsRhTmO6,2.0530371257518145
TeLiRhCrO6,2.0917237133159974
MoTlRhLiO6,2.0834678092794676
InDyRhTaO6,2.034155911413261
SiAgBBeO6,2.091626367481518
SnSmBBeO6,2.09953846999642
TcScBBeO6,2.0725584196337445
SbTmBBeO6,2.0050388281655227
ZrCeBBeO6,2.0314388562152157
TeTbBBeO6,2.0340275171123894
AuTiBeCuO6,2.0450438499342707
EuKOsBiO6,2.0918977421976557
TbNaOsBiO6,2.0941508033742755
TbTmOsBiO6,2.087565200736703
YNaBiGdO6,2.088156905674637
NdTlPtBiO6,2.0049588366708777
YCsPtBiO6,2.0802072788278974
YNdPdBiO6,2.098246255796674
EuKBiPmO6,2.091996437783513
TbKBiHoO6,2.059732555456291
ScSrHfBiO6,2.0029793461016165
TbCsHfBiO6,2.0675702518155994
TbNaMnBiO6,2.0496970211174173
AgSmMnBiO6,2.0286583172891692
TmCaMnBiO6,2.0210733441250537
DyEuWBiO6,2.0559723161698575
YbTmWBiO6,2.071709637268345
YTlWBiO6,2.070746419563547
YCaNiBiO6,2.0087879856472015
YbTmNiBiO6,2.070517702976753
ScTlNbBiO6,2.0928374747774012
YbCaNbBiO6,2.0801722474745663
AgCaNbBiO6,2.0034400405172827
YbSmFeBiO6,2.025347854676521
YbCaVBiO6,2.0425554261184096
YCaCoBiO6,2.0309530041558435
LaCsBiCeO6,2.0645086396988934
YYbBiTmO6,2.0861744310649817
YKOsGdO6,2.042416554836189
TlNaOsGdO6,2.0255611316636863
NdKOsPrO6,2.048742812024668
TlEuOsPbO6,2.046943170944974
LaCaOsHoO6,2.022165039823087
ZrEuOsHgO6,2.093906703898377
CuNiOsZnO6,2.0692709365706237
LaNiOsZnO6,2.002255092043812
CoFeOsZnO6,2.0509881016134828
TiFeOsZnO6,2.0637903432503797
TaFeOsZnO6,2.005594225841068
VSrOsZnO6,2.059142604478984
LaCoOsZnO6,2.0203279035650237
TcTmOsZnO6,2.0965595904384964
TcCrOsZnO6,2.0717714184225184
TaCrOsZnO6,2.0122112802684327
AgCuOsZnO6,2.0036332585639975
TbTlOsZnO6,2.0010232241040273
LuSmOsErO6,2.0390799180959864
LuCsOsErO6,2.0103941713170044
TbCsOsScO6,2.010895579675707
MoAgOsLiO6,2.0347155141825874
MoKGePdO6,2.036990120552725
NbMnGePdO6,2.013907964884766
MoNaGePdO6,2.0206274257327843
ZrFeGePdO6,2.017168661324053
CrCaGePdO6,2.0151950194272104
MoTmGePdO6,2.0977122289637653
TeCsGePdO6,2.089986504101049
TaTiGePdO6,2.089004598518123
InYbGePdO6,2.0460009906819123
MoYbGePdO6,2.0259501205255037
TbMgGeHgO6,2.0217174410950056
SmEuGeHgO6,2.0957205204148384
ZrCaGeHgO6,2.0202571097581408
TbSmGeMgO6,2.006807791776473
ZrDyGeMgO6,2.037622937632216
TeSmGeMnO6,2.0983308477192404
MoLiGeMnO6,2.085764839457171
TeTlGeMnO6,2.060364725251298
CrCoGeVO6,2.0185423949206585
ZrLiGeVO6,2.017132909863402
ZrLiGeCrO6,2.06062794234176
PmSrPbGdO6,2.0677707730947126
SmKPbGdO6,2.0439722724914704
EuSrPbGdO6,2.0762159202496475
YSmNbGdO6,2.048394881824497
SmTlSiGdO6,2.0021415007769567
SmMnGaPtO6,2.0828772468245678
TcNdGaPtO6,2.0898157774596715
TcSmGaPtO6,2.0833759003054118
MoScGaPdO6,2.089776422965165
TbErGaMgO6,2.065688124311029
IrYbGaZnO6,2.068516886774034
ZrDyGaCdO6,2.0465171456517415
TaLaGaCrO6,2.0814921977416563
TiTlGaCrO6,2.010698385719057
EuKPtPrO6,2.0596276419748425
SmCsPtPrO6,2.065679425819707
SmTlPtPrO6,2.0199266095284045
LuSrPtHoO6,2.092969403584385
TbEuPtHgO6,2.0151444466631783
YSmPtMgO6,2.09686966317401
TlCdPtMgO6,2.027726510078691
DyNaPtMnO6,2.076846063901979
TlNdPtMnO6,2.065299087544511
YbNdPtMnO6,2.054452792183386
MoNdPtMnO6,2.0128058484488833
CrFePtMnO6,2.0897463783133254
AgFePtMnO6,2.0028180752755325
MoFePtMnO6,2.0054556677539757
TaSrPtMnO6,2.040781182591008
LuCaPtMnO6,2.0542089829974586
YCaPtMnO6,2.0047949340706888
LuCdPtMnO6,2.0142841111746166
LaTmPtMnO6,2.0448308247832307
CrCsPtMnO6,2.051590196717154
TbNaPtErO6,2.060512836385663
SbCdBPtO6,2.067678669389966
TiAgSiPtO6,2.059347991453354
TbTlPtLiO6,2.01803049991445
TaTbPtLiO6,2.014656916493919
ZrTbPtLiO6,2.0648125607894205
ZrYbPtLiO6,2.051641929985676
DyYbPtTbO6,2.0092530343397836
SmNdPdPbO6,2.0020005651483075
SmEuMnPbO6,2.0651574754346735
YCaMnPbO6,2.062764897763872
SmCsWPbO6,2.098001195775463
TlNdPbEuO6,2.0009591452323474
SmTlNbPbO6,2.020816934723071
CeSmBPbO6,2.0238304594561365
LaSrPdPmO6,2.0710162892097705
TbEuPdHgO6,2.0820518413904465
TbNdPdHgO6,2.056632571635111
ZrCaPdHgO6,2.0089689193452553
SmKPdMgO6,2.075738902312348
MoEuMnPdO6,2.033590404139979
YbNaMnPdO6,2.058735080768605
NbNdMnPdO6,2.015606864323106
NbAgMnPdO6,2.027520232854738
NbAgMnPdO6,2.0577373431643307
MoNdMnPdO6,2.06255512299049
FeScMnPdO6,2.066608012918716
FeTmMnPdO6,2.07523113069103
FeAgMnPdO6,2.040318785002174
SmSrMnPdO6,2.0801023544721313
SnAgMnPdO6,2.0918668538264837
MoSbMnPdO6,2.0419167997358447
CrCaMnPdO6,2.0815475086624122
CrCaMnPdO6,2.067441329677547
ZrCaMnPdO6,2.0070514209884314
TeCsMnPdO6,2.011739655325968
TeCsMnPdO6,2.033740173369446
CrLiMnPdO6,2.087437085590512
CrAgMnPdO6,2.0059372690683746
TiLiMnPdO6,2.036962440913192
TiAgMnPdO6,2.020412175573029
TiAgMnPdO6,2.0171020752771023
TaAgMnPdO6,2.058312048259327
MoAgMnPdO6,2.0513631407761688
SbNbZnPdO6,2.0441511315264815
SnNdNiPdO6,2.0385373508580087
SnCaNiPdO6,2.046522394676786
CeSmPdNdO6,2.010922716949602
CrSnFePdO6,2.072703694663003
SnTlFePdO6,2.0575073283138376
MoSmFePdO6,2.0182667443108775
TiCaFePdO6,2.069556305702372
CrLaFePdO6,2.0356541206966994
SbCdBPdO6,2.019327242564556
CrInBPdO6,2.0979401454115028
TeLaBPdO6,2.0690750939572946
SmTlSiPdO6,2.0564402663097354
TaSmSiPdO6,2.051113760566788
SbAgSiPdO6,2.0017731105382475
CrTlSiPdO6,2.0899080367709573
TiTaSiPdO6,2.0672626013287063
TiDySiPdO6,2.022722287645826
TiAgSiPdO6,2.075373561752712
ScTmVPdO6,2.064394450234753
AgTmVPdO6,2.0912307438451703
ZrLiPdSbO6,2.02907557943587
TiTmSePdO6,2.0241991300236073
CrTmCoPdO6,2.0676217684628373
ZrAgCoPdO6,2.092177069595133
ZrYbPdCdO6,2.076821720979641
TaTbTiPdO6,2.078236673619249
YbSmMnHoO6,2.0779544043635334
SmCsWHoO6,2.0869083007115723
YbCsWHoO6,2.0045374985684035
TbTlWHoO6,2.0563690312037832
LaSrNbHoO6,2.0164398875036653
DyCsNbHoO6,2.0469581108874797
DyYbNbHoO6,2.0598913721743353
TmSrHfErO6,2.07484448796391
TlCaHfErO6,2.02313574477598
CdTlNbHfO6,2.085576517508455
CaCsVHfO6,2.0765732159973305
ZrNaMnHgO6,2.079749323306273
ScSrMnHgO6,2.019249742882177
ScDyMnHgO6,2.0296092900960736
SmNdWHgO6,2.026158879413152
YbSrWHgO6,2.065789539000052
SmTlWHgO6,2.0498992408503858
ZrYbWHgO6,2.042104397000475
SmLaNiHgO6,2.054853743770476
SmTlNiHgO6,2.0744486481799598
ZrNdNbHgO6,2.037132536287658
YSmNbHgO6,2.029613522515936
InDyNbHgO6,2.0771608541620608
ZrScFeHgO6,2.0386422202352286
TbYSiHgO6,2.077676192258878
YbTmSbHgO6,2.060536148291396
ZrYbSbHgO6,2.0678320245163557
TbCaSeHgO6,2.033377113599439
ZrSmNiMgO6,2.0266325985757083
TbCeNiMgO6,2.066399906459326
SmSrNbMgO6,2.093804303340055
YSmNbMgO6,2.0255175414862907
ZrTlBMgO6,2.0071652282509116
ZrTlVMgO6,2.009220266752382
AgDyTaMgO6,2.0895319496849467
InEuWMnO6,2.0648610890073855
NbAgWMnO6,2.0287716519600867
InNdWMnO6,2.074166078141941
TiSrWMnO6,2.052235228310073
CrTlWMnO6,2.069989704420021
TiCrWMnO6,2.03053205417305
YTlMnErO6,2.0136776765880566
SnSmSiMnO6,2.0244873168695907
ScYbSiMnO6,2.093843802103244
YbTmSiMnO6,2.007728268612713
TaScVMnO6,2.0953585843710827
CrMoVMnO6,2.011889607040857
LaCsMnScO6,2.033012472054882
AgCsMnScO6,2.050428754224773
MoLiCrMnO6,2.040099961757475
TaTlMnLiO6,2.01469550458011
TaDyTiMnO6,2.054919319674403
MoAgTiMnO6,2.063943476330594
CrSrWFeO6,2.0118656843464335
MoCaWFeO6,2.0570840542275777
AgCsWFeO6,2.0067403896004894
InCrWFeO6,2.0217312807556387
AgLiWFeO6,2.0215624320980656
YTiWFeO6,2.0441522831223047
ZrAgWSbO6,2.0341103680433124
TiLiWCrO6,2.0638921704260973
YTlWCrO6,2.007885826868224
TaTlWLiO6,2.055301733228267
YDyWLuO6,2.043147265944829
AgYbWTiO6,2.0514315984737332
YDyWYbO6,2.047106480426294
CrAgNiZnO6,2.0509230050463674
CoLaBZnO6,2.0084043796667643
MoTlBZnO6,2.0524838419742726
CoTiSiZnO6,2.0129530861210854
TiAgSiZnO6,2.086392592902225
TcCoVZnO6,2.077042960317623
LuCaVZnO6,2.0194194117503583
LuTmVZnO6,2.0623966598633663
CrYbVZnO6,2.079456032009752
TiLaVZnO6,2.042687198281382
IrTiVZnO6,2.0499548324755534
AuTiVZnO6,2.074462398204341
TeTaVZnO6,2.057304749759225
AuYbVZnO6,2.0461910242978445
TeCrSeZnO6,2.012868392278642
ZrYbSeZnO6,2.0101281412253034
ZrAgTcZnO6,2.057364532667233
SmCsNiEuO6,2.0975321722068463
SmCsNbEuO6,2.0133302940553626
TbTlNbErO6,2.0061873287437795
DyYbSiErO6,2.0192972533602096
TmSmSnErO6,2.067040995319859
DyYbSnErO6,2.0900194885656465
DyTmSeErO6,2.0927400690868088
CoCrVNiO6,2.041264986808753
TeCrVNiO6,2.0444176105187633
AuCuVNiO6,2.098523461968866
TaTbNiLiO6,2.0116935756818766
MoDyNiLiO6,2.0383215488756368
SmNdNbNaO6,2.0656435814318708
TaLiSbNbO6,2.0312933186379754
TbTlSeNbO6,2.05607398590935
ZrAgSeNbO6,2.032412879025319
MoAgSeNbO6,2.038817733746551
TlCsNbCeO6,2.0539440909921325
TbTmNbCdO6,2.0770285004168163
TbTlNbTmO6,2.0228998246413465
MoYbTeNbO6,2.0829216804026793
InYbTaNbO6,2.057955900667513
SmCsSnNdO6,2.0190694656896646
LaCsSmNdO6,2.0661913063687085
MoCdVFeO6,2.0752669345315686
CrAgVFeO6,2.0453576399673956
TeLaCrFeO6,2.008904983689747
TiAgCrFeO6,2.028188894617823
ZrYbTiFeO6,2.0380886906358455
TiLuBCrO6,2.0704657224137617
MoLuBCrO6,2.075229654073319
TeTiBCrO6,2.077084613653708
AuTmSiVO6,2.0291032605428767
TcCsSiVO6,2.0868225426185756
DyCaSiScO6,2.031465133433365
ZrAgSiCrO6,2.07025725647128
LuCaSnScO6,2.005717480468892
ZrYbSeVO6,2.0360042196817596
MoCsCoVO6,2.019739089784942
TcCrCoVO6,2.069347621255308
CrAgCoVO6,2.062951337984321
AuLiCoVO6,2.0393710303332457
TbTlVTmO6,2.0593120618198695
ZrDyVLiO6,2.0567089795835596
MoInVTiO6,2.081565130871053
MoAgTcVO6,2.0553677982486183
TbLuScTmO6,2.0119421865511193
LaCsSbCeO6,2.0707888148260847
TlTmSbCdO6,2.02414021484199
ZrLaSbCdO6,2.0528581480830357
TbLuSbTmO6,2.0720527049507176
ZrYbTaCdO6,2.00683268140752
TbYCrTmO6,2.032525412098874
MoYbCrLiO6,2.0293945391789725
MoYCrLiO6,2.0172678659213363
MoAgTcLiO6,2.0226340476871885
BaRbRuCeO6,2.084263132305818
BiRbRuMgO6,2.027074082405145
PrRbRuCeO6,2.079241521146362
EuRbRuTeO6,2.097747545700817
ErRbRuTiO6,2.059427261922951
SnRbRuCuO6,2.071512424496115
SmRbRuCdO6,2.035429047710852
PbBaRuHgO6,2.0096551889229404
NdBaRuDyO6,2.096772234275535
HfBiRuZnO6,2.0449240909303494
SmGdRuLiO6,2.088396190659464
PdPbRuZnO6,2.0528405208588096
HfPbRuMnO6,2.0651815430688405
WPbRuZnO6,2.0425744729219177
SmPbRuTmO6,2.0736543612877365
MnMgRuZnO6,2.0185055294514207
EuKRuCeO6,2.09288560258986
SmKRuTbO6,2.007392818453754
TmKRuTbO6,2.071160081190247
LaKRuYO6,2.0230827961174347
SmMnRuTiO6,2.0130403854714833
SmNaRuInO6,2.065698168878301
TbNaRuYbO6,2.049630317007075
SmSrRuAgO6,2.0553056818945166
CeSmRuTmO6,2.081554963494313
TbCaRuTaO6,2.033032811846791
TbCsRuTaO6,2.071918882067035
TbCsRuAgO6,2.0409251951769027
BaRbReCeO6,2.0413762293994755
BiRbReCrO6,2.092069413036713
PrRbRePbO6,2.0130114551688467
PrRbReNdO6,2.0696167236208685
PbRbReTiO6,2.033708520137542
PmRbReHoO6,2.0649971891491
HoRbReDyO6,2.0747158226055245
ErRbReTbO6,2.0820396400444436
SnRbReTaO6,2.0019319464654
SmRbReScO6,2.059482120670274
SmRbReZrO6,2.0163232446237
TbRbReYbO6,2.055217731818916
PrBaRePmO6,2.0270055849913193
MnBaReFeO6,2.036124990207119
NdBaReCaO6,2.098423231692052
SmBaReAgO6,2.0935505122414955
HfPrReHgO6,2.0650294660641366
SmPrReLiO6,2.038583838600169
HoPbReDyO6,2.019984616596082
SmPbReTmO6,2.088818869726773
ScPbReCdO6,2.042530553212561
TmPbReCrO6,2.043197163680767
YPbReAgO6,2.070158886249983
NdPdReTeO6,2.059052242481194
SbPdReCrO6,2.0611338654196154
SnMgReLiO6,2.010649781911806
SbMgReLiO6,2.0257860301427804
ErKReScO6,2.089623736937764
ErKReTbO6,2.0020771502799826
NdKReDyO6,2.025511241797728
CrKReTiO6,2.072842477527823
CrMnReTiO6,2.004996310675212
TlNdReLuO6,2.031162131997866
TlNdReDyO6,2.0490455999005315
SmSrReAgO6,2.054437869963175
TbSrReAgO6,2.061120963209208
SmCsAsReO6,2.0375280431545266
TbCaReAgO6,2.0092227902186535
LaTmReYbO6,2.092757916437998
TlTmReTbO6,2.0061272610409424
TbTmReYbO6,2.007123325769232
LuCsReInO6,2.052839269939515
GdBaRhScO6,2.07235639361556
PrBaRhPbO6,2.031581193449718
NdBaRhScO6,2.036985030886787
SmBaRhCaO6,2.0736200748059446
SmGdRhLiO6,2.0272204034515116
SmGdRhYbO6,2.0297359027714195
TbGdRhYbO6,2.0579089020421835
PdPbRhFeO6,2.0243960899870523
HfPbRhHgO6,2.055256379846737
ErPbRhDyO6,2.0470070770036153
PbCsAuRhO6,2.076305146134274
MnHgWRhO6,2.0120518294291574
EuHgRhNbO6,2.068234028173672
EuHgRhTaO6,2.0642914496025107
SbMgRhTaO6,2.031645878061938
MnKRhTiO6,2.0200622628593123
ErKRhTmO6,2.0913712392600763
NbKRhTaO6,2.051657693711659
CaKRhTeO6,2.07511852807864
TbKRhDyO6,2.0298050706154043
MnNaSiRhO6,2.0318476574956823
TbEuRhDyO6,2.010239400657715
SmErRhLiO6,2.008148274715949
NdNaRhScO6,2.0578281726325653
NdNaRhZrO6,2.05483743968834
SnNaRhTiO6,2.0325711321607796
SmNaRhTiO6,2.0780114845661237
SmNaRhYbO6,2.0974027807130207
SmNaRhYO6,2.0852975976329655
CaNaRhCrO6,2.072010115048547
TmNaRhDyO6,2.0072691425765656
TbNaRhTaO6,2.057386686909667
TbNaRhTaO6,2.081996239334412
LaNdRhLuO6,2.0631962504962136
TlNdRhYbO6,2.0061066952506255
YbNdRhDyO6,2.065752379608696
YNdRhInO6,2.088596309779467
SmSrRhYbO6,2.0825902957449576
SmSrRhDyO6,2.0481112037012705
SbSmRhTaO6,2.0239480733328885
TlSmRhLuO6,2.057855696070115
TbSmRhInO6,2.061429364468924
TlCaRhLuO6,2.0117657627577055
LuCaRhYbO6,2.0076075543179375
TbCaRhDyO6,2.032737951410392
DyCsRhInO6,2.011190220471884
LuLiRhTaO6,2.0455573998047565
OsPbBBeO6,2.0179622613533024
NbPtBeAuO6,2.0990833092844485
NbPbBeCuO6,2.0966974961825993
TcWBeAuO6,2.044451679338729
NiNdBBeO6,2.0595747328087373
TcSnBeAuO6,2.0583804836956068
CrCoBeAuO6,2.025454433866563
TcCrBeAuO6,2.043142673303528
PrKWBiO6,2.0332944247209865
PrKWBiO6,2.0393886105446386
PrKTcBiO6,2.0448108511278216
PbCsIrBiO6,2.07075178555026
SmHoBiYbO6,2.0963955058777044
HoCaCrBiO6,2.0985969150742725
LaKBiTlO6,2.069074854262671
LuKBiYbO6,2.049445037078275
LuKMoBiO6,2.0715819129646484
TbKIrBiO6,2.0696206863690523
YbEuZrBiO6,2.0131362443405245
DyEuMoBiO6,2.08368688006838
TmNaBiYbO6,2.0463984809061584
TmNaBiDyO6,2.098244649819957
LaNaBiYO6,2.021017479076775
CeNdBiTmO6,2.0324280896472837
NdCsTaBiO6,2.0368437370794514
TmSrBiYbO6,2.0830788360690473
LaSrTcBiO6,2.0019553726904977
TlSrBiDyO6,2.0265979726464787
LuSrTaBiO6,2.066842890440918
SmCsZrBiO6,2.0652431509919142
SmTlTcBiO6,2.0136000180725433
SmTlTcBiO6,2.0240368987558437
LaCaBiYbO6,2.0460125513968803
LaCsTcBiO6,2.0915062647170144
TbCsAuBiO6,2.047646301609657
DyCsAuBiO6,2.02843067200773
PmPbOsDyO6,2.0286783544335334
EuPbOsDyO6,2.0611076605912224
TlPbOsInO6,2.073724701215306
CrPdAsOsO6,2.019311202638723
SmKOsVO6,2.0802903023728594
SmKOsLuO6,2.073142740659169
CaKAsOsO6,2.081012992791165
TmKOsZrO6,2.02830537622279
LaKOsTlO6,2.018573931308312
TlEuOsTbO6,2.0508631300321203
SmNaOsLuO6,2.0585775218629774
TlSmOsYO6,2.0023480855088174
LuTmOsDyO6,2.027474056644108
TbTmOsDyO6,2.063518148548276
CrAgAsOsO6,2.0224020533133786
PtPrGeAuO6,2.0595491985069843
PmPbGeLuO6,2.0966216228089793
HoPbGeErO6,2.05151349763264
EuPbGeVO6,2.0906463400347746
NdPbGeScO6,2.0170138320404307
SmPbGeVO6,2.027983951429126
SmPbGeAuO6,2.065861946547694
CuPbGeIrO6,2.0441650870420696
LaPbGeTaO6,2.0208662390397456
MnPdGeFeO6,2.003376410014324
NbPdGeTiO6,2.0991464191673614
NbMnGeAuO6,2.0210287353358374
SmMnGeAuO6,2.0942191083413912
TaZnGeAuO6,2.0829159980426106
FeEuGeAuO6,2.0453053452900813
SmNaGeTaO6,2.0714450440965884
TbNaGeYbO6,2.068739815903066
SmFeGeTiO6,2.0493177278394743
TlSmGeTaO6,2.004526895681405
TcSmGeAuO6,2.059767200957507
LaCaGeDyO6,2.089824631724838
PrSrSiGdO6,2.0001299035818665
PbTlTeGdO6,2.039598682074307
PmKCrGdO6,2.0922379913739966
PmCsTcGdO6,2.0452873955042983
NdKVGdO6,2.050638127703093
NdEuCoGdO6,2.0587205568225317
SmEuIrGdO6,2.0108595881672624
YSmZrGdO6,2.095563983967958
PbPrGaCdO6,2.053301650499852
PdPrGaTiO6,2.0886402849372656
NbPrGaCrO6,2.0010910490476412
SnPrGaCrO6,2.00200747687561
SnPmGaCrO6,2.03912119635255
FeEuGaVO6,2.034502362875117
SnNiGaCoO6,2.0671447206583133
SmKSbPrO6,2.0000360916514914
SmKTaPrO6,2.0754037521970736
EuCsTaPrO6,2.0607297436418626
SmCsIrPrO6,2.0244105544870017
SmTlZrPrO6,2.0150007118926316
HoPbPtTmO6,2.0861147923726016
ErPbPtTmO6,2.058677759489695
TmPbPtDyO6,2.0293115252256695
PmPdPtMnO6,2.052196123135898
MnNaSiPtO6,2.001059080209748
SmEuPtTmO6,2.0946772574585473
TmEuPtLuO6,2.0833086534918865
TmEuPtYbO6,2.0011342583088805
LaEuPtYbO6,2.0844323369877538
SmNaPtDyO6,2.0081136725729007
CoNdAlPtO6,2.0620627836317995
TmNdPtTbO6,2.0791775423352803
AgNdPtInO6,2.0438573408175684
SmSrPtTmO6,2.096763675411713
TbSrPtYbO6,2.01258846790664
SnLaAsPtO6,2.0700667303509928
LuSmPtTbO6,2.052791498227669
TbSmPtYbO6,2.0655071456211656
CoAgAsPtO6,2.0433692959985006
TcLaAsPtO6,2.00164626602876
PmSrCrPbO6,2.0686023125583723
CePmCrPbO6,2.0101675152578364
CePmDyPbO6,2.03215536091229
SrKTcPbO6,2.0671549737684365
EuSrTcPbO6,2.0785257939365596
SmNdIrPbO6,2.096205322012517
SmSrTiPbO6,2.051119509373059
CeSmTaPbO6,2.0648965001184467
CeSmMoPbO6,2.048257104510455
SmTlTbPbO6,2.0215593838364523
HfPmAlPdO6,2.0205363285948623
FePmCoPdO6,2.0332667843070076
SmPmTiPdO6,2.03115629169829
SbHoPdLiO6,2.0295808067977097
MnHfCuPdO6,2.0220931393428954
TiMgTePdO6,2.0731006178404185
MnEuTcPdO6,2.0697049882451464
MnNdFePdO6,2.070778962922557
MnNdCoPdO6,2.0446573908162495
MnNdTiPdO6,2.0746092332211616
MnSrCuPdO6,2.0610559832628694
MnSrAsPdO6,2.0828827839981674
MnSnCuPdO6,2.0208009110918153
MnCdTePdO6,2.0187214548551458
MnCdAsPdO6,2.0425129823318393
MnCsTcPdO6,2.07270051627786
CrMnCuPdO6,2.082967220907051
CrMnTcPdO6,2.0733696286885994
NdEuPdYbO6,2.030537241832818
SmEuPdLuO6,2.059428060962771
CrEuTcPdO6,2.095444976642544
NbErFePdO6,2.026580421062177
TiNaAsPdO6,2.015579821372314
NbSrTcPdO6,2.0914616165917645
NbSrAsPdO6,2.099641190011336
SbNbAlPdO6,2.0733484033871785
NbTmTiPdO6,2.0734808227533765
SmNdPdLiO6,2.014933242235874
SmNdPdDyO6,2.093585455484087
SmNdAsPdO6,2.0567903722330483
ScNdAsPdO6,2.092005128232595
TbNdAsPdO6,2.091839977860178
FeSbTePdO6,2.0840473027940556
FeCdAsPdO6,2.0422995800513264
CrFeTePdO6,2.0143199207121594
SmSrTcPdO6,2.082374711818244
LuSrPdTbO6,2.0851871564402207
SnTlAsPdO6,2.0293205409398367
TbSmPdDyO6,2.0607086730430777
LaCaPdTbO6,2.0696289040296953
TeCrTcPdO6,2.048889278456056
CrAgAsPdO6,2.095012708236388
TbTlAsPdO6,2.0829963235507645
TiAgAsPdO6,2.0712382609888667
NdCsAuPmO6,2.0181504569033155
EuKIrHoO6,2.0605339072888014
LuKTcHoO6,2.0228148914446424
YKIrHoO6,2.072469936958744
ErEuFeHoO6,2.0104138212697977
CeNdIrHoO6,2.054999928197299
SmSrMoHoO6,2.0177718878971747
TlSrTiHoO6,2.097675166764883
SmCsTaHoO6,2.045180903587303
YbCaIrHoO6,2.036885476208988
TmCsTcHoO6,2.0353451395051105
TmTlAuHoO6,2.0698884160343503
DyTmMoHoO6,2.0746730614985047
TbTlTcHoO6,2.004040125013619
EuKNbHfO6,2.0505082882780714
TmKIrHfO6,2.0647361399190944
ErEuHfTbO6,2.089892793477943
LaEuHfLuO6,2.0986969673243348
LaEuHfDyO6,2.0038597461719823
TlEuHfYbO6,2.0110822234898134
CaNaTcHfO6,2.0568577715153284
CaNaIrHfO6,2.0928166664889343
AgNaIrHfO6,2.096210181062546
CeNdHfYbO6,2.0193915697649776
CaCsIrHfO6,2.0191104593008316
SmKIrHgO6,2.08000835631865
EuSrSbHgO6,2.0357783524753734
EuSrAsHgO6,2.05137427460089
SmEuVHgO6,2.0607472674694884
SmEuVHgO6,2.0587424061123354
SmEuTiHgO6,2.029345948335051
SmEuTcHgO6,2.025924059330233
ZrEuMoHgO6,2.098024699836675
SmNdVHgO6,2.0481927821688695
SmNdCrHgO6,2.04352631481305
SmNdAlHgO6,2.0278987147580643
SmNdAlHgO6,2.0924730468783577
SmSrCoHgO6,2.0252191172325245
TbSrTaHgO6,2.001312511391256
ScTmAsHgO6,2.0786737425175024
DyCaAsHgO6,2.085520735920441
CeLaTaHgO6,2.061524937302196
ErCaAsMgO6,2.0390200614041953
TbNaTaMgO6,2.0076776087706967
SmNdVMgO6,2.0533127709826884
TmNdTaMgO6,2.075610081849266
TbNdTaMgO6,2.037273423735952
TmSrAsMgO6,2.0255451537376
AgSrAuMgO6,2.02701215376349
TbCeAuMgO6,2.0087712665526727
AgYbAsMgO6,2.0964347944047934
CrNaTiMnO6,2.0004248137484497
LaNaMnYbO6,2.035687301772231
TbNaAsMnO6,2.0295004855823247
YbNaAsMnO6,2.0654211591978253
NbSrCrMnO6,2.0123260995972023
NbCaCrMnO6,2.0581754562240455
NbCdCrMnO6,2.068167093478945
NbCdTiMnO6,2.0866802411967793
NbCdIrMnO6,2.02055028478395
NbCsTeMnO6,2.036748274584573
NbLuTiMnO6,2.0825300565232454
NbAgIrMnO6,2.0684074853014396
NbAgAuMnO6,2.017320470790265
FeNdAsMnO6,2.0853005462186407
TmNdMnTbO6,2.0251353195989426
TlNdMnLuO6,2.0305770000742993
FeSrTeMnO6,2.075920693725249
SmSrAlMnO6,2.034535499890171
TmSrMnDyO6,2.0435774932485704
LaSrMnDyO6,2.034381350684945
SnSmTcMnO6,2.0812922247133243
TiSmAsMnO6,2.0520217767498448
ScCaTeMnO6,2.0165592433584663
ScTmTeMnO6,2.072318775855898
TmCaMnYbO6,2.030276789795951
CrCdTeMnO6,2.03469918244257
TlTmMnYbO6,2.0376803329320543
TbTmMnYbO6,2.0831814540283164
AgCsAsMnO6,2.0603877381010034
CrLiTcMnO6,2.0146374827345475
TiCrAsMnO6,2.0562910589559653
CrAgAsMnO6,2.022694416490376
TeTiTcMnO6,2.0774756439038873
TmEuWYbO6,2.053382942098559
LaEuWLuO6,2.0927422131444984
SmNaWYbO6,2.021278088336275
SmNaWYO6,2.0784038894373187
LaNaWYO6,2.0733051347935176
TbNaWYbO6,2.0662426674127996
SmNdWTmO6,2.062647875141236
TlNdWTiO6,2.0422384403635743
TbSrWAgO6,2.0823699924153365
TbSrWAgO6,2.08566524841171
VCsAsWO6,2.0266066187843648
LuCaWTbO6,2.030695028182918
TbTlWYbO6,2.0642434015835196
SmEuVZnO6,2.0539989273948116
TbEuAsZnO6,2.016931079880494
YEuAuZnO6,2.0206265902170517
ErCaAuZnO6,2.0979033223841768
NiFeVZnO6,2.0885482526816452
NiFeTcZnO6,2.0247737999592474
NiSrSeZnO6,2.009029845369026
NiSmVZnO6,2.0703419463905584
VNiIrZnO6,2.022904852078449
CoNiIrZnO6,2.0134541556164813
NiTiTcZnO6,2.0177493707378518
TcNiAlZnO6,2.090684956021142
VNaIrZnO6,2.091926921912771
TcNaAsZnO6,2.0496484400976875
FeNbAsZnO6,2.0896645373095764
NbAgIrZnO6,2.007532836304038
TeNdAsZnO6,2.088472988434401
YNdAuZnO6,2.084444165609
CrFeIrZnO6,2.006271032782761
TiFeAsZnO6,2.024910149814732
TiFeAsZnO6,2.089180726956385
TeFeIrZnO6,2.059397684373338
TcFeIrZnO6,2.0267243995616577
FeDyAlZnO6,2.054283930863506
SbSrAlZnO6,2.048901241872472
TcSrIrZnO6,2.095899044911555
IrSrAsZnO6,2.0902829365405293
SnCsTcZnO6,2.0726806000293303
SnLaAuZnO6,2.035371799275426
SnTbAuZnO6,2.0350585718313194
SnYbAsZnO6,2.0154037668644813
SnYbAuZnO6,2.095020821048151
SnDyAlZnO6,2.0737851184709
TcSmAlZnO6,2.0999389590599105
VCrAuZnO6,2.0712096717050903
CuVAsZnO6,2.082823696140713
SbAgAsZnO6,2.0788898473503177
CoCaAsZnO6,2.086796783948182
CoCrIrZnO6,2.069204454778273
CoYbAuZnO6,2.0516003542178365
IrCaAsZnO6,2.057680098336085
TaCeAlZnO6,2.0008258684215594
CrCsAsZnO6,2.0194285801121294
TcCsIrZnO6,2.0727409078788566
CrYbAsZnO6,2.0388120003079733
CrDyIrZnO6,2.0985911145059517
TcCuAuZnO6,2.0810256967175795
TbLaIrZnO6,2.020280624505952
TcLaAlZnO6,2.0374327716674148
TbTlAsZnO6,2.09928342570327
TcTlIrZnO6,2.084237671909
TaTlIrZnO6,2.064721366154955
IrTiAsZnO6,2.0240814926483677
TeAgAuZnO6,2.0622516402597304
IrTbAlZnO6,2.0755389394734456
TcTaAlZnO6,2.071050007989627
TaDyAsZnO6,2.023735460905012
SmSrCrEuO6,2.0484392344613838
TlSrMoEuO6,2.004090128514619
CeSmTiEuO6,2.0022011211639335
SmTlIrEuO6,2.0141183677039542
TbSmIrErO6,2.0794658638813153
YbSmIrErO6,2.0559577441942607
LuCsIrErO6,2.0686317510143164
YCsAsErO6,2.042984023129032
TbTlTcErO6,2.061032729388207
FeNbVNiO6,2.0187678484762577
FeNdNiTiO6,2.010725692348795
SmNdNiYbO6,2.097480027341173
TlNdNiYbO6,2.013595670415142
TbSmNiYbO6,2.096529272458476
CoVAsNiO6,2.098571198985689
TlTmNiDyO6,2.0812714092493034
SmNdVNaO6,2.0586872600230333
SmNdTcNaO6,2.0496292751576264
SmTlYbNaO6,2.0771770819488395
CeLaTaNaO6,2.0659413227715273
CeNdNbTmO6,2.0388832392823057
LuNdNbTbO6,2.053042222757883
TbNdNbAgO6,2.051513005156401
TlSrNbYbO6,2.063982724120332
TbSrNbAgO6,2.083460710820917
CeSmNbTmO6,2.0335100418871126
TmSmNbYbO6,2.086366111797416
LuCaNbDyO6,2.03357434024977
TbCaIrNbO6,2.0129989917032884
LaCsNbLuO6,2.054969924450495
AgCsNbInO6,2.065438993199117
TaAgIrNbO6,2.0815031662357066
SmSrVNdO6,2.0316637370672783
TlSrTaNdO6,2.0119981733493106
SmCsTaNdO6,2.0496731382676496
TlCsAsNdO6,2.0227336695618128
SnTlAsFeO6,2.063004023901555
CrSbTiFeO6,2.010120669525297
TbTmFeDyO6,2.093180738354772
TcLuBAuO6,2.0607502550217163
TbCdSiTaO6,2.076029227402838
IrTbSiAuO6,2.0079843683133953
CeSmSnTmO6,2.0533104005867333
SmTlTaSnO6,2.009537253268942
LaCaSnTbO6,2.0189104370022886
TeScAlVO6,2.0580051362845984
CrCaVTiO6,2.049124396622014
TeCeAlVO6,2.065007437642229
CrCdAlVO6,2.080554608190699
CrCdAsVO6,2.054096613811695
TbTmVYbO6,2.0969210071594717
CrLiIrVO6,2.025710184657551
CuAgAsVO6,2.0151555593266077
TiLaAlVO6,2.0123705977280504
TiLiTcVO6,2.077894442007305
TbTlVDyO6,2.079499057275799
TbTlVDyO6,2.090146678291889
TcAgAuVO6,2.0183835511688453
LuTmTaScO6,2.0014413650919485
LuCaSbDyO6,2.099196855275083
TbTmSbDyO6,2.024615982759657
TbCsSbAgO6,2.02480950932378
TaCoSeAuO6,2.008316889066768
IrCoSeAuO6,2.0600215092189944
CrCsSeTiO6,2.001495261511062
LuCrSeTiO6,2.0661070506981005
TcLaSeAuO6,2.0390886863479087
TbCaCoDyO6,2.073525689336671
CrCdTcCoO6,2.0543792136099004
TbTlCoDyO6,2.037866069319318
ZrTlInCdO6,2.088108302876864
TbTlTaTmO6,2.009688800041493
TaYbAlCrO6,2.0903211943324793
TaTlAuLiO6,2.0071791978046365
ReBiVAuO6,2.0357285408450574
ReBiCuAuO6,2.050357865525717
RePrVCoO6,2.006417938464196
RePbVAuO6,2.0264992507682176
RePdWBO6,2.019566117548923
RePmCuAuO6,2.0068707279813207
ReKWBO6,2.083112453083386
ReMnVCoO6,2.012928868304098
ReNbVCuO6,2.0315315215826812
RhRbOsAlO6,2.0902170099958477
RhRbWVO6,2.024001177314626
RhRbWCoO6,2.0280539468088463
RhRbWAsO6,2.008808934603528
BaRbMnCrO6,2.016814957960423
BaRbSmTcO6,2.007985905456306
BiRbOsGeO6,2.044245843531544
BiRbPdSiO6,2.042119174648072
BiRbSnPdO6,2.0297279413038667
BiRbFeZnO6,2.0108996990809027
BiRbTaZnO6,2.0689535067771545
BiRbTiNiO6,2.0648854648003088
BiRbNbAsO6,2.0041102456185227
BiRbFeVO6,2.0875772300590163
BiRbVCuO6,2.0732202615027453
BiRbScCrO6,2.0004418348844695
BiRbScAuO6,2.0914145518459097
BiRbAgCoO6,2.0564576794379463
BiRbCrTiO6,2.0289213641549364
BiRbTaCuO6,2.000722911162092
GdRbNbGaO6,2.050112540864192
GdRbCrTiO6,2.0074484274090523
GdRbTaCuO6,2.0248342084893283
PrRbWSiO6,2.0288407528666266
PrRbNbCoO6,2.0647786154917767
PrRbSmFeO6,2.0375360397962585
PrRbFeAsO6,2.036285013654666
PrRbTbVO6,2.0598651979745854
PrRbMoVO6,2.090457660932209
PrRbIrSeO6,2.0450029622777475
PrRbCeTcO6,2.0871962585033548
PrRbCrCuO6,2.0063462055417842
PrRbCrTiO6,2.0490368957426632
PrRbZrTaO6,2.0308667167140038
PbRbHfCuO6,2.02392637559855
PbRbMnTeO6,2.069569926972835
PbRbMoWO6,2.035191309092463
PbRbSbZnO6,2.0442464947351078
PbRbNbCuO6,2.0463747050984398
PbRbSnVO6,2.021331524870336
PbRbCoAuO6,2.0577325070337276
PbRbTbIrO6,2.079832922370561
PdRbMnAsO6,2.02026136462782
PdRbVBO6,2.004493639603865
PmRbNbTaO6,2.099584856799739
PmRbSmCrO6,2.088524652886573
PmRbZrTeO6,2.0817338083123693
HoRbHfZrO6,2.0705818338254063
HoRbTbMnO6,2.0433289815978526
HoRbSnVO6,2.0666785776733745
HfRbIrBO6,2.014549533447351
HgRbTcSiO6,2.0882258399080134
MnRbWNiO6,2.089937911365916
MnRbVTcO6,2.018640762234514
MnRbCoTcO6,2.0111667414894017
MnRbCrCuO6,2.06911928879836
EuRbZrNiO6,2.0549843509585637
EuRbCeNbO6,2.058195616172409
EuRbCrSiO6,2.0817032515641958
EuRbSnCrO6,2.0219362673938486
EuRbSmVO6,2.0834198884484696
EuRbSmTiO6,2.0777089387877554
EuRbSmIrO6,2.0423318930931535
EuRbTbSeO6,2.0213560160058925
ErRbTaSiO6,2.073452189911148
ErRbIrSeO6,2.000832883647654
NbRbFeTiO6,2.0168976613798946
NbRbSnTaO6,2.042718529654576
NbRbVAsO6,2.021208647073981
NbRbMoAsO6,2.0279911357279565
NdRbTcSiO6,2.05380347105811
NdRbTbSnO6,2.0693156146728224
NdRbSmMoO6,2.0758313576283083
NdRbTiSeO6,2.0126214683559676
NdRbZrSeO6,2.0796326082229553
NdRbCeTeO6,2.0544144267142874
NdRbTaTiO6,2.085877528245084
FeRbVSiO6,2.0635061743352505
SrRbTaCrO6,2.0199587288753786
SrRbMoTcO6,2.0158205248888383
SnRbMoAsO6,2.022080242743779
SmRbVSeO6,2.0657776947241713
SmRbCeScO6,2.067285160336357
SmRbCeScO6,2.046122051894918
SmRbSbTaO6,2.0575179006459248
SmRbYbSbO6,2.0640998264279937
SmRbCeCdO6,2.0214785676723688
SmRbCeCrO6,2.0897590421272927
SmRbCeTaO6,2.0948245951596345
SmRbTbTiO6,2.0410268301456926
SmRbYbTiO6,2.0152809418349524
SmRbZrTiO6,2.001661797707937
SmRbTbIrO6,2.0605691183520904
SmRbTbAuO6,2.0016344810647873
SmRbTbAuO6,2.0563299367793793
SmRbTcAsO6,2.0453596440845905
SmRbDyTaO6,2.0822699002449454
SmRbTaAsO6,2.0931993277479823
SmRbYYbO6,2.049176124094588
SmRbInAuO6,2.003887249407532
CaRbTaTcO6,2.044199836113239
CdRbTaTiO6,2.086246706182817
TmRbMoCrO6,2.022075406125704
TmRbTaMoO6,2.0061462034344473
CrRbIrAsO6,2.0973859782524316
LuRbIrAsO6,2.014563930603148
TbRbTcAlO6,2.0921128993892397
RhGdZnVO6,2.032213229249689
RhPbVAuO6,2.0256511208193895
RhPbCoAuO6,2.053824391368211
RhPbTcAsO6,2.0334353373400122
RhPbIrAsO6,2.0812553256203885
RhPdWNiO6,2.082138333862433
RhPdVAuO6,2.0810123307765154
RhHfVCuO6,2.0688125163275055
RhKWNiO6,2.0647686192354833
RhKWVO6,2.0958881015600865
RhKVAuO6,2.091999220024257
RhMnWVO6,2.0330083586391265
RhEuNiAuO6,2.0852379957813185
RhEuVCoO6,2.0585342038796934
RhSnCuAuO6,2.00221008636425
RhSmVAlO6,2.061972745573816
RhLiTcAlO6,2.0860712218984823
RhLiIrAlO6,2.0626846334846456
RhLiIrAsO6,2.0390672302868973
RhYbIrAsO6,2.029963768732159
BiBaTaPdO6,2.0816842983152912
BiBaMnAsO6,2.041991984974689
BiBaWZnO6,2.0409264526027773
BiBaScAgO6,2.0192753217383164
GdBaPdBO6,2.0233965126179396
GdBaHfTiO6,2.043659264378791
GdBaHfTaO6,2.0576792484408606
GdBaWBO6,2.054759494008771
GdBaTaCoO6,2.0827896152016976
GdBaTeIrO6,2.0265770015167885
PrBaHfPtO6,2.0785485690019323
PrBaTbPtO6,2.061795636876268
PrBaSmPbO6,2.0806019364643977
PrBaNbZnO6,2.0526344424625367
PrBaYSbO6,2.076373305311118
PrBaTmTaO6,2.0196227680184915
PrBaYbTiO6,2.0043426973161838
PrBaTiAlO6,2.0053944591528614
PbBaHoNiO6,2.0179271239968966
PbBaTbMgO6,2.088462226057968
PbBaMnVO6,2.008607269794129
PbBaTbZnO6,2.084765595574572
PbBaTbNiO6,2.0076731671971206
PbBaDyScO6,2.0291772769073884
PbBaSbMoO6,2.0753184196844328
PbBaDyCrO6,2.0489853750418736
PbBaDyCuO6,2.001663735284425
PbBaLuMoO6,2.01507826889394
PbBaAuAlO6,2.0977336517316925
PdBaFeTiO6,2.090054235924014
PdBaVAsO6,2.0946456297699747
HoBaHfNbO6,2.0399079038924857
HoBaNbZnO6,2.079039134133322
HoBaTaIrO6,2.0744161229556832
HfBaInVO6,2.0574265401976497
BaKNbIrO6,2.014199364859098
MnBaCrZnO6,2.0637962257539955
MnBaVAlO6,2.0272517524609563
WBaIrAuO6,2.0192974004617708
WBaIrAuO6,2.036555617187699
EuBaSmCrO6,2.0274316767853438
EuBaSmTiO6,2.0288918314953315
EuBaTaCoO6,2.038189190958127
EuBaCeAuO6,2.065469132728594
EuBaTeCuO6,2.0455451220374106
EuBaTbYbO6,2.064603809665977
EuBaTaIrO6,2.033523713226672
NbBaTaCrO6,2.094889833332773
NdBaTbCoO6,2.074671249459546
NdBaTbTiO6,2.024924168025545
FeBaVAlO6,2.041314904306921
FeBaCrAlO6,2.048361679667258
SmBaCeVO6,2.00142807708723
SmBaYbScO6,2.0404711666196955
SmBaDySbO6,2.050734406802117
SmBaLuCoO6,2.054945971850097
SmBaDyCoO6,2.094607457867081
SmBaTbCuO6,2.005890477982604
SmBaDyAgO6,2.089374289148059
ScBaTiAsO6,2.009504860862792
SbBaTiAsO6,2.079486990895453
TmBaZrAsO6,2.0672631113748032
TbBaYbIrO6,2.057053200027826
YbBaZrAlO6,2.0412139140711187
YBaZrAsO6,2.0314139754680127
BiPrZnCoO6,2.023107385006304
PrBiInZnO6,2.0834473100811377
BiPrFeTiO6,2.0123348137010226
PtBiZnVO6,2.0377869009304157
BiPbMgLiO6,2.0013831237744886
PbBiTaMnO6,2.0549085244539222
PbBiTaVO6,2.0234887932811216
HfBiSbVO6,2.0366227480661747
BiKVCuO6,2.021729767977731
BiKCrTiO6,2.0426657220015323
BiKIrAsO6,2.0213279724972915
MnBiVCuO6,2.0864565411886504
BiNaVAuO6,2.0232859728317627
BiNaScTaO6,2.017090316693137
NbBiCrAuO6,2.0875285438624003
BiSmTiAsO6,2.025309454168905
SbBiTiCoO6,2.035560998636468
BiCaCrAsO6,2.087207808507906
PrGdNbZnO6,2.0985117551868973
PbGdMoMnO6,2.056447605753267
PbGdYFeO6,2.0602005091845617
PbGdTbVO6,2.0391835515795393
MnGdTiZnO6,2.033878817371122
MnGdCrCuO6,2.0734405521083645
WGdNiVO6,2.0009966507102632
NbGdTaVO6,2.0706916330461946
GdSrTbAlO6,2.0035500358473177
SnGdTaCrO6,2.0587723398821667
SmGdYCoO6,2.03085828912409
SmGdTbCuO6,2.06233936730353
SmGdTaTiO6,2.0146201409125952
SmGdAgTiO6,2.031708031370977
GdCsTcAlO6,2.0770709396621543
GdTlTaIrO6,2.039403226538
PbPrTaPdO6,2.014107344809844
PbPrHoAgO6,2.073633091227804
PbPrNbCoO6,2.0093924497557123
PbPrSbFeO6,2.0595886240807433
PbPrLuFeO6,2.0552588078682152
PbPrScVO6,2.0459868946784865
PbPrTmCoO6,2.0609418130750603
PbPrDyCdO6,2.0435529467626043
PrKNbVO6,2.0526819078817833
PrKNbIrO6,2.016261972306072
PrKSmDyO6,2.0316381445798615
PrKSmAlO6,2.053953627484589
PrKSbCrO6,2.065105276991697
PrKSbTiO6,2.0596442938137396
PrKTbMoO6,2.000339014968525
MnPrIrAuO6,2.080305374934423
NbPrCrAuO6,2.0804420964745676
NbPrCuAuO6,2.0572814804871444
PrSrSmCrO6,2.080872315533457
PrSrScSbO6,2.0153949371272692
PrSrScAuO6,2.084860796608916
PrSrScInO6,2.00240241842163
PrSrCeTaO6,2.0779154785983818
PrSrCeInO6,2.0919336123487215
PrSrTmCuO6,2.0037486253832624
PrSrTeIrO6,2.0163942035638827
SmPrVCoO6,2.0183133802976743
SbPrTiCoO6,2.0380359714155665
SbPrCoAuO6,2.0596405156176854
CePrTmCdO6,2.0148467576523887
PrCsTbMoO6,2.0948274871168917
PtPdZnCuO6,2.0787476668171436
PtPdNiAuO6,2.002428712310288
PtPdVCoO6,2.0430759283112216
PtPdCoAuO6,2.0631440802562286
PtHgWNiO6,2.0587959924489305
PtHgVAlO6,2.0956490297330235
PtMgWCuO6,2.029594351170922
PtKVAsO6,2.0451859479039567
WPtZnAuO6,2.0074149505228007
WPtVCoO6,2.009833348795368
PdPbMnVO6,2.0793022974042636
PdPbWCoO6,2.0036000119039836
PdPbNiAsO6,2.047562141151844
PdPbTiVO6,2.0499089949923146
PmPbMoZnO6,2.0590286068277277
PbPmErCrO6,2.0221123536826284
PmPbTbNiO6,2.011223535060956
PbPmNbCuO6,2.042331956886349
PmPbTaFeO6,2.051483074874198
PbPmVCuO6,2.058572951715777
HoPbMnAsO6,2.068975379355497
HoPbWAlO6,2.0267011038016336
HfPbFeTiO6,2.075005413095709
PbKWVO6,2.0041211479189704
PbKNiIrO6,2.056732691943363
PbKNbCrO6,2.043498511033991
MnPbWNiO6,2.0714320406627555
PbEuErFeO6,2.0976623665113423
PbEuScCoO6,2.074849371667934
ErPbSnTiO6,2.0958070776258366
NbPbTaVO6,2.0368328628711203
NbPbCrAsO6,2.068879314209474
NdPbTiVO6,2.0872829929431767
PbNdTmAlO6,2.0694676840916264
PbNdLuTiO6,2.0534763573865638
NdPbTaTiO6,2.028454706358738
PbNdTbIrO6,2.063041932908994
PbSrScAsO6,2.0642875744564666
PbSrTbMoO6,2.060350618861618
SnPbCrCuO6,2.0377450440275493
PbSmVAlO6,2.019018399370446
SmPbYbCdO6,2.066132453202888
SmPbTbCrO6,2.042786548844549
PbSmYbInO6,2.0983243996479013
PbSmYIrO6,2.0664583357926114
ScPbTiCuO6,2.0789388958307717
SbPbTaCrO6,2.067616209342784
LaPbTaTiO6,2.062508699004255
PmPdTiWO6,2.075393637040186
PdPmTeAuO6,2.0865708821594833
PdMgMnAsO6,2.047881784999971
PdMgWCoO6,2.0043991251564814
PdMgVAsO6,2.0440963493323263
PdMgTiAlO6,2.0956118521004754
PdMgTcAlO6,2.072289902272005
PdKMnSeO6,2.0310963365652355
PdKMnCrO6,2.082275832819392
PdKWNiO6,2.0696739627772023
PdKWSiO6,2.061104238022031
MnPdVCoO6,2.082598918082976
MnPdVCuO6,2.076510342287339
MnPdTiCuO6,2.017501935852125
MnPdIrAsO6,2.037809221251006
PdSrVAlO6,2.0827541269151566
SmPdTeVO6,2.095913505891535
SbPdCrCoO6,2.0215051934439217
PdCaIrAsO6,2.078351969349501
PdCsTeIrO6,2.0722554437963026
PdCsIrAsO6,2.0351065748865023
HfPmZrLiO6,2.0507557703089754
PmKWSiO6,2.055012630821956
PmKNbSnO6,2.0600470595295506
PmKSmTmO6,2.0433321092226877
PmKCrAsO6,2.080054106823725
MnPmZnCoO6,2.0858238316511706
WPmZnVO6,2.0751077448940216
SnPmSbVO6,2.090597035594074
SnPmCrAuO6,2.0641517032257237
SmPmCrAuO6,2.085957390372893
SmPmYbCuO6,2.065326401390047
SmPmYCuO6,2.0839557356360467
SmPmLuTiO6,2.091816816450114
SmPmYbAgO6,2.0581167044248536
CePmDyCrO6,2.01196653237228
PmCsTeTcO6,2.0540347686991494
HfHoVAuO6,2.0831298181859417
HfHoTaCuO6,2.037707775628227
HoKNiVO6,2.0531437685985265
HoKTbZrO6,2.065528223976113
HoKTcAlO6,2.0023525434630036
HoKIrAsO6,2.0024858292315657
MnHoCrZnO6,2.0638471190409735
WHoNiAuO6,2.089456955859424
HoEuTbTaO6,2.0176478622194245
NbHoFeTiO6,2.057950694654973
SnHoMoCuO6,2.035130876304008
SmHoYbTiO6,2.064351585146861
HoTlTbTaO6,2.01196135625147
HfKNbCoO6,2.0670730211518955
HfKZrInO6,2.026544151467242
MnHfCoAuO6,2.0312840443049054
MnHfTiCuO6,2.0059329783472197
HfEuNbTaO6,2.093462248631092
HfNaTaIrO6,2.084933759436435
HfCsCrTiO6,2.0800900471904655
MnHgFeTiO6,2.0423150860208836
MnHgCrAuO6,2.09759461277231
MnHgTeIrO6,2.078433140909589
MnHgIrAsO6,2.072619423050492
NbHgTiBO6,2.05402048699281
NbHgTaCrO6,2.0750450244298078
NbHgCrAuO6,2.0018028369733876
SnHgVAlO6,2.0100539943498164
ScHgTaCoO6,2.0055841935757
SbHgTaCrO6,2.0544842887172337
MnMgNiBO6,2.096404990780612
MnMgVCuO6,2.0290090382661656
MnMgTeVO6,2.0655660086411602
MnMgCrAlO6,2.0579260794516854
WMgIrAsO6,2.086119581298833
EuMgTcBO6,2.0516209054670127
NiMgCoAsO6,2.009552291423554
NbMgFeAuO6,2.0577866638472666
NbMgMoFeO6,2.0680010971226315
NbMgMoFeO6,2.012548484450714
NbMgVCoO6,2.0390396268329685
NbMgCrAsO6,2.0734134172202454
FeMgTeIrO6,2.010420747279412
SnMgTaIrO6,2.071776869952796
SmMgTaTiO6,2.0271584436478953
SmMgMoAlO6,2.043513499794527
SbMgTaIrO6,2.0826094028758955
CeMgTaCrO6,2.013809208159538
LuMgTaTiO6,2.0509036332892605
MnKWCoO6,2.048647028896597
MnKCrBO6,2.0211594105838984
MnKTeIrO6,2.037179751528575
WKNiVO6,2.013501895031661
WKVAsO6,2.075898786913126
EuKNbAsO6,2.0209440712549025
EuKSmTeO6,2.0130469405342444
EuKSbMoO6,2.0465267468076647
EuKTcSeO6,2.064821959884173
EuKZrTaO6,2.0584080972857235
ErKAuAsO6,2.057678686455008
NiKCoAsO6,2.0042938291277426
NbKFeTiO6,2.081975447587687
NbKMoCrO6,2.0087647055590163
NbKTaCuO6,2.0838509701981787
NdKSmCoO6,2.057416562658306
NdKSmTbO6,2.008975197979335
NdKSbMoO6,2.072831576024014
NdKTcAlO6,2.0729785569986543
NdKTaMoO6,2.0428324828350486
FeKIrSeO6,2.0198728461128628
SrKMoSiO6,2.0881256727824096
SrKCrSeO6,2.0012022552848165
SrKTaCrO6,2.0184255223713765
SmKScTaO6,2.0914521733047793
SmKSbTaO6,2.087777009471222
SmKSbMoO6,2.0655439815796077
SmKMoSeO6,2.063470502396723
SmKCeAuO6,2.004179577499158
SmKTaCuO6,2.027771630152988
SmKTcAsO6,2.0863058240106733
SmKMoAlO6,2.013126741615172
VKIrAsO6,2.0540764092851935
SbKCoAsO6,2.0514965637915523
CdKTaTiO6,2.0536799956491567
TmKMoAsO6,2.080879071731062
LaKAuAlO6,2.0256088747598153
TeKTcAsO6,2.0980374289958164
MnEuTiAsO6,2.0510216789378246
MnNaCrAsO6,2.0519533287200704
FeMnTiVO6,2.098303971188999
FeMnTcAlO6,2.0395771458050618
MnSrTiAlO6,2.0565305441423245
MnSrIrAlO6,2.005994147728377
SnMnTeVO6,2.043172923217602
MnSmCrAuO6,2.014521700990322
MnCsCrAlO6,2.027747625089398
MnLiIrAlO6,2.0038892889094173
MnTlTeAuO6,2.0238623559047118
WNaTcAsO6,2.0360353718602626
WFeVCuO6,2.048020022693725
TiZnAuAsO6,2.0223679113860165
ErEuTeAuO6,2.03837326674112
NdEuTiBO6,2.0101944804908776
NdEuCeCrO6,2.070199729568813
EuSrSmTiO6,2.0931578229045513
EuSrCrAlO6,2.0513555951292965
SnEuSbAuO6,2.002058967211492
SmEuTmVO6,2.074684489344341
SmEuYbCoO6,2.034466821734207
SmEuDyCoO6,2.0004968734205795
SmEuLuCrO6,2.0653820401198093
SmEuLuCuO6,2.0321467625514305
SmEuTaCuO6,2.0735083578257156
SmEuTeIrO6,2.0399420888479924
SbEuTaCuO6,2.0166531501754528
CeEuLuAgO6,2.0679204967417544
DyEuZrInO6,2.0001204983610594
NbErTaCrO6,2.0412454527840653
NbErTaCuO6,2.028156316270707
SnErSbTiO6,2.090019352745734
SnErTaCoO6,2.05972923782891
SmErCdVO6,2.0659808689716064
SmErDyVO6,2.088106705052118
ErCaTbAsO6,2.032164076791737
ErTlTaAlO6,2.0136087002555794
NiNaVAlO6,2.097276585252351
NiCsIrAlO6,2.088222068761414
NiTiTcAsO6,2.0751050538545024
NbNaTaFeO6,2.096555415721714
NbNaCrBO6,2.0397887012875917
NbNaTiBO6,2.021943614554258
NbNaTaCuO6,2.0459812078490995
NbNaTcAsO6,2.0920324558922023
NdNaCrSiO6,2.0258261410653176
FeNaVSiO6,2.038363800427275
FeNaTiAlO6,2.036088633794669
FeNaTcAlO6,2.020930446546431
SnNaTaVO6,2.0573703805769337
SnNaIrAsO6,2.005029197943544
SmNaTaVO6,2.0754753760627245
SmNaLuSbO6,2.071324032481584
SmNaTbCoO6,2.07939783557294
SmNaTaCoO6,2.0687476953314334
SmNaZrCoO6,2.035154278674399
VNaIrAlO6,2.060132442314246
ScNaMoSeO6,2.0228469935538693
TbNaIrAsO6,2.027557009795177
TcNaIrAsO6,2.019379437263841
YbNaIrAsO6,2.038249305902476
NbNdFeTiO6,2.0812903812960863
NbCaTaAsO6,2.0183989933020183
CeNbTaCrO6,2.040249036402343
NbCeCrAuO6,2.0545170630510614
NbCsCrAlO6,2.030318381874276
FeNdTiVO6,2.066261495894082
FeNdVAuO6,2.0637134995873527
NdSrSmCoO6,2.0544706082593676
SnNdSbTaO6,2.095040213135405
SmNdLuVO6,2.049769540026578
SmNdCeCoO6,2.029210070985223
SmNdTmCoO6,2.014664268871473
SmNdYbCoO6,2.0160402818814136
SmNdTmCdO6,2.02073984674665
SmNdTbCdO6,2.0551251670254715
SmNdCrAlO6,2.004599738958805
SmNdCrAuO6,2.001805383446394
SmNdTeIrO6,2.0633513037659053
CeNdDyTiO6,2.0606245258559444
CeNdDyIrO6,2.0820718767820945
NdCsTaIrO6,2.065317178763118
NdTlTaIrO6,2.059527067367454
YbNdMoAsO6,2.0555812602645136
FeSrVAlO6,2.053632624935143
FeCaCrAsO6,2.0633775886431622
FeCaTiAsO6,2.088078942337419
TiFeIrAsO6,2.0029404880211463
SnSrSbTiO6,2.0153444655222414
SmSrVAlO6,2.065136405016111
SmSrYbSbO6,2.0450462389578123
SmSrCeAsO6,2.086046673546063
SmSrZrCuO6,2.0229743343910607
SmSrTbAlO6,2.047921681325944
ScSrTaCoO6,2.039613809639698
ScSrCrAsO6,2.099944567155757
CoSrAuAsO6,2.0352123262000865
LuSrTiAlO6,2.077277727244934
LuSrTbAgO6,2.0376045677551047
TaSrIrAlO6,2.05401586128353
SnSmVCoO6,2.031606368253488
SnCsCrIrO6,2.0449025188452823
CeSmLuTaO6,2.0968454923733084
CeSmZrInO6,2.067548804374678
SmCsLuAuO6,2.050375024981234
SmCsTiAlO6,2.095148876924414
SmCsTeTcO6,2.042643796709712
SmCsTbAgO6,2.0393577203233195
SmCsTbMoO6,2.072320276741373
SmCsTaAsO6,2.0999829422322205
SmCsIrAsO6,2.0614919163265286
TbSmInTaO6,2.056363023984787
AgSmZrAsO6,2.0286506559011857
SbAgIrAsO6,2.076767315943168
TiCoAuAsO6,2.073671003935024
TmCaTbAsO6,2.0280124150258736
YbCaMoAlO6,2.0811809613826995
CrCdTiAlO6,2.056252280260994
LaCdZrTaO6,2.0670057679104206
TmCsTcAsO6,2.0128198795515786
TeCsTcAsO6,2.0923487086014405
TbCsTcAlO6,2.0495769917036117
TbCsTcAsO6,2.098611319669779
TbCsTaIrO6,2.0425032414108415
TiCuAuAsO6,2.0259910516306854
TeLiIrAsO6,2.001361142225617
IrLiAuAsO6,2.0603645094835135
TaAgIrAsO6,2.0086242451233587
YDyZrAlO6,2.0638479389016715
RuPdOsAlO6,2.0605913727703644
RuPdOsAsO6,2.01658243933485
RuEuOsAsO6,2.087766425556721
RuFeOsBO6,2.0243685143974677
RuCuOsAlO6,2.014731745202365
RePdPtZnO6,2.0482375877651604
ReNaWCoO6,2.064763382920013
ReCaWCuO6,2.0132153661872203
ReNbNiAuO6,2.0562651427155365
GdRbCrRhO6,2.0364790341723364
PbRbTaRhO6,2.0084352844326525
MgRbTaRhO6,2.085734341038883
MnRbRhBO6,2.0337612186348055
EuRbTaRhO6,2.0181093897119404
ErRbTbRhO6,2.0019234535706727
NbRbRhAlO6,2.0755957426717577
NdRbRhCoO6,2.0228330999013724
NdRbRhAsO6,2.0021349535442767
SrRbCrRhO6,2.0213545418784697
SmRbTiRhO6,2.0865612900094996
TmRbTaRhO6,2.08943596726523
TmRbRhAlO6,2.029009362559417
LuRbRhAsO6,2.0519700388714615
PrRbTaBeO6,2.007856384434729
PrRbAuBeO6,2.0866951631010107
PbRbMnBeO6,2.03284576226637
NbRbTcBeO6,2.026397332982638
SmRbIrBeO6,2.013937411117101
GdRbBiTaO6,2.027690220892848
NdRbBiScO6,2.045468107270487
CaRbBiTaO6,2.005464732867844
GdRbHfOsO6,2.0172609452675796
PbRbOsBO6,2.085274380951846
PdRbOsAsO6,2.0472459249775565
NdRbTeOsO6,2.0776361682980173
SrRbSbOsO6,2.099229023497261
PtRbVGeO6,2.052272187095957
PtRbIrGeO6,2.0981168421116005
EuRbVGeO6,2.0647966542879796
EuRbTaGeO6,2.07556358354712
EuRbIrGeO6,2.002096824974575
SmRbTaGeO6,2.0522939004952625
SmRbTaGeO6,2.097698234102271
SmRbGdAsO6,2.048832089560762
MnRbCrGaO6,2.056003367494786
SnRbTiGaO6,2.0064431023195826
LaRbIrGaO6,2.0337147635216284
SmRbPrTiO6,2.0284581555623005
PbRbCrPtO6,2.0388940304583127
PmRbTePtO6,2.051643003803118
ErRbTbPtO6,2.089191887405014
SmRbCrPtO6,2.0884299673779805
LuRbPtAlO6,2.0851722248247397
NdRbSmPbO6,2.09271093842066
SmRbPbTmO6,2.0283587612737506
SmRbPbMoO6,2.0115902900360223
LaRbPbTbO6,2.0765587575946083
HoRbZrPdO6,2.0608499702005756
SmRbAgPdO6,2.0774035683757925
TbRbMoPdO6,2.0937114036106372
YRbZrPdO6,2.0602901081287865
ErRbHfTeO6,2.032058154449818
SmRbHfCrO6,2.0045091423073953
NdRbMnCrO6,2.078357862675693
NdRbTbMnO6,2.0616485256229393
SmRbMnCrO6,2.0686618643325567
EuRbWSeO6,2.014264988666969
ErRbWSeO6,2.0521027352842918
NdRbWSiO6,2.0997229126543595
LuRbTbWO6,2.0898339078780714
SmRbEuSbO6,2.0785194741583912
NdRbTaNiO6,2.004717374073948
NdRbZrNiO6,2.0332969486600736
SmRbNiVO6,2.090477779834764
SmRbTeNiO6,2.0376740207485584
NdRbNbTaO6,2.042040951074226
SmRbNbSbO6,2.020607431474285
SmRbNbCoO6,2.049943141604868
SmRbNbCuO6,2.0396972756147034
SmRbNbIrO6,2.099882481514388
TaRbNbAlO6,2.029105932619077
SrRbMoFeO6,2.008168639031104
SbRbTaFeO6,2.046315479723209
CrRbFeAsO6,2.077538061975458
IrRbAuBO6,2.066736493320778
CaRbCrSiO6,2.054964007595989
LaRbMoSiO6,2.051270488653885
LaRbTeVO6,2.0376004313933715
TcRbVAlO6,2.025151846622023
IrRbVAlO6,2.070746410080315
CrRbIrSeO6,2.017639787773947
LuRbTaSeO6,2.0668126123112844
YRbMoSeO6,2.040209006373757
LuRbTeCoO6,2.0367031233595285
LaRbTbCrO6,2.0048402238532472
LuRbCrTcO6,2.0702520102350843
TbRbCrAlO6,2.0342091188819413
DyRbCrAsO6,2.0894978892669274
TeRbTiAsO6,2.037008221060548
TbRbTaTiO6,2.079279672237092
TbRbTeAuO6,2.068153500709542
TaRbTeIrO6,2.026949477638621
PdRhIrBeO6,2.0208202658044963
NiRhAlBeO6,2.043200124426963
FeRhAlBeO6,2.015265926265312
CeRhAuBeO6,2.0806946205325065
RhPdOsAsO6,2.0026360543306794
RhKOsAlO6,2.08269466071557
RhCsOsAsO6,2.0160687036045424
RhPbPtVO6,2.016623577053407
RhKPtSiO6,2.05480123892088
RhNaPtCuO6,2.0838420711200407
RhLiPtAlO6,2.063609124116847
RhSrWVO6,2.038358447148239
RhCaWCuO6,2.0464686116284905
RhNbZnAuO6,2.023828873063692
RhTiZnAuO6,2.0426958944994333
RhSbNiAuO6,2.06395535224694
RhCaVAsO6,2.03590999873354
RhCeVCuO6,2.0575736000240945
RhCrVIrO6,2.088891309327309
RhLiVAuO6,2.033720410220517
PrBaBiHgO6,2.016746651054746
PrBaBiScO6,2.091534914515907
PrBaBiTiO6,2.0206918457133987
PrBaDyBiO6,2.02385359609352
PbBaHoBiO6,2.041347986850706
PbBaBiNiO6,2.0309059012606987
PbBaTbBiO6,2.021428082527835
PbBaYbBiO6,2.0063887810979284
HoBaTbBiO6,2.057382203693226
TbBaYbBiO6,2.05330640507947
HoBaOsAsO6,2.034690783227527
PtBaTcGeO6,2.0522675388733784
ErBaTaGeO6,2.0272968637860758
SmBaTbGeO6,2.016342543974962
PrBaCeGaO6,2.083227598442918
PdBaIrGaO6,2.044310902498953
SmBaTiGaO6,2.025941873977932
TmBaTbGaO6,2.0245623737293963
EuBaPrCoO6,2.0056367128457167
PbBaTbPtO6,2.006307584876392
PmBaCrPtO6,2.0780567990611227
PmBaPtAsO6,2.073172920139219
SmBaPtAsO6,2.0738797527522705
SmBaPtAuO6,2.0764932656804493
EuBaPbScO6,2.08325691327992
MnBaPdCuO6,2.092870770869838
SmBaCePdO6,2.005245304429025
SmBaTbPdO6,2.0206802847704863
SbBaPdAsO6,2.0545744146677527
TbBaYbPdO6,2.0140458459462804
SmBaPmCuO6,2.0996578191408624
SmBaHoAsO6,2.0572760698116848
ErBaHfCrO6,2.034645660678341
TlBaHfTaO6,2.075067455297083
YBaHfMoO6,2.0692331050976946
CrBaMnTiO6,2.0599724102240433
VBaWCuO6,2.0513641970201615
BaCsWTcO6,2.0408869257500326
SmBaTbZnO6,2.016314583885521
SmBaEuTiO6,2.0871167044123276
SmBaErCrO6,2.099323547025234
SmBaErCrO6,2.0911709622356436
SmBaErTiO6,2.039111331441192
SnBaNbIrO6,2.080928818082717
SmBaCeNbO6,2.0096918507214054
SmBaTmNbO6,2.020926087372754
LaBaNbAlO6,2.0601148714296293
TbBaNbAlO6,2.0541596775741047
TbBaNbAuO6,2.0861104398424732
SmBaNdCoO6,2.0246627445067826
YBaIrBO6,2.084713198850876
CoBaVAlO6,2.014057694900773
TbBaZrVO6,2.000365723064531
TbBaScAsO6,2.0410121601554123
TbBaZrSbO6,2.04867449398931
TlBaMoCoO6,2.03099300432794
TlBaCeYbO6,2.0713261541444212
YbBaTbAuO6,2.0996968506413505
YBaTbAgO6,2.025223129623513
BiNaOsAlO6,2.010757200596
BiTlOsAsO6,2.027015592130253
PdBiTiGeO6,2.0484541038056308
MnBiTiGeO6,2.054793565951336
MnBiPdZnO6,2.030470812324426
NbBiPdFeO6,2.0616214423158237
NbBiPdCuO6,2.0740215739903394
NbBiPdAuO6,2.054743842573164
BiEuHfLiO6,2.0796130122381986
BiTmHfMoO6,2.0619682475257792
BiTmHgCrO6,2.0381769972896158
BiLuHgTiO6,2.0469679601145563
SmBiAgMgO6,2.0135361273115433
ZrBiInMgO6,2.003388973145072
BiErMnTiO6,2.0386283171740276
BiSrMnAsO6,2.032207558413407
SbBiMnCoO6,2.075859968293431
BiEuZnCuO6,2.08675633537287
SnBiTiZnO6,2.047319594090331
BiNdNbCuO6,2.08903231093572
BiSrNbIrO6,2.0919383341236077
SnBiNbCuO6,2.010855488484697
BiSmNbCuO6,2.067035407133613
BiTlVAlO6,2.0189236332020575
CeGdYPtO6,2.08856430441332
GdNdPbYbO6,2.0509012693101267
MnGdPdCoO6,2.0680856287533635
GdKHfTaO6,2.065015443800113
GdSmHfInO6,2.0751343335206394
GdEuMnAsO6,2.0976510960760457
GdCsWAsO6,2.0612961628370865
NbGdTiZnO6,2.0339609896881554
SnGdTiNiO6,2.092814708762107
SnGdNiAuO6,2.063629425265085
CrGdTiVO6,2.023214980692723
IrGdCoAuO6,2.043135510872449
TbGdDyTiO6,2.0553485270895555
PrKPbZrO6,2.0982102141727554
SnPrTaPdO6,2.0289859784466073
SmPrTbPdO6,2.0391713458819916
SmPrHoTiO6,2.0856978836139404
PrSrEuTiO6,2.092844448146696
SmPrErTiO6,2.015692280137466
VPrNiAuO6,2.0766231538996096
SnPrNbCuO6,2.0412059909536224
SnPrNbLiO6,2.078144745251733
PrTlNbTiO6,2.023327700040963
SmPrNdAgO6,2.0625067559660537
CePrTbFeO6,2.0993314284500997
PrCsSnCrO6,2.092089331849809
PrCsSmCrO6,2.0803593645584164
PrTlSmAgO6,2.0106870486466613
TePrVAuO6,2.0535972676477714
CrPrTiCoO6,2.0082853849494993
PtSmWCoO6,2.075918353661919
PtFeZnVO6,2.02598940940151
PtFeZnAuO6,2.064030732156336
PtCrNiAuO6,2.0930604880404733
PtCrNiAuO6,2.0267483638667407
PtLaNiAuO6,2.04670188507964
PtYbNiAuO6,2.055846660521812
PtYNiAuO6,2.0152214969360007
PtScVCuO6,2.0877092484055
PtCaCoAsO6,2.0687589800152146
PtTiCoAuO6,2.059112641470195
PtTaCoAuO6,2.0006880109291667
PtTbCuAuO6,2.015692716057159
HfPbPdAsO6,2.092818087493865
PbKPdTiO6,2.014696330282081
PbKPdAsO6,2.0112945558207094
PbEuPdBO6,2.0026536943278046
NdPbTaPdO6,2.023165176958739
SmPbScPdO6,2.0416872770627417
SmPbTmPdO6,2.061577554062903
SmPbTmPdO6,2.068106462931454
SmPbTaPdO6,2.0818519733093153
TbPbDyPdO6,2.0163605969742835
AgPbPdAlO6,2.032874379438323
PbEuHoSbO6,2.006065888830905
PbEuHoCuO6,2.0495016193322164
PbEuHoTiO6,2.02268508480228
PbSrHfCdO6,2.0793149377435816
PbTlHfMoO6,2.0257621061444406
NbPbSbMnO6,2.044203711839034
NbPbTaMnO6,2.062529454136157
SnPbMoMnO6,2.043382459312995
ScPbMoMnO6,2.0898800972178284
SbPbMnTiO6,2.0090517358906035
PbCsMnTiO6,2.0513381141717244
TbPbMnAsO6,2.0565186890717313
PbEuWCoO6,2.0953867069382492
VPbWCuO6,2.0128875648931155
ScPbWCoO6,2.0067039428322735
TmPbWCuO6,2.0701300802525457
TiPbWAsO6,2.020007261657267
NbPbSbZnO6,2.011770941245824
PbNdErScO6,2.0663129255099166
PbNdErAgO6,2.052909794446864
PbSrNiAuO6,2.0616490060197914
SmPbTaNiO6,2.0556796249714666
PbNdNbTaO6,2.0006636479361735
PbSrNbCoO6,2.024352007099589
SnPbNbSbO6,2.061962622296531
SnPbNbAsO6,2.0977209608730933
PbSmNbCoO6,2.0142298869258664
ScPbNbTiO6,2.057609492113752
SbPbNbCrO6,2.021364830956043
TmPbZrNbO6,2.0286408091619093
DyPbNbAlO6,2.0533578272252306
PbSrFeTiO6,2.0877247421090854
SmPbDyFeO6,2.0485329784528394
SnPbCrBO6,2.0588108954027446
SmPbCrBO6,2.0513534123946835
ScPbIrBO6,2.045170420093331
CrPbVCuO6,2.0252664277753993
CuPbVAlO6,2.092308997596192
TiPbTeVO6,2.002420978315411
TiPbVAuO6,2.086487227041788
TbPbVIrO6,2.062985184670339
AgPbVAsO6,2.032430817279676
AgPbMoVO6,2.053623058407996
CePbDyScO6,2.0328950599752593
PbTlSbTcO6,2.0090238587085696
PbTlCoAuO6,2.0058136955946804
TaPbMoCoO6,2.0965326329247707
TbPbTmAuO6,2.0899413022449007
LaPbZrCuO6,2.0463398293240864
TbPbLuAsO6,2.06255780980693
TbPbInTiO6,2.0340855953723285
TaPbTiAsO6,2.0026949943404095
YbPbTbMoO6,2.095469995530237
TaPbTcAlO6,2.011095001009735
PdNdMnVO6,2.0479388618079697
FePdMnVO6,2.0576621287116117
PdCaMnCrO6,2.0275629643114588
PdCsMnTiO6,2.063156208851566
PdLiMnTeO6,2.0070457655110383
PdLiMnAsO6,2.085707248801392
NiPdWVO6,2.016113770793312
NiPdWCoO6,2.0653138530296724
IrPdWAsO6,2.0356973221799217
FePdTeZnO6,2.079434307367862
FePdCrNiO6,2.0262516087621893
PdLiNiTcO6,2.0728020088844583
PdTmFeTiO6,2.0743646617551996
SmPdCrBO6,2.027743977860307
CePdTiBO6,2.0599408126055425
PdCaVAsO6,2.019323536225899
PdCsVCuO6,2.0941506287708544
CuPdVAsO6,2.0505472746882716
TcPdVAlO6,2.0575223868194747
TcPdVAlO6,2.071983631215422
PdTbCoAuO6,2.06076752557375
PdLiCrAsO6,2.0707343209205726
PdYbTcAsO6,2.017222856028981
CePmHoCrO6,2.0904430480962803
PmSrHfMoO6,2.091682002676827
SmPmLuHgO6,2.0369629280897077
SmPmDyHgO6,2.07077677314138
SmPmScMgO6,2.0736419101399677
SmPmMgTiO6,2.027020689432678
SmPmDyMnO6,2.0622086473470436
TbPmInZnO6,2.029210963950261
SmPmEuCdO6,2.035148422422959
SmPmNdTiO6,2.0447289184217254
SmPmTmFeO6,2.0393407179448118
PmCsSmTaO6,2.097567243977621
PmTlSmTeO6,2.0339016962643037
CePmSbTiO6,2.09880639357195
TbPmDyCrO6,2.057727367135113
TbPmTaCuO6,2.0297193376792073
HoNaHfNbO6,2.084158332500785
HoCaHfTaO6,2.0576355579785766
HoCsHfCrO6,2.0910102592290296
SmHoTmHgO6,2.0912303003741406
SmHoDyHgO6,2.012250766670596
SmHoDyMgO6,2.0390695396265226
HoTlMnTiO6,2.0280636306262165
SnHoNbCrO6,2.073927309295761
SmHoScFeO6,2.0319337917984255
SbHoFeCrO6,2.0024838879875406
HoCsSnTaO6,2.051420890092243
TcHoCoAuO6,2.0166902072725534
TbHoDyTiO6,2.045458225563762
HfYMnAuO6,2.031132285026345
HfTlNbTiO6,2.056962116792014
HfLuFeAuO6,2.0188226239443394
HfCsSnTaO6,2.0527887040341604
HfLaSnLiO6,2.0046065310631858
HfLuCrAuO6,2.032264205242834
HfAgTeAuO6,2.039597028192947
CrHgMnTiO6,2.071786621918723
NbHgWCoO6,2.0062224790192142
SmHgTaZnO6,2.0786066059123507
SnHgNbCrO6,2.058579627271844
TaHgSnMoO6,2.086173362046929
TeHgVAuO6,2.017090820716863
CdHgTaCoO6,2.0032027323589103
TaHgCrAuO6,2.027666076409015
TbHgTaTiO6,2.02125498703753
NbMgMnAlO6,2.0361999882995496
FeMgMnAuO6,2.092938965439493
SmMgTaMnO6,2.0308588853675604
TiMgMnAlO6,2.0256069228927314
SnMgWVO6,2.0598304308070983
VMgWCuO6,2.0975701671577003
SbMgWCuO6,2.0261274045427067
CeMgTiZnO6,2.065411459374131
TiMgTeZnO6,2.0817216077618297
NbMgNiVO6,2.009747201973275
SbMgNbTiO6,2.0141781478395067
ScMgTiBO6,2.0196498758726715
CuMgCoAsO6,2.0804333431421638
AgMgMoTiO6,2.058069843662451
EuKSmMnO6,2.0147019993290782
EuKMnTeO6,2.0667959049696156
NdKMnCrO6,2.0989380734816976
SbKMnCuO6,2.0841937534397537
CrKMnTiO6,2.0451070436710177
CrKMnTiO6,2.051332904471524
LaKMnAsO6,2.0663327155988247
LuKTbMnO6,2.075555022770417
TaKMnAlO6,2.03820238273178
NiKWBO6,2.0490703865995354
LuKWAsO6,2.0186540197831344
DyKZrWO6,2.069985688277745
NbKTaZnO6,2.0454451961116553
SmKErMoO6,2.0101693848196986
SrKTaNiO6,2.0899926542168465
ScKZrNiO6,2.0023730352354923
TmKCrNiO6,2.019764576389641
NdKNbSeO6,2.0638092710265705
NdKNbCoO6,2.0275315331936876
SnKNbCoO6,2.0308838146879262
SmKNbAsO6,2.0545560068542312
SbKNbCuO6,2.054070208397503
SbKNbAlO6,2.0794882683875757
TmKZrNbO6,2.0914176546815706
TlKNbTaO6,2.054599697848058
LuKNbIrO6,2.0392481261424713
SmKTbFeO6,2.0995562308416975
LuKFeTeO6,2.073830366264301
SmKTbSiO6,2.0824463161218945
SmKZrSiO6,2.0683426218854533
TmKTaSiO6,2.0619614650088214
TlKTcSiO6,2.072373132072275
LuKTbSiO6,2.0054100886800352
LuKTaSiO6,2.003692375795545
AgKZrSiO6,2.0022493989737877
SbKSnMoO6,2.0750824547732916
TlKSmMoO6,2.073234089228158
ScKTeVO6,2.081949652941809
SbKTiVO6,2.020859588554321
SbKMoVO6,2.05611524687124
LaKVAsO6,2.0006946570252038
TaKVAsO6,2.0772160453848425
CaKSbTiO6,2.0749692268884323
TmKSbMoO6,2.0415199906269796
DyKSbMoO6,2.0500591616039454
YKIrSeO6,2.0649788516171688
TmKCrCoO6,2.0944216298568237
LuKTiCoO6,2.0994249494086517
LaKTbCrO6,2.0409383976326527
YKCrAlO6,2.012754628318728
TeKTiAsO6,2.055178669247742
AgKTaMoO6,2.058220968776497
AgKTaMoO6,2.036919430724799
AgKTaMoO6,2.044184975886423
MnEuWVO6,2.04471025253277
MnNdWCoO6,2.0687423929201176
VMnWCoO6,2.061479860890659
NbMnCrZnO6,2.0461240056883705
SnMnCrZnO6,2.06670793132406
CeMnTiZnO6,2.031498750144231
CeMnTeZnO6,2.0911070615604923
CrMnTeZnO6,2.082362566908969
FeMnNiVO6,2.0289447532557285
SmMnTeNiO6,2.053857182598588
MnCsNiAlO6,2.0525105736175666
MnCsNiAsO6,2.035834444724696
CrMnTiNiO6,2.0831225808745724
MnTlNiAuO6,2.035722496512601
MnTlNiAuO6,2.0925549399808694
MnAgNiAuO6,2.0099208864277704
MnSrFeVO6,2.0783189475377553
MnCaFeIrO6,2.053334693381651
MnTbFeAuO6,2.000867286959252
LuMnTcBO6,2.0107022274383293
MnCsVAuO6,2.040543799915539
CrMnVAlO6,2.0779779684842232
MnDyCoAuO6,2.0389793147490667
MnLiCrTiO6,2.0865414962132016
MnLiCrAlO6,2.08224577622157
MnTlCrAuO6,2.085020714043049
MnDyTiAsO6,2.094464863710853
MnAgTiAlO6,2.070225550242847
WSmZnCuO6,2.021983590603643
VWZnAuO6,2.0021089889388666
WNbNiAuO6,2.0050403115182402
WSnNiAuO6,2.0542570891085083
WLiVAsO6,2.0086439337723863
WTeVAuO6,2.04156713746921
CoZnVAlO6,2.0799799406511474
SmEuErCrO6,2.0245422764458616
SmEuTmNiO6,2.0073313304249996
SnEuNbCrO6,2.069539968311959
SmEuNdAgO6,2.038270933165951
CeEuNdAgO6,2.015106702550408
SmEuCeFeO6,2.0219390722647286
EuCsSnMoO6,2.0829322125386636
EuTlSnTcO6,2.0350000973236004
EuTlSmZrO6,2.0637943696877796
SbEuVCuO6,2.0691030628855502
EuCsVTcO6,2.0252134907148016
EuTlVAsO6,2.0590426528611276
TiEuVAlO6,2.0458011092301414
IrEuVAlO6,2.048728847492819
ZrEuInVO6,2.0429416647812424
CeEuTmScO6,2.0788908803336117
LaEuTbSbO6,2.0098126503576097
TlEuTaCoO6,2.0465015475704544
TbEuTaCoO6,2.0724738214835807
TbEuDyCoO6,2.000967922787321
TbEuTaCrO6,2.0772771799037515
TbEuYbCrO6,2.0660560399743293
TbEuTeIrO6,2.0746220853154442
DyEuTbAsO6,2.059410628576382
SbErTiNiO6,2.0707920670069746
ErCsNbTiO6,2.0084603325387227
ErCsNbAsO6,2.095395393045399
ErCsNbMoO6,2.0496316807977673
ErTlNbIrO6,2.001526512526055
ErTlNbAsO6,2.082854290580616
SmErScFeO6,2.075594841966761
TbErTmAgO6,2.0178530645388912
TbErDyCuO6,2.0382616050644113
TbErDyTiO6,2.0524220486123355
TbNiAuBO6,2.0805569658114336
NiCsVCuO6,2.0444054720049762
NiLiVAlO6,2.098348994506371
IrNiCoAuO6,2.082830749870834
NiAgTcAlO6,2.030000736945558
DyNaNbIrO6,2.0232710911355345
CrNaFeTiO6,2.097422757035548
TbNaTaFeO6,2.0851329729813757
DyNaIrBO6,2.0748937575489577
YNaIrBO6,2.0475208660102853
LaNaTbSiO6,2.037481424627519
TmNaSnTaO6,2.035991249288271
CrNaTeVO6,2.0508458416023254
CrNaVAuO6,2.0954690560571287
YbNaZrVO6,2.0784768538890845
AgNaVAlO6,2.025186725655892
CaNaSbTaO6,2.0808751389899403
CaNaSbMoO6,2.0290181099209117
CoNaIrSeO6,2.086601981463798
TmNaZrSeO6,2.090193562140172
CrNaTiCoO6,2.060400981298658
LuNaZrCrO6,2.069364674604281
YbNaCrAuO6,2.052500599848266
DyNaZrTiO6,2.080792880257348
NbTmFeTiO6,2.0061053213141102
CoNbVCuO6,2.038301888580233
NbCdVCuO6,2.0007065675165596
NbCdVCuO6,2.0629805294358614
NbAgVAuO6,2.0780158711213654
NbCdSbAuO6,2.0878643892086655
NbYbCoAuO6,2.002692840890138
TaNbCuAuO6,2.0750330831669386
CrNdTiBO6,2.0896085099607764
NdTlSnTcO6,2.0586301813184535
NdCsSmAuO6,2.0377322810637417
NdCsSmZrO6,2.012729306444564
NdTlSmAsO6,2.0918605183284105
CeNdYVO6,2.0277009548006153
TlNdMoVO6,2.0371817473901825
TcNdVAlO6,2.004002135681668
InNdMoVO6,2.0476616477069185
CeNdScCrO6,2.0308418824057672
NdTlCoTcO6,2.002250607754513
TlNdZrCoO6,2.0820508007177483
LuNdCoAlO6,2.0234618199804864
TbNdYbCoO6,2.084452160377147
NdTlCeTiO6,2.0850044992929906
YbNdZrCuO6,2.0537565340835315
TbNdTiAuO6,2.0051974376986847
SbFeCrBO6,2.055907254640147
FeScVCoO6,2.086895926995173
CrFeVCuO6,2.0232504002485965
IrFeCoAuO6,2.037898054009492
FeYbCrAuO6,2.035310504358319
FeAgCrAuO6,2.07580235548972
LaSrSmTaO6,2.027208688380001
LaSrSmAuO6,2.081888148501573
TiSrVAlO6,2.034253025918074
TiSrVAuO6,2.0146064170245914
TbSrZrVO6,2.0869444442203866
ZrSrMoVO6,2.0515358128927828
LaSrZrSbO6,2.0031329138576957
LuSrTbSbO6,2.0042061002801668
ZrSrSbMoO6,2.0669468949077445
LuSrTeCuO6,2.099299142012832
YbSrTbAgO6,2.0461615246591776
SnLaVAuO6,2.0981186540304106
SnTlVAuO6,2.044940163101726
SnCsCoCuO6,2.0105882323258806
TaSnCrAuO6,2.0911226434137737
IrSnCuAuO6,2.0595741690910074
SmCsSbTiO6,2.024940229976224
SmCsSbIrO6,2.004515869909829
SmTlSbAuO6,2.0338846888153674
TbSmYbSbO6,2.0450141548297345
SmCsCoAsO6,2.033379153012081
SmTlCrAuO6,2.061678975880979
YbSmZrTaO6,2.0628637660340052
VAgCoAuO6,2.0275901351971997
VTlCuAuO6,2.0568720860372953
VTiCuAuO6,2.0796112560732825
ZrScInTiO6,2.000527512940075
CrSbCoAuO6,2.022895607186568
IrCoCuAuO6,2.0327048245565726
TbCaCrAlO6,2.0953205446067966
AgCaMoCrO6,2.080205872956155
LaCaTeCuO6,2.0442337853762793
TbCaDyCuO6,2.055188282539641
TbCdTaCrO6,2.0011757540399344
TbCdTaTiO6,2.0153692625946817
TmTlCrAsO6,2.015355881709239
TbTmZrCrO6,2.0704416529503775
TaTmCrAuO6,2.0783987118288327
YbTmCrAlO6,2.057565110935582
YbTmTbAsO6,2.012305706947383
InTmMoAsO6,2.0333908790041013
TaCsCrAlO6,2.0244830231525532
LaCsTaCuO6,2.0503012244918217
LuCsTaCuO6,2.023105055375216
DyCsZrTiO6,2.08544860953873
CuAgTcAlO6,2.080483589146884
TbLaDyTiO6,2.077807914312499
TbLiTaTiO6,2.0824532755323513
TaLiTiAsO6,2.0105855134782296
IrLiTcAsO6,2.056508956062597
TiBiRuBeO6,2.041592767141341
BiDyRuBeO6,2.002666134647467
PrKRuBeO6,2.0842518214065575
VPrRuBeO6,2.0234318686215818
WPbRuBeO6,2.0056151195798564
PbNdRuBeO6,2.0136705907512904
MnPdRuBeO6,2.008453429274503
PdYbRuBeO6,2.0433932984192467
CrMgRuBeO6,2.0883248629687663
SmKRuBeO6,2.087938798678805
WMnRuBeO6,2.066108732270552
MnSmRuBeO6,2.0867161222432133
NiEuRuBeO6,2.0933179631245182
AuEuRuBeO6,2.0030059970789607
AuNdRuBeO6,2.0641840514097516
FeAgRuBeO6,2.070054784898357
VLiRuBeO6,2.0615350540315385
CoScRuBeO6,2.0863135033501234
ScYbRuBeO6,2.0043170732642173
CoTiRuBeO6,2.0082683028481787
CoAgRuBeO6,2.091836583441747
AuCoRuBeO6,2.065920103431869
IrCrRuBeO6,2.028469673799536
TeTlRuBeO6,2.0115622562387125
TbTlRuBeO6,2.085765948693579
TiAgRuBeO6,2.0331603525426623
IrTiRuBeO6,2.0892464843973815
AuAgRuBeO6,2.0070621799564727
LaKPbRuO6,2.077754982261892
SmKPmRuO6,2.0926137145905974
ZrKHfRuO6,2.097891690572869
YbNaHfRuO6,2.053271581831567
DyYbHfRuO6,2.006645828842932
TaNaMnRuO6,2.086042889011216
MoFeMnRuO6,2.0339377272803834
MoAgMnRuO6,2.094839924475879
LuTlNbRuO6,2.049161084304329
MoCsVRuO6,2.017069401987448
MoAuVRuO6,2.022776086705289
MoNaReRhO6,2.0212792800010035
AgTmReRhO6,2.0945176775805194
TiAgReRhO6,2.0391997952278853
TiAgReRhO6,2.042565874909556
NbBaReBeO6,2.041461558884527
LaBaReBeO6,2.088422951912065
PbNdReBeO6,2.087931711746435
VPbReBeO6,2.0841415811125734
MnPdReBeO6,2.094671040375453
NiPdReBeO6,2.0513162229859043
TcPdReBeO6,2.0767016672256995
FeMgReBeO6,2.045834132953912
WSrReBeO6,2.0141792417071076
NiCaReBeO6,2.021385072564327
TcNaReBeO6,2.0171043104314728
FeNdReBeO6,2.088576125309916
FeSrReBeO6,2.031796694843206
TeSmReBeO6,2.0341605389719706
VCsReBeO6,2.0060975913067742
TbCaReBeO6,2.0650789115504513
MoCaReBeO6,2.0804040015347516
MoAgReBeO6,2.0615158697686264
CaNaBiReO6,2.061648078835615
AuPtReGeO6,2.094201115680191
NiPdReGeO6,2.0542338398469075
PdCaReGeO6,2.0666588721626393
MnNdReGeO6,2.0096541978259213
MnLiReGeO6,2.0389740545393855
NiNaReGeO6,2.0943694091327996
NiDyReGeO6,2.010648878617194
VNaReGeO6,2.072265121377792
SmSrReGeO6,2.098672766420883
ScSrReGeO6,2.063634360823252
CrSrReGeO6,2.0124471899557133
SbTmReGeO6,2.0348216078301977
InCaReGeO6,2.0691004739463983
TmCsReGeO6,2.071297034354306
TcDyReGeO6,2.089790343496365
PtPdReGaO6,2.0856597849775955
PbKReGaO6,2.03732359243939
CuPdReGaO6,2.0418225028957924
ErTlReGaO6,2.0610712709031147
NiNaReGaO6,2.079738970918277
AuEuReZnO6,2.0106177364187534
VNiReZnO6,2.0283655557539513
VNaReZnO6,2.0377150105457753
MoNaReZnO6,2.0630279052720635
IrNdReZnO6,2.0360986284203624
TiCdReZnO6,2.0703603757284084
TeCsReZnO6,2.0525153948642996
CrDyReZnO6,2.038136825516467
NbAgReNiO6,2.099315978223275
InSmReNiO6,2.013280878226511
CoTmReNiO6,2.03997219619098
CrTmReNiO6,2.0481638821409955
AuLiReNiO6,2.0003590653807977
TiAgReNiO6,2.039565279209546
AuAgReNiO6,2.0795733088161645
MoAgReNiO6,2.010704484055957
CuCsReBO6,2.040788937403021
TiLiReBO6,2.0934603164269983
TaTlReBO6,2.038154337132064
TeAgReBO6,2.042064529293307
DyCsReSiO6,2.0591266158890047
AuLiReSiO6,2.0720275726890884
TmTlReVO6,2.0814814682099967
CrAgReVO6,2.0949158160104537
TeLiReVO6,2.037554994827666
DyCsReSeO6,2.0374336895788048
TiCdReCoO6,2.0626119104224654
TcCuReCoO6,2.046991903210646
AuLiReCuO6,2.024578553282643
TeAgReCuO6,2.0653550796744633
TcAgReCuO6,2.0653917080259525
PdBaRhBeO6,2.088842482218976
SmBaRhBeO6,2.0658331282345292
BiCsRhBeO6,2.081837900974519
PdPbRhBeO6,2.012119734243556
IrPdRhBeO6,2.09058612583034
IrPdRhBeO6,2.07984555226076
AuPdRhBeO6,2.094425032430332
WKRhBeO6,2.0962404889577195
MnYbRhBeO6,2.075753124876853
TiEuRhBeO6,2.0264798145981002
TbNaRhBeO6,2.096453955851092
NbSrRhBeO6,2.032652801466847
VFeRhBeO6,2.0676074466950043
MoSrRhBeO6,2.041807306301872
SnTbRhBeO6,2.062856307120538
InSmRhBeO6,2.052306551630299
CoCrRhBeO6,2.0590738816907566
TcCsRhBeO6,2.0558285919723414
PbCsRhGeO6,2.0132613035088966
YbPbRhGeO6,2.06440003136858
PdYRhGeO6,2.030853291921011
AuPdRhGeO6,2.02220318554983
TaHgRhGeO6,2.0404205288454533
NiMgRhGeO6,2.044846352826023
CuMgRhGeO6,2.065040159067035
MnCsRhGeO6,2.0451075518819213
MnYRhGeO6,2.045606043853647
WTmRhGeO6,2.0702238523420338
VNaRhGeO6,2.0883611087491474
CoNaRhGeO6,2.0660767055453695
FeLuRhGeO6,2.089071366497204
TiFeRhGeO6,2.00004487769373
InSrRhGeO6,2.07749240371299
VYbRhGeO6,2.0669190003905964
AuLiRhGeO6,2.013705676149948
PtTiRhGaO6,2.009551830552747
AgPbRhGaO6,2.0388201483401867
PdSrRhGaO6,2.09382225330914
PdSrRhGaO6,2.0376427653456215
CuMgRhGaO6,2.0047082358643835
MnKRhGaO6,2.017272374821308
NbKRhGaO6,2.096836974323815
CuKRhGaO6,2.0531549278857075
TbKRhGaO6,2.0517668131898303
MnCsRhGaO6,2.0261771612989072
CrMnRhGaO6,2.092600263788823
MnLiRhGaO6,2.0079790261017307
NdEuRhGaO6,2.0997712134492152
EuTlRhGaO6,2.0283471542104254
MoNaRhGaO6,2.0962161859074597
MoSmRhGaO6,2.0067260159340705
ScDyRhGaO6,2.091512443589801
TaCsRhGaO6,2.071282035755996
MoCsRhGaO6,2.088558223645417
AuLiRhGaO6,2.0154317746671513
IrAgRhGaO6,2.0753127531197393
SmKPrRhO6,2.0580056854288737
PbKRhPtO6,2.0613455694711638
SmSrPmRhO6,2.0531569003916945
YEuHfRhO6,2.084785932445676
TmNdHfRhO6,2.0228977476046675
TbSrHfRhO6,2.0019162310470646
LaSmHfRhO6,2.0416556515564195
ZrNaMnRhO6,2.051119412865621
AgLiMnRhO6,2.0461596522113816
YbTlMnRhO6,2.0859325654313015
EuCsRhWO6,2.055628906006236
NiTmRhZnO6,2.0456993827962267
IrNiRhZnO6,2.0363959100627644
TiFeRhZnO6,2.02692283531574
AuSrRhZnO6,2.020781477157923
VYbRhZnO6,2.0834938718428773
AuVRhZnO6,2.074450548481788
VInRhZnO6,2.0017746591414873
AuCaRhZnO6,2.056959434623134
TcTmRhZnO6,2.0292630096470865
TiYbRhZnO6,2.077227733017525
CoLiRhNiO6,2.0239796291906833
SnNdNbRhO6,2.074686425740393
InTmNbRhO6,2.0250091879448258
AgCsNbRhO6,2.0429383410923094
CoSmRhBO6,2.0838708767055936
SbAgRhBO6,2.097540221452893
CuCsRhBO6,2.06137720595142
CoLiRhSiO6,2.046266944195759
AgCsRhSiO6,2.027047625337134
InLiSnRhO6,2.009155021320682
MoLiRhVO6,2.0881605413094784
TcCsRhCoO6,2.059107760722972
AgCsRhCoO6,2.0926214444515705
TaAgRhCoO6,2.053646101550289
AuAgRhCoO6,2.0990540954826034
AuLuRhCuO6,2.010197428365815
TlPbBiBeO6,2.0256791087375356
SmPmBiBeO6,2.0527746366248656
TbScBiBeO6,2.025591257100928
TmPbOsBeO6,2.0816618845335992
YPbOsBeO6,2.0626745660903603
FePdOsBeO6,2.07861800466024
SmPdOsBeO6,2.0769402544902977
TiHgOsBeO6,2.017984934635413
AuHgOsBeO6,2.022671065502817
SnKOsBeO6,2.0318998032942255
TeKOsBeO6,2.0823541479315453
VMnOsBeO6,2.0841491475629725
LuNiOsBeO6,2.0976246492012125
TaNiOsBeO6,2.0127036963614677
TmNdOsBeO6,2.073033120830977
CuNdOsBeO6,2.038339449220974
SmSrOsBeO6,2.0474383265720277
CrCdOsBeO6,2.0833217293645316
TcLiOsBeO6,2.0535071571729406
TbTlOsBeO6,2.0098314077102195
MnHgGeBeO6,2.0156475045243902
AuHgGeBeO6,2.018427729804833
NiMgGeBeO6,2.0130098825870992
SbKGeBeO6,2.0620178220352874
TaEuGeBeO6,2.0006857209762834
TaNiGeBeO6,2.0775159928489084
MoNiGeBeO6,2.0653893946817674
IrCoGeBeO6,2.003332767062938
AuCsGeBeO6,2.0246407074203847
AuHgGaBeO6,2.0275291664217794
AuMnGaBeO6,2.092527503734627
CoVGaBeO6,2.0255129758405945
AuTmGaBeO6,2.0316450063055242
NiPbPtBeO6,2.08989447024911
NdPbPtBeO6,2.0205204239586503
SbPbPtBeO6,2.073574487585773
CrPbPtBeO6,2.0765365942051344
YPdPtBeO6,2.0527759586518943
MnHgPtBeO6,2.0930544050376216
TiMgPtBeO6,2.0547383211717123
AuKPtBeO6,2.0952880131801384
SbMnPtBeO6,2.0791348435962744
IrMnPtBeO6,2.0735465350419116
CrEuPtBeO6,2.021967992353994
VNdPtBeO6,2.0476376949454185
CeNdPtBeO6,2.034826554343273
IrNdPtBeO6,2.056712961952502
SbSrPtBeO6,2.019897649930129
CrSmPtBeO6,2.084617972247027
IrSmPtBeO6,2.0821023668872765
YbCoPtBeO6,2.056335437295957
TaCrPtBeO6,2.094901820318548
AuYbPtBeO6,2.092474963985528
MoInPtBeO6,2.0309439487183307
MoMnPdBeO6,2.064858718699226
CrNbPdBeO6,2.012869349695256
TiFePdBeO6,2.0636619126498097
ZrSrPdBeO6,2.084738591929868
CrSmPdBeO6,2.039884011505565
TiSmPdBeO6,2.037966722337594
TaCaPdBeO6,2.0134017008707175
CrTmPdBeO6,2.079087930611329
TeTmPdBeO6,2.085652760557804
TbCrPdBeO6,2.068968725750321
TiLaPdBeO6,2.017095607547853
SmEuHfBeO6,2.060362070719485
TbTmHfBeO6,2.0443085682272986
NbEuMnBeO6,2.049244586373999
NbEuMnBeO6,2.0709626792572315
NbEuMnBeO6,2.0670509393359886
TaEuMnBeO6,2.085028795617374
SbNdMnBeO6,2.0722655585257965
SbSmMnBeO6,2.062256176524063
CrSmMnBeO6,2.0097949063841325
ZrSmMnBeO6,2.04568190553874
CrScMnBeO6,2.076063438842234
MoScMnBeO6,2.0240897918165697
DyCaMnBeO6,2.070192598875728
YbCdMnBeO6,2.0569460994669364
TaTmMnBeO6,2.0929547312117984
ZrTmMnBeO6,2.0777433492312665
CrCsMnBeO6,2.0822499430437276
MoTlMnBeO6,2.0894238575859214
MoYbMnBeO6,2.0972140745459726
MoAgMnBeO6,2.068324606006544
TaZnWBeO6,2.030334548402182
IrZnWBeO6,2.0129437288434575
CoEuWBeO6,2.0150009834252263
FeNiWBeO6,2.0633397282289474
TmNiWBeO6,2.040807248035774
CoNaWBeO6,2.0721261740035546
CrFeWBeO6,2.0960710472171082
LaFeWBeO6,2.0642819625742477
LaSrWBeO6,2.0222331670667764
YCaWBeO6,2.0911059557980063
TbCrWBeO6,2.02209470365287
MoDyWBeO6,2.023222673976265
ZrAgWBeO6,2.0144348551804545
MoAgWBeO6,2.0670719237563224
TcNiZnBeO6,2.034203078943261
TaSbZnBeO6,2.093624050907916
TiFeNiBeO6,2.011458724706002
IrSrNiBeO6,2.021363114999698
TeScNiBeO6,2.087089896224538
ZrCuNiBeO6,2.0714080889525315
SbNdNbBeO6,2.0386275721808897
AgSrNbBeO6,2.0011218190866717
LuCaNbBeO6,2.0480443850776955
TeSrFeBeO6,2.0035830999608275
MoCaFeBeO6,2.0559867918391226
TaCsFeBeO6,2.0756455724280154
TeSmSiBeO6,2.022019332247568
MoCoVBeO6,2.056263047634068
CrCeVBeO6,2.0804206055264576
TeTmVBeO6,2.0285669059513545
TbTmVBeO6,2.090360941640437
TbCuVBeO6,2.0682753608925197
TcTlVBeO6,2.0116732645752577
TlTmSbBeO6,2.07633083375893
TaTmSbBeO6,2.0370842129065108
TaTlSbBeO6,2.0637699120688624
TaCuSeBeO6,2.067169110657833
IrYbSeBeO6,2.0394970225046936
MoAgSeBeO6,2.0560191825067897
TeCdCoBeO6,2.0983760036351393
TaTlCoBeO6,2.08338507519679
TaLaCrBeO6,2.044338669173904
TaTlCrBeO6,2.0713656255968966
TeTiCrBeO6,2.064689708433446
YTiCrBeO6,2.060140475720647
InTiCrBeO6,2.0862579550604963
TaTlCuBeO6,2.021853967058268
MoTiCuBeO6,2.0966495303966632
ZrTbCuBeO6,2.0437906377067874
MoAgTiBeO6,2.0556075364062303
AuYbTcBeO6,2.041321602892543
InYbTcBeO6,2.0653670524052012
ZrYbTaBeO6,2.023166148017687
SmKPrBiO6,2.0040455438136906
HoCsBiPdO6,2.095195195973168
TbKBiPdO6,2.092527838965976
SmTlBiPdO6,2.0644216609848876
SmTlBiPdO6,2.045645591142883
TmNdBiHgO6,2.0980527351620806
TbCaBiHgO6,2.0435892824917623
DySrBiMgO6,2.01820224246513
ScTmBiMgO6,2.0193992310761844
ScYbBiMgO6,2.0136347257818414
SmNdBiMnO6,2.0085551924882608
TbNdBiMnO6,2.0171007862265773
TbSmBiMnO6,2.0323855732232
SmTlBiZnO6,2.003631240467707
TmCsBiNiO6,2.053520580884865
TbSmBiNbO6,2.008226267878908
LuCsBiNbO6,2.09087020981852
AgCsBiNbO6,2.0678034474595015
TmTlBiSeO6,2.00840893974947
TbTmBiCoO6,2.041886355888727
AgTmBiCdO6,2.0137931866451804
PmCsOsGeO6,2.0283044626479785
TiSrOsGeO6,2.066588461901279
TbCsOsGeO6,2.0842590747480556
NiMgOsGaO6,2.073644903866576
MnKOsGaO6,2.0783111400779397
NiKOsGaO6,2.0243572636241822
CuKOsGaO6,2.0960252517555555
IrKOsGaO6,2.093715235705187
EuTlOsGaO6,2.0927984353606397
ZrAgOsGaO6,2.071950654377408
YCsNbOsO6,2.015742758985082
LaCsOsBO6,2.067073164009183
MoLiOsBO6,2.0584617779136747
TiAgOsBO6,2.0428277956849077
LaCsSnOsO6,2.00083637534691
YLiSnOsO6,2.034998417180791
ZrPmPdGeO6,2.0712255583493326
SbMnPdGeO6,2.0669993316381507
TaNbPdGeO6,2.0681866516330207
CrFePdGeO6,2.0410460995649093
MoCaPdGeO6,2.0364794012233998
TaLaPdGeO6,2.004512455903458
MoLaPdGeO6,2.0574958378348196
LuTlPdGeO6,2.062335163070324
ZrTlPdGeO6,2.043598731910865
MoAgPdGeO6,2.085329996339627
SmEuPmGeO6,2.034964768141486
TbLaHoGeO6,2.0695249529169395
TbKHfGeO6,2.0944513841381522
TaErMnGeO6,2.0952247411289764
SnNbMnGeO6,2.078198206190705
MoFeMnGeO6,2.050430221488579
MoLiMnGeO6,2.01566549146627
TbTlMnGeO6,2.050851083786061
MoInMnGeO6,2.046026385252224
TiNiWGeO6,2.0061926092258986
InNdWGeO6,2.03371991109393
InSmWGeO6,2.0516888129382242
IrCoWGeO6,2.006632397281266
TcCaWGeO6,2.0030070195876974
TbCdWGeO6,2.0646222750162178
MoCdWGeO6,2.022037634773744
YbLiWGeO6,2.0005513609857113
AuYbWGeO6,2.0469442921767396
VFeZnGeO6,2.079308765267529
SbScZnGeO6,2.0573527473942725
SmFeNiGeO6,2.0723153547965523
TlNdNbGeO6,2.028105056307217
TaSrNbGeO6,2.047919309613974
MoCsNbGeO6,2.088762847327261
ZrAgNbGeO6,2.070849400618832
TaLiFeGeO6,2.098559846829501
TeCsVGeO6,2.0879227203091437
MoCrVGeO6,2.0925353586806383
TaCuVGeO6,2.0230401510375167
TaCuVGeO6,2.0542204348440456
TaTlVGeO6,2.0166093196592363
AuTlVGeO6,2.058314180161726
TaTiVGeO6,2.0931128001383263
TaTbVGeO6,2.06350718052542
AuTlCoGeO6,2.0331185746520037
ZrLiCrGeO6,2.058822849678546
MoLiCrGeO6,2.027454895653126
MoYbTcGeO6,2.0917966570341475
InDyTcGeO6,2.048166390929511
ZrAgTcGeO6,2.0868767513101054
MoDyTaGeO6,2.0106193981107077
CeNdGdPdO6,2.083893822585032
SmSrGdMgO6,2.0865024337082065
SmTlGdMgO6,2.037718369705564
LaKPtGaO6,2.0961895513866367
FeEuPdGaO6,2.0944031822171607
FeNdPdGaO6,2.0855474473037385
SnFePdGaO6,2.0070964324118625
YbFePdGaO6,2.0052655256956773
TaCaPdGaO6,2.0571255514268882
InSmHfGaO6,2.0863269964475695
AgNaWGaO6,2.0333978065452634
DyLiWGaO6,2.064218986712376
YbTlWGaO6,2.010539873165109
CeNdErGaO6,2.0612265957548623
ZrSmNbGaO6,2.096892713450687
TaLiNbGaO6,2.099774636411984
AgTlNbGaO6,2.061261096178694
TbTmVGaO6,2.003301466828798
DyTmVGaO6,2.0411313905636197
ZrTlVGaO6,2.02023730223567
ZrAgVGaO6,2.0549659503904385
ZrYbCrGaO6,2.0861478282298167
ZrAgCrGaO6,2.0563176912987178
SmCsPrPbO6,2.0074004676547212
SmEuPrPdO6,2.050537687621448
SmEuPrHgO6,2.0053011015750593
SmSrPrMnO6,2.001514954544294
EuTlPrWO6,2.063155693054285
CeEuPrZnO6,2.086853512872277
CeNdPrZnO6,2.0862288812651184
NdTlPrNiO6,2.0302349100753934
TlSrPrFeO6,2.05965262371542
CeEuPmPtO6,2.0990665815058627
TiEuMnPtO6,2.092517676923007
ZrErMnPtO6,2.0972003823775247
TbNaMnPtO6,2.0752406290838383
FeNdMnPtO6,2.0612155597430193
TaNdMnPtO6,2.0321790778575175
TaSrMnPtO6,2.0828747041125046
MoSbMnPtO6,2.0395116624585388
LaCaMnPtO6,2.073612354570708
TiCaMnPtO6,2.029357845159516
YbLiMnPtO6,2.022341736969761
NbEuPtZnO6,2.031569330400232
CoNiPtZnO6,2.0722288354876848
NiTlPtZnO6,2.020469998548111
SbNdPtZnO6,2.0569000341876267
TiNdPtZnO6,2.0354353949189994
CoSmPtZnO6,2.037036712905609
TbSmPtZnO6,2.043442033383805
ZrSmPtZnO6,2.0511159205905765
TcVPtZnO6,2.0296039007439806
TcVPtZnO6,2.0195143999457104
SbLaPtZnO6,2.0691707641940242
SbTlPtZnO6,2.056530812579593
SbYPtZnO6,2.0122394955999234
MoSbPtZnO6,2.074830592719145
DyCaPtZnO6,2.0232000323567947
IrCaPtZnO6,2.050699620244264
CeTlPtZnO6,2.051958510213355
YbTmPtZnO6,2.0010864313800494
MoCsPtZnO6,2.0626175693371587
TaAgPtZnO6,2.09735133953618
ZrYbPtZnO6,2.000251691789151
AuYPtZnO6,2.051981508595544
AuAgPtZnO6,2.072669222419258
MoInPtZnO6,2.068541770062434
TiYbPtVO6,2.0241172195030748
AuTePtCuO6,2.0220081224157194
CeNdPbHoO6,2.009629467262816
SmLaPbHgO6,2.0675075191176173
YCaPbVO6,2.021928740375305
TbTlHfPdO6,2.0870733103418764
NbEuPdMnO6,2.0520826108613113
MoEuPdMnO6,2.0950657706826443
NbErPdMnO6,2.049206870440644
TiSrPdMnO6,2.0283296971470466
SnDyPdMnO6,2.0657305051886814
SmCsPdMnO6,2.00543612641826
TiCdPdMnO6,2.024665462968501
LaCsPdMnO6,2.0144062575535115
CrYbPdMnO6,2.074003747010795
TeDyPdMnO6,2.0288024958964654
TaAgPdMnO6,2.0596480994347965
TaInPdMnO6,2.0876570462727457
MoYbPdMnO6,2.0565979382418047
MoYPdMnO6,2.053639956786806
NbYbPdZnO6,2.0109539686014823
FeLuPdZnO6,2.0318702620100955
TaYbPdZnO6,2.049675814534259
MoSrNbPdO6,2.024490202345527
MoTmNbPdO6,2.095309132768471
MoLiNbPdO6,2.0500892376430935
MoTlNbPdO6,2.06668045886397
MoAgNbPdO6,2.034923353669334
MoAgNbPdO6,2.009406943719944
MoInNbPdO6,2.088642815272545
MoTmPdFeO6,2.0256034139800074
CrYbPdFeO6,2.0185983482140566
CrAgPdFeO6,2.044221415079789
TaLiPdFeO6,2.016036300297126
MoTlPdFeO6,2.0693357392571463
TeDyPdFeO6,2.0062769251313584
MoYbPdFeO6,2.024046151022347
CeSmPdBO6,2.072026645713051
SbTlPdSiO6,2.0042622551323857
LuCsPdSiO6,2.0036858040131564
MoCsSnPdO6,2.091317519220763
ZrTaSnPdO6,2.0155437028226504
CrSbPdVO6,2.0028320314036794
MoYbSbPdO6,2.0497745960496334
TaLaPdCoO6,2.006968122929989
TaTlPdCoO6,2.005853102722624
TeTaPdCoO6,2.056709950448065
MoYPdCoO6,2.009275793854341
TaYPdTiO6,2.032810425115874
MoAgTaPdO6,2.083391962573818
SmLaPmMgO6,2.015033236145009
CeSmPmZnO6,2.0644011689710333
SmSrPmFeO6,2.0050292126661966
TbTlHoMgO6,2.052313957314772
SmTlHoMnO6,2.0495397901431915
TbYHoMnO6,2.012810866311179
SmNdHoNiO6,2.0903722309932884
TbNdHoNiO6,2.0250420454052542
SmTlHoFeO6,2.0200817815749477
TbLaHoCoO6,2.027017781738669
SmCsHfHgO6,2.085965288428789
ZrYbHfHgO6,2.016188006967338
ZrYHfHgO6,2.0136177176470933
SmNdHfMgO6,2.037413295378534
ZrNaHfMnO6,2.071814048937447
ScCsHfWO6,2.0647525055605684
TmTlHfWO6,2.0587089660802604
LuCsHfWO6,2.020882054534967
YbTlHfWO6,2.0893521086610702
NdSrHfNiO6,2.095954577054279
InNdHfNbO6,2.095122416422678
AgSrHfNbO6,2.0528745416453655
TmTlHfNbO6,2.0368240489890552
AgCsHfFeO6,2.0122444770277856
TbCsHfBO6,2.0093305673236155
InTmHfVO6,2.052669053907344
YCaHfCoO6,2.086942406709806
TlCsCeHfO6,2.0286383900700247
DyYbHfCrO6,2.0797131645861975
InAgHfTaO6,2.0298825920931964
SmTlHgMnO6,2.0001859846945056
NbLaMnZnO6,2.0814924994835016
NbTlMnZnO6,2.009100596365029
TiNbMnZnO6,2.023387023262062
TaNdMnZnO6,2.0275813495568467
InSmMnZnO6,2.032125093327515
CrSbMnZnO6,2.024768614843613
MoCaMnZnO6,2.043667017279248
CrTmMnZnO6,2.086623942510567
CrDyMnZnO6,2.0897859665062932
CrAgMnZnO6,2.0402393489880803
TeLaMnZnO6,2.0585126538324565
TiAgMnZnO6,2.098634263049063
TaCdNbMnO6,2.0246374825214817
TaLiNbMnO6,2.008712005383335
TaTlNbMnO6,2.0744606247245976
ZrYbNbMnO6,2.0825048675120432
CeSmNdMnO6,2.087392755092131
CdAgMnSiO6,2.075741821161456
ZrLiSnMnO6,2.0569192148577446
SbYMnVO6,2.079054115265121
AgCsMnVO6,2.0697648680200498
CrLiMnVO6,2.0811239007767894
CrYMnVO6,2.0831025225283706
MoLuMnVO6,2.0071740563305474
TeTiMnVO6,2.0434003490331776
MoInMnVO6,2.0989639643798186
TiLiMnSeO6,2.0099135233465297
TiTlMnCrO6,2.0504629421490987
TiAgMnCrO6,2.0413720922205005
TeDyMnCrO6,2.034017902606135
DyYbMnTiO6,2.0350710513695214
MoYbMnTiO6,2.003642838230296
YEuWZnO6,2.0619158771949944
MoNaWZnO6,2.095180102227478
NdSrWZnO6,2.012681196449859
SbNdWZnO6,2.0530836604149854
MoNdWZnO6,2.015775190070884
IrSrWZnO6,2.033985404351891
CoCsWZnO6,2.0898277212532936
ZrCdWZnO6,2.0150664184830647
ZrTmWZnO6,2.014875911408122
InTmWZnO6,2.0011743440429672
TcAgWZnO6,2.0642059654008866
AuAgWZnO6,2.0588165463530133
VNaWNiO6,2.0034730740439937
TiNaWNiO6,2.026370047907475
ZrNaWNiO6,2.07668922780479
NbCdWNiO6,2.0255114923180093
CoNdWNiO6,2.0035463866680985
FeTmWNiO6,2.096379211620827
FeAgWNiO6,2.063426746783723
IrSrWNiO6,2.0945428980323983
SnTlWNiO6,2.0938206144185663
AgSmWNiO6,2.041616799189551
VTlWNiO6,2.0406032079400833
CoTmWNiO6,2.0846388650229377
CoAgWNiO6,2.011944382305086
InCaWNiO6,2.036053019632411
TiCdWNiO6,2.0279874503958815
TaCdWNiO6,2.09522431922675
TeCsWNiO6,2.0908297091111545
IrCuWNiO6,2.088080905728831
TiAgWNiO6,2.08214444843997
MoLiFeWO6,2.0285991376047443
SbTmWBO6,2.0433416372207738
IrCoWBO6,2.0144433730891937
IrAgWBO6,2.031154970966017
LuTlWSiO6,2.0205376732433598
AgCsSnWO6,2.022423767865355
LaCsSmWO6,2.055283921722162
ScYbWVO6,2.0115962371171525
IrCaWVO6,2.0305915489176822
TcCuWVO6,2.0890020005678753
TeTiWVO6,2.0079403776708067
YbTlSbWO6,2.0544497251914575
IrTmWCoO6,2.0625489581775023
IrCsWCoO6,2.0232339635816023
TaLiWCoO6,2.0181543993121345
AuDyWCoO6,2.0770537191828695
InDyWCoO6,2.0512479265304604
InDyWCoO6,2.0156956027191177
MoAgWCoO6,2.001098423551515
TaLiWCuO6,2.0206300782056132
TiInWCuO6,2.095871844636323
ZrAgWCuO6,2.016087021744102
MoAgWCuO6,2.0965442017847398
TaSbZnNiO6,2.0589391709806826
MoNdNbZnO6,2.022063663149642
YSrNbZnO6,2.0223168204428776
TbScNbZnO6,2.07437186384512
TiSmFeZnO6,2.0020001657257436
TaTlFeZnO6,2.071715476484294
ZrTlFeZnO6,2.06217928260362
TaTmSbZnO6,2.006649490608546
MoTlCrZnO6,2.038412585969385
AuTbZnCuO6,2.0622724925257194
TbLaErCdO6,2.017846674869933
SbNdNbNiO6,2.0101335944688983
TaSrNbNiO6,2.0293620253390254
TaCdNbNiO6,2.0779620444786726
MoYbNbNiO6,2.0924598403144
LaCsSnNiO6,2.0172507815602745
AuCrNiVO6,2.0264436130216263
TcTiNiVO6,2.0263766053273473
TcAgNiVO6,2.015488513287477
TaYbNiVO6,2.019647448578678
ZrTlCrNiO6,2.064370179876676
MoAgCrNiO6,2.0826396998879453
MoAgCrNiO6,2.0539896941628344
TaSrNbFeO6,2.0254261875713198
MoSrNbFeO6,2.0822699901598756
AgTmNbFeO6,2.0460786431692983
MoAgNbFeO6,2.0044733033682016
AgTmNbBO6,2.051276953475232
MoTlNbBO6,2.075295744594704
SbCsNbSnO6,2.02429072850471
TbCsNbVO6,2.0089299630829274
TaLiNbVO6,2.061691772677024
TaTlNbVO6,2.0174383845629915
TaAgNbVO6,2.079534184896933
TaAgNbSbO6,2.087047002629797
MoAgNbSbO6,2.0374596613414147
MoTmNbCoO6,2.092602411553148
TaLiNbCrO6,2.0343887896364574
TaYbNbCrO6,2.0934762846383705
TaAgNbCrO6,2.045173352077327
MoYbNbCrO6,2.0689582747432995
MoDyNbCrO6,2.0415778795723885
TaLiNbCuO6,2.0064515240407435
TaInNbCuO6,2.0437070286346923
MoTlNbLiO6,2.0173310661916215
ZrAgNbTiO6,2.062005447144448
MoAgNbTiO6,2.0863411467957236
InSrFeBO6,2.010559979189329
TbCsFeSiO6,2.0596139795994115
MoCsFeVO6,2.0005504536973198
TaAgFeVO6,2.04587348677993
TeMoFeTiO6,2.003070382923932
TaDyFeTiO6,2.0778110901681632
TaAgFeTeO6,2.02384804269263
InCsVBO6,2.0971021574625217
YbCrVBO6,2.0808552707817163
AgCrVBO6,2.0309913587312756
TeCdCoBO6,2.024595986729925
LuLiCrBO6,2.072512941129487
MoLiCrBO6,2.061556650815242
MoLiCrBO6,2.092884100624183
TaTlCrBO6,2.0500341692526742
TlCsSmSiO6,2.0359609485010264
YTlCoSiO6,2.0283895972771915
TaTlSnVO6,2.0571742385503127
LuCsSnCoO6,2.0790806233669707
ZrYSnLiO6,2.01745131120359
TaAgSnTiO6,2.0719260346434742
ZrTaSbVO6,2.09238984716104
MoTaSbVO6,2.085394757298502
CoLiVSeO6,2.0393219960239017
CrCdVCoO6,2.0073771105179867
CrTmVCoO6,2.0645472858231897
IrCrVCoO6,2.0878116778824847
IrCuVCoO6,2.0654569190856322
IrLaVCoO6,2.0889039758310544
TaLiVCoO6,2.0190053259145913
TiTaVCoO6,2.031977710715496
IrTiVCoO6,2.0511695633333544
TcAgVCoO6,2.088647040196752
AuYbVCoO6,2.0098414122535404
ZrAgVCoO6,2.0277477848726186
MoLiVCuO6,2.071017261898274
TaTlVCuO6,2.023488222207829
TaYbVCuO6,2.044608851788005
TaAgVCuO6,2.0470409434395704
AuYbVCuO6,2.0114108310980297
AuZrVCuO6,2.0053618919105825
ZrYbTeVO6,2.0272241448119974
ZrAgTaVO6,2.0892639997411657
MoAgSbTiO6,2.0734529008848694
TaTlCrCoO6,2.065046738392355
MoAgTaCoO6,2.0256401204223065
MoYbCrTiO6,2.0880892270210576
MoYbTaCrO6,2.031751154994766
ZrAgTaCrO6,2.0109866627209603
MoAgTaCrO6,2.0908340870893114
MoDyTaCuO6,2.0615857277309306
MoDyTaCuO6,2.015664502269348
MoYTaCuO6,2.089505093051967
MoAgTaCuO6,2.0490027296083873
MoYbTaTiO6,2.008987710901453
PbRbMnRuO6,2.0824209917876773
HfRbNbRuO6,2.0287590989885382
TaRbRuAsO6,2.048090361691648
NdBaTbRuO6,2.0174522653736964
SmBaTbRuO6,2.0680441092013124
TmBaTbRuO6,2.005106744617829
GaDyRuAsO6,2.0954627625399977
MnKVRuO6,2.050079649729266
MnKCrRuO6,2.0326045093633756
SrKVRuO6,2.0392166989206637
SmKLuRuO6,2.0776438550516056
SmKTeRuO6,2.0788705466803505
SmMnTeRuO6,2.0615183171789484
SnEuTaRuO6,2.0724999140619498
LaEuTbRuO6,2.0921717300978946
SmSrLuRuO6,2.082153374080277
LaCaZrRuO6,2.072901528794236
LaCsMoRuO6,2.014574750647999
TeCsRuAsO6,2.000624279380498
RhRbReCoO6,2.073922290492387
BaRbReOsO6,2.005775275349603
BiRbReGaO6,2.0596505819803914
BiRbReCoO6,2.0709399136458866
PbRbReCuO6,2.0515275448664774
PdRbMnReO6,2.0495987599775547
ErRbTeReO6,2.06999646581863
NdRbSmReO6,2.0582943396836972
NdRbSbReO6,2.0871876816968484
ScRbReCuO6,2.097750377547013
TlRbReAsO6,2.097344576470329
LuRbTbReO6,2.063098695547926
RhBaReAlO6,2.0321220537362876
RhPdReVO6,2.0185249220885204
RhKReVO6,2.0292645837983905
RhMnReCoO6,2.0185292687709713
RhNaReAsO6,2.0888962227664227
RhFeReCuO6,2.030230258240865
RhFeReAlO6,2.0944641127857553
RhCaReAsO6,2.0694638259537452
RhDyReAlO6,2.049275738509453
RhAgReAlO6,2.0551356443875264
PdBaReVO6,2.079155431320729
MnBiReCuO6,2.0450605928395076
SnBiReCuO6,2.056722927686006
BiCaReAsO6,2.0343498625371055
GdKReAsO6,2.0778594753115236
PtPbReCuO6,2.053243190340992
PtFeReCuO6,2.0589834290040607
VPtReCuO6,2.00901457077322
PtScReCuO6,2.097764410630949
PtSbReCuO6,2.0153233694928376
PtTmReCuO6,2.054441803521683
HfPbReNiO6,2.0344655803927907
WPbReCuO6,2.0684818853678872
MnPdReZnO6,2.037070356166472
MnPdFeReO6,2.034197688245584
MnPdReAlO6,2.084694754059395
FePdReCoO6,2.0280644972191855
VPdReCuO6,2.042301288036637
VPdReCuO6,2.0512663674657476
HoKReAsO6,2.0528521201963668
MnHgReSiO6,2.0132174344205773
NbHgReCuO6,2.0277021088899665
TaHgReAsO6,2.0566850765326175
WMgReCuO6,2.0683958433562544
NbMgReAsO6,2.078429000255073
CrMgReCuO6,2.0454343300556603
CrMgReCuO6,2.028455746923228
WKReZnO6,2.0569279830649547
EuKReBO6,2.074408752851657
EuKReSeO6,2.0438632613686076
NdKTeReO6,2.056386875457671
SmKReCuO6,2.038468352016292
ScKTeReO6,2.0148032035681274
SbKReAsO6,2.0112858461461003
WMnReVO6,2.0682219449919352
MnNaReBO6,2.0820509321254717
MnNaReVO6,2.059747483569285
VMnReCuO6,2.0756544915623927
MnYbReAlO6,2.0890928861460583
WCaReCuO6,2.0968719776442413
WCdReCuO6,2.0946104024394367
VNaReCuO6,2.0880074253001677
YbNaZrReO6,2.022241918540237
NdTlReAlO6,2.038926011226922
FeSrReCuO6,2.0650526639220885
VFeReCoO6,2.005384535868763
CrFeReCuO6,2.0073306186458484
VLiReAsO6,2.060847440322269
VAgReAsO6,2.0428241212131626
ScCsReCuO6,2.089244639604848
ScYbReAsO6,2.0656126313910907
CoLiReAsO6,2.048937731059685
PbBaTmRhO6,2.0554430745853898
WBaRhNiO6,2.088190641481984
ErBaRhAlO6,2.042458379255266
SmBaTbRhO6,2.0644880553167773
SmBaDyRhO6,2.0168527767736153
TbBaInRhO6,2.0349683160047762
BiKRhCoO6,2.092032301236136
BiCsRhTcO6,2.0959113649993117
PtPdRhZnO6,2.0815692136934048
PtPdRhZnO6,2.020771040849554
PtKRhCoO6,2.02514426668921
PtNaRhSeO6,2.033601101768787
PtNdRhBO6,2.08976558930618
MnPbRhBO6,2.002313331245106
EuPbNbRhO6,2.0925267483288574
SmPbMoRhO6,2.086236587091324
AgPbRhAsO6,2.0834826458774853
PdNaRhBO6,2.0710386776025738
PdTlRhAlO6,2.0709502846688945
FePmRhCoO6,2.0362902510836345
HoKRhAlO6,2.044607155823383
TmHgTaRhO6,2.0195178775550997
LuHgTaRhO6,2.0276952279641374
NiMgRhAlO6,2.0784815243852717
MnKRhAlO6,2.0650367321788576
WKRhAlO6,2.090039487304711
NdKSmRhO6,2.0061814039358397
NdKTiRhO6,2.0912351165239325
SmKRhVO6,2.0305303414859632
CrKRhAlO6,2.065477257319853
TbKRhAlO6,2.079956401812181
WTmRhAuO6,2.080020435836173
SmEuZrRhO6,2.0939181174764423
NiSrRhAlO6,2.0383744562217005
FeNaRhCuO6,2.0241441849552544
VNaRhAlO6,2.0869798070563585
CoNaRhAlO6,2.050773551821207
TbNaRhAlO6,2.006854585432887
AgNaRhAlO6,2.0721001337180143
SnNdTaRhO6,2.0367724217515004
SmNdLuRhO6,2.062017562367488
TiNdRhAlO6,2.01536793707614
LaSrTbRhO6,2.0068151533696077
SnCsRhCuO6,2.0802682940892674
VSmRhAuO6,2.034934142653586
SmCsRhCuO6,2.0801411659646996
SmLaRhAuO6,2.0793958504924994
TlCdZrRhO6,2.068397614716622
TlTmTaRhO6,2.043749993556116
TiTmRhAlO6,2.0962984480782656
LaCsTbRhO6,2.0727236746481323
TbLiTaRhO6,2.04807153111889
LuTlTaRhO6,2.064043951347764
TaTlRhAlO6,2.082769267508127
ZrDyInRhO6,2.08474919596938
GdBaIrBeO6,2.063412006133622
PbBaCrBeO6,2.04157975897229
PbBaTcBeO6,2.0305152480195674
HoBaTcBeO6,2.063183901312333
HfBaNiBeO6,2.0846375848122505
EuBaNbBeO6,2.0077956088337796
NbBaIrBeO6,2.027504914231559
SmBaAgBeO6,2.0200044704749165
SbBaCrBeO6,2.0174118696718684
PtBiVBeO6,2.0885887731982353
PbBiMnBeO6,2.0329127463487753
PbBiAlBeO6,2.045620501485343
PdBiVBeO6,2.074278380635267
CoBiCuBeO6,2.0555595688633668
PrGdErBeO6,2.065193980127565
PrGdInBeO6,2.073254460370025
HfGdVBeO6,2.0448008149600816
MnGdTiBeO6,2.016932546437848
MnGdTiBeO6,2.0803410206987007
NiGdCoBeO6,2.003044403736436
PbPrNiBeO6,2.0278883107548107
MnPrCuBeO6,2.069791516511962
CePrMoBeO6,2.061998116956802
MnPtVBeO6,2.0516191335996377
MnPtIrBeO6,2.0347992261333734
MnPtAuBeO6,2.0164836640019344
SmPtSeBeO6,2.0319203873914757
SbPtAsBeO6,2.0183876890832235
SbPtAuBeO6,2.03761675557502
TlPtAsBeO6,2.0407822354477183
TcPtAsBeO6,2.0656658154846217
HoPbCrBeO6,2.0493982853782566
MnPbCrBeO6,2.036486013580988
ErPbSbBeO6,2.0779595356831013
NiPbVBeO6,2.0784258988075126
SmPbAuBeO6,2.05604363653252
VPbTcBeO6,2.0095802958742413
CrPbTcBeO6,2.0132845568855995
TbPbMoBeO6,2.095784644908591
HoPdAsBeO6,2.0521949081853026
HfPdMnBeO6,2.0090200884909435
MnPdCrBeO6,2.0647918298389727
MnPdCrBeO6,2.0100543034166516
NbPdCoBeO6,2.0455995664715676
FePdTcBeO6,2.0305558457006865
SmPdIrBeO6,2.099770915364682
ScPdAsBeO6,2.0636932591017976
CePdAsBeO6,2.0913451956840037
CrPdTiBeO6,2.03685046482276
TbPdAsBeO6,2.008885296658891
NiPmCoBeO6,2.0194584646154974
MnHgTiBeO6,2.013167486334128
MnHgTcBeO6,2.0787033102955195
NbHgCrBeO6,2.030107732950618
NbHgTiBeO6,2.0017968507551607
NbHgMoBeO6,2.041974323383898
FeHgTeBeO6,2.0572965669182994
FeHgAuBeO6,2.031384573268305
SbHgTaBeO6,2.087837043479726
TbHgTaBeO6,2.0539386440795124
MnMgNiBeO6,2.0731777754117067
NbMgVBeO6,2.068752794261941
FeMgIrBeO6,2.0882393807931634
SnMgTeBeO6,2.030639120793183
SmMgCuBeO6,2.03028933725121
SmMgIrBeO6,2.025348074133476
SmMgMoBeO6,2.028006575551406
TmMgIrBeO6,2.0560371727758224
CrMgIrBeO6,2.070560576702618
YbMgAsBeO6,2.0430309517140643
NbKAuBeO6,2.08875371275013
SmKTbBeO6,2.076084214708363
SbKTcBeO6,2.0331534110679588
TcKAsBeO6,2.0161608006023264
TaKAsBeO6,2.033077851829278
FeMnIrBeO6,2.060250379882698
FeMnAsBeO6,2.0258977779077214
SmMnCrBeO6,2.0663675829259547
SmMnCuBeO6,2.0841894355654125
SbMnIrBeO6,2.0092962672023704
CrMnTeBeO6,2.0743764353010152
TbMnAsBeO6,2.0668835042528615
TcMnIrBeO6,2.0661940674070345
ScZnAuBeO6,2.001305941108284
NbEuTiBeO6,2.0966654962919904
FeEuVBeO6,2.0640396234215603
FeEuCrBeO6,2.0938201030612817
ScEuCrBeO6,2.03977665919879
TlEuIrBeO6,2.067591064865504
TeEuIrBeO6,2.0906046521879142
NiErAsBeO6,2.066561941610877
SbErTiBeO6,2.0285613638194193
NbNiTcBeO6,2.065907157222573
SmNiAuBeO6,2.088969595410345
TmNiTcBeO6,2.0311903576872696
CrNiAsBeO6,2.087936224752406
TeNiTcBeO6,2.011318218850058
TcNiIrBeO6,2.0641902060158364
NbNaAuBeO6,2.041908302166028
SmNaTaBeO6,2.0626256199355884
SbNaTeBeO6,2.081908680278632
TbNbTaBeO6,2.0427973834404507
FeNdVBeO6,2.0528897211568684
SnNdTaBeO6,2.0075246208087734
CrNdCuBeO6,2.093704001479838
CuNdTcBeO6,2.0523051233538188
TcNdAsBeO6,2.073833558494177
SmFeCoBeO6,2.0159924938183447
CeFeIrBeO6,2.0136977150283033
CrFeTiBeO6,2.0795006640925786
YFeIrBeO6,2.005033378331415
SmSrScBeO6,2.0727065871921058
TiSrTcBeO6,2.0753293999794415
TaSrMoBeO6,2.011491903954051
SbSmTiBeO6,2.0735246670419563
CeSmCrBeO6,2.095869375098556
CrSmIrBeO6,2.0538929759416846
TmVAsBeO6,2.022188444862869
LuVAuBeO6,2.000731778326141
TiVIrBeO6,2.0370197546575497
CoScAsBeO6,2.0435736239242273
CeScTiBeO6,2.014110258298271
TaScAuBeO6,2.0985040264301325
TeSbIrBeO6,2.0475522560719814
TaSbAsBeO6,2.0595247218407224
CeCoIrBeO6,2.082811315043207
TeCoAlBeO6,2.089565394206467
IrCoAlBeO6,2.0189621198161163
IrCoAsBeO6,2.0696732982957733
CeCaAsBeO6,2.023696488291707
TmCaAuBeO6,2.0283653377261546
CuCaIrBeO6,2.033712046279803
LuCaIrBeO6,2.060689892406796
TaCaIrBeO6,2.04309494104728
TaCaAlBeO6,2.0998319146770394
TcCeAlBeO6,2.0857827497574184
CuCdAuBeO6,2.014941805794764
TlCdAsBeO6,2.0239537862500656
LuCdAuBeO6,2.078861940707532
YbCdAuBeO6,2.038466923442921
TeTmIrBeO6,2.041415791703231
IrTmAsBeO6,2.067536953788072
TcCsAsBeO6,2.0706099051597926
CuCrTcBeO6,2.0201393121703384
TbCrIrBeO6,2.0255428287109836
TaCrIrBeO6,2.0705502677092884
LaCuAsBeO6,2.092377409003679
TiCuTcBeO6,2.0701392513678147
TcCuIrBeO6,2.0110665934385143
TcCuIrBeO6,2.009010576608672
TiLaIrBeO6,2.006476658565398
TcLaIrBeO6,2.080815139098206
TeTlIrBeO6,2.049404916162942
TcTiAuBeO6,2.0945632557709377
IrDyAuBeO6,2.0437916929533992
HoPbBiMnO6,2.050277713581823
PbKBiNiO6,2.063430482616072
PbSrBiLiO6,2.0686090420614334
PbSmBiAgO6,2.0749380708975522
PbSmBiAuO6,2.0935831108793796
PbLaBiTiO6,2.062506849994311
TbPbDyBiO6,2.053778584739913
SmKBiSbO6,2.016027757526471
SmEuYbBiO6,2.0000609444753015
SmNaTbBiO6,2.0717786720413125
CaNaBiTaO6,2.041631816405901
NdCsBiTiO6,2.063369411262475
NdCsBiInO6,2.067096070251366
SmSrYbBiO6,2.0011811781355022
CeSmTmBiO6,2.097899481454116
SmCsBiTiO6,2.068219707176643
SmCsBiTaO6,2.00537420393781
SmTlBiZrO6,2.0417973034051777
TmCaBiTiO6,2.09356352166446
GdKOsBO6,2.0001588865473874
GdSrOsAsO6,2.0388780709702456
GaNdOsAsO6,2.014698077614936
PtPdOsAlO6,2.060675257282394
NiPtOsBO6,2.0030960656046894
NiPdOsAsO6,2.0474504228937076
FePdOsBO6,2.097757980534063
FePdOsAlO6,2.0477972683559402
PdSrOsAlO6,2.0458251239407454
VPdOsAsO6,2.0077070400406725
CoPdOsAsO6,2.02499334738161
CoPdOsAsO6,2.003056306516459
FeHgOsAsO6,2.0587782048726964
MnMgOsBO6,2.0131683404171925
MnKOsSeO6,2.074824963169877
MnKOsAsO6,2.0542044360346288
NdKOsAlO6,2.090142607852555
TmKTaOsO6,2.06076765049481
TiKOsAlO6,2.0075793058960847
DyKOsAsO6,2.0724415200517887
AgKOsAlO6,2.095685323384715
MnNaOsSiO6,2.041544753680751
MnNaOsAsO6,2.030615400621471
NiDyOsAsO6,2.0309930910997087
FeNaOsBO6,2.026478100430195
CuNaOsAlO6,2.095373355344056
TbNaOsAsO6,2.06417461857311
AgNaZrOsO6,2.0918256451661037
NdSrOsAlO6,2.0443563547574346
VFeOsAlO6,2.0372518268103157
AgSrOsAsO6,2.00525766502043
VCsOsAsO6,2.0598074716859456
SbCsOsAsO6,2.0388673258707692
TiCdOsAsO6,2.086682663172233
CrCsOsAsO6,2.0502120755024653
LuCsOsAlO6,2.0568049968781694
CuCrOsAsO6,2.0570453847862216
TbTlOsAsO6,2.0910545491236863
PbGdPdGeO6,2.0816858351789893
MnGdCrGeO6,2.024754629631075
FeGdTiGeO6,2.006035958745734
SmPrCeGeO6,2.0871218095932247
CrPrTiGeO6,2.054768276915611
MnPtTcGeO6,2.036137923121058
NdPbVGeO6,2.0490721915874923
FePbTcGeO6,2.072708896524402
SnPbTaGeO6,2.039115485140291
SbPbTaGeO6,2.0502575485562926
MnPdVGeO6,2.029283688522529
WPdZnGeO6,2.016939543377079
NiPdTcGeO6,2.0307019437877165
HfPmTaGeO6,2.070782212140932
TbHgTaGeO6,2.0234181415000707
MnMgCrGeO6,2.0608344222977637
FeMgVGeO6,2.049764179335958
MnKFeGeO6,2.0326626108515544
MnKTiGeO6,2.0162050789124315
NbKTaGeO6,2.011060378905266
ScKZrGeO6,2.04510329389195
CaKTcGeO6,2.0158481171849716
TmKTcGeO6,2.057855711246813
TmKMoGeO6,2.065363527596631
SnMnTiGeO6,2.0496146381239693
NdEuTaGeO6,2.0130215267323592
CrNiTcGeO6,2.0056446517285806
FeNaVGeO6,2.080337825748538
ScNaZrGeO6,2.074539824229842
SbNaTaGeO6,2.068976212154774
SbNdTaGeO6,2.070976318551231
SmFeTiGeO6,2.083267183773376
CrFeTiGeO6,2.0523145632501403
SnSrTcGeO6,2.0536152565950068
SbSrTcGeO6,2.007256563289122
TbSrTcGeO6,2.037509969849413
CrCoTcGeO6,2.0556961553242665
TbCoTcGeO6,2.0273509207049654
TeCsTcGeO6,2.024187672428099
TbCsTaGeO6,2.0205231657796245
SmPmGdTiO6,2.0839276462847915
SmPmGdAgO6,2.0817997105994257
SmEuGdCrO6,2.0021743280888353
SmNdGdCuO6,2.0875178862612147
SmNdGdTiO6,2.03559616907348
SmSrGdMoO6,2.047202585555317
MnPbTiGaO6,2.0049237633438532
FePbCrGaO6,2.021905005201312
SnPbCoGaO6,2.090241406080086
SnPbAuGaO6,2.0924393611233407
SnPdCrGaO6,2.06171174059589
CoPdIrGaO6,2.0670155195710738
MnHgCrGaO6,2.0313105879531874
NbMgTiGaO6,2.0640277698414624
TbMgAuGaO6,2.0686820129022974
MnKTiGaO6,2.0703273443765515
MnKIrGaO6,2.0126708991793283
FeKVGaO6,2.0485261330389593
FeKTcGaO6,2.0883791773168374
SnKIrGaO6,2.052352206749624
SmKTbGaO6,2.0579961967251283
IrKAuGaO6,2.070999825973408
NdMnCrGaO6,2.002515958066812
SmMnAuGaO6,2.081090576224406
SbMnTiGaO6,2.0615212924898523
SmEuZrGaO6,2.027632526369677
TmEuTbGaO6,2.049434616889498
NbNaMoGaO6,2.066992821855676
SnNaTcGaO6,2.049527767482241
SmNaTaGaO6,2.025145096230437
SmNaIrGaO6,2.0349751505031537
SmNdZrGaO6,2.0474173105546103
TlNdTiGaO6,2.0484440550811347
SnSrTiGaO6,2.0988341677579063
TlSrTbGaO6,2.087863450573317
TbTlIrGaO6,2.0175886566121646
PmKPrTeO6,2.0937112067559176
CePmPrCdO6,2.0709712359449552
EuKPrNiO6,2.097818275753186
EuKPrTaO6,2.048755108286698
NdEuPrAsO6,2.0665681780611243
SmEuPrCuO6,2.0247992530257237
SmEuPrTiO6,2.072415671682618
NdSrPrAgO6,2.0247230683117023
SmNdPrCoO6,2.014129990615321
SmNdPrCoO6,2.0260496273979283
SmNdPrCuO6,2.0708496549649946
NdCsPrTiO6,2.01767990896631
SmSrPrVO6,2.0352184548803076
SmSrPrSbO6,2.009321205354256
SmTlPrAlO6,2.004178729293415
PdPbPtZnO6,2.0164621807570566
SmPbLuPtO6,2.034534671551108
PdHgPtZnO6,2.080067764032389
SbPdCrPtO6,2.015228842671646
WPmPtZnO6,2.019648739870593
HoKPtVO6,2.060783970608107
HfCsPtAlO6,2.002566363683039
EuKPtVO6,2.0810162542287673
ErKTePtO6,2.0072514746586334
SmKTbPtO6,2.082307820657359
MnLiPtAlO6,2.015110723582868
MnAgPtAsO6,2.017839138521791
CeEuYPtO6,2.001381483411804
LuNaTePtO6,2.004128227735884
NbSrPtAuO6,2.011764500277014
SnCsPtCuO6,2.074538016701403
DyCsZrPtO6,2.026576626542818
CuLiPtAsO6,2.015928740622915
TlLiTePtO6,2.0383854947239035
TeLiPtAsO6,2.091027998904823
AgYbPtAsO6,2.0735989400526305
NdKSmPbO6,2.054250008123437
SmKPbVO6,2.0083056887698842
SmNdPbLuO6,2.0965795458986416
SmTlPbLuO6,2.057488846897021
YTlPbMoO6,2.0636903353221183
CeHgTaPdO6,2.087165011965273
CrHgPdAsO6,2.029514992170509
TeHgPdAlO6,2.0479234033804494
TaHgPdAuO6,2.045768588344222
SbMgTaPdO6,2.0840903193793086
MnKPdSiO6,2.056783846044265
EuKCePdO6,2.035661936299074
SmKSbPdO6,2.0932863219299453
SmKTaPdO6,2.0172382142416634
LaKMoPdO6,2.0959329238333613
TbKTaPdO6,2.089743828987732
CrMnPdCuO6,2.087680764118797
CrMnPdCuO6,2.0937706605474755
MnLiPdTiO6,2.040915692617166
MnTaPdAuO6,2.078591024862463
MnYPdAuO6,2.063809863666679
NbEuSbPdO6,2.018994238017512
NbEuTaPdO6,2.0934344284194033
EuSrPdAsO6,2.006470610597454
SmEuDyPdO6,2.002180141913638
SmEuPdAuO6,2.093480569278193
TlEuTaPdO6,2.0706955289950275
TbEuDyPdO6,2.032679549429904
ScNaPdSeO6,2.0486815686631776
SnNbPdTiO6,2.0250990851843946
NbTmPdAsO6,2.0003580803314356
SmNdYbPdO6,2.084404164959862
SmNdPdAlO6,2.0476609404714443
TiNdPdAuO6,2.0472842184689872
FeCaPdAlO6,2.001442847277603
CrFePdAuO6,2.0397711710244053
CrSrPdTiO6,2.07668060743751
TbSrTaPdO6,2.030271355534468
SnCsPdAlO6,2.066749181459355
CeSmLuPdO6,2.0605110979211747
YbSmZrPdO6,2.0422356873810816
ZrSmInPdO6,2.088034628505693
SbCsPdTiO6,2.0879693632285967
ZrSbMoPdO6,2.0260682380770745
TiCaPdAsO6,2.0552806327054456
TbCaDyPdO6,2.088782155359688
YbCaMoPdO6,2.0996210285978942
CrCdPdAlO6,2.053543646756011
LuCdZrPdO6,2.0720671518909013
TbCdTaPdO6,2.088459464267353
LaCsTaPdO6,2.0523176634950815
CrLiPdAlO6,2.007391924401496
TaTlPdAuO6,2.0778694353829845
YYbZrPdO6,2.091017995651935
SmSrPmAlO6,2.005140531442022
SmEuHoCoO6,2.007428715941122
SmSrHoScO6,2.0473582938549075
CeLaHoTiO6,2.088680795949042
EuKHfCrO6,2.009289444695407
NdKHfTeO6,2.0330661154582716
NdEuHfTiO6,2.004010016079192
ScEuHfTiO6,2.0599019707028248
TmEuHfCrO6,2.0132276368893827
TmEuHfInO6,2.092536815749489
ScNaHfCrO6,2.015175620310334
SmNdHfCrO6,2.094324525318713
ScNdHfTaO6,2.022781670551103
YbNdHfIrO6,2.0076311469844317
DyNdHfInO6,2.0473798784620674
LuSrHfMoO6,2.08247947392379
ScSmHfAsO6,2.0366282125882127
TbCaHfTaO6,2.0007531039721673
AgCaHfInO6,2.0981000102316743
YbTmHfAsO6,2.0475109982395012
YTlHfMoO6,2.0232264717645267
InYbHfMoO6,2.052042860844127
CeEuTmHgO6,2.0793274171950102
CeEuYbHgO6,2.0052845618972186
SmErTmHgO6,2.024864646189453
SmErAgHgO6,2.028496712122608
SmNaZrHgO6,2.094539749253762
SmLaHgTiO6,2.0354797536964497
TbSmYbHgO6,2.0214280449670716
TbTmAgHgO6,2.030281776131999
SmEuCeMgO6,2.057315468628208
SmEuCeMgO6,2.063671377168631
CeSmDyMgO6,2.0437636875414147
SmEuMnAuO6,2.0306004422948853
TmEuMnAlO6,2.0725781183798007
CrEuMnAsO6,2.076815446070473
SnErMnTiO6,2.078459543517261
SmErLuMnO6,2.0203154851543714
ScNaTaMnO6,2.0538684915461918
NdSrMnTiO6,2.0877241494869696
SmNdMnAsO6,2.068616496406934
TaNdMnAuO6,2.0911140327976065
FeSmMnTiO6,2.0339926702775526
FeYbMnAsO6,2.0122625184345635
SrCsMnTiO6,2.0497459964721756
TaSrMnAsO6,2.0134358932179404
SmCsMnCrO6,2.072214277857391
SmCsMnTeO6,2.0139994442934657
SmCsMnAlO6,2.0729928774634843
TbSmDyMnO6,2.044251831303369
SbScMnCrO6,2.0639368971655516
ScCsMnCrO6,2.0711678690623088
ScTlMnTcO6,2.0558573855570716
TbScTaMnO6,2.051052216136355
SbCsMnCuO6,2.0314145580602885
SbAgMnAuO6,2.0349013837369783
YbCaZrMnO6,2.0271665453245467
ZrCaMoMnO6,2.0419972239571615
CrCdMnTiO6,2.085916749364526
CrCsMnTiO6,2.0731170020704313
DyCsMnAlO6,2.019371623159052
CrLiMnAlO6,2.0049114573399374
CrTlMnTiO6,2.008391430086656
CrYbMnAlO6,2.079743314186437
TaLiMnAsO6,2.084757772676838
TaTlMnAlO6,2.02327727770464
TaAgMnAsO6,2.043351474354828
CuZnWAsO6,2.0477473258571077
SnEuWCuO6,2.0946546070472674
ErSrWAsO6,2.0664742680175308
NiNdWVO6,2.032354907589833
NiScWCuO6,2.0661488095348597
IrNiWAsO6,2.059796264433969
NdNaTaWO6,2.030372618328564
YbNaWAlO6,2.0851622060700064
IrNaWAsO6,2.0992119111547902
NbCaWCuO6,2.0935553089548677
SnNdWCuO6,2.0371460753431263
VNdWCoO6,2.0319909897563955
VSrWCoO6,2.0711723810758533
TbSmWAsO6,2.0430849011712
VTlWAsO6,2.017378019738338
SbCdWAsO6,2.00256068188518
CrCaWCuO6,2.036261363273644
TbCsWAsO6,2.0002879667541142
TaCsWAlO6,2.0951788169000434
YCsWAsO6,2.0284862223425333
TlLiTaWO6,2.009690489962072
TaAgWAsO6,2.0420997072484837
SmEuLuZnO6,2.011053507401588
SmEuYbZnO6,2.0795002974639356
SmEuYZnO6,2.0640273080072746
NbErCrZnO6,2.0127937031442977
SmErDyZnO6,2.0669098605243517
TbNaTaZnO6,2.0484727908720295
TaNaMoZnO6,2.029769557588436
NbTmZnCuO6,2.0992264918900005
SbNdTaZnO6,2.034651162893512
CeNdTiZnO6,2.0428274562149134
TbNdInZnO6,2.0772827499869826
CrFeZnCuO6,2.0628974442047614
SmSrTmZnO6,2.095140226847983
SmSrCrZnO6,2.0772878291416115
CeSmMoZnO6,2.0426572976922595
LuSmMoZnO6,2.0203753982985955
TbSmMoZnO6,2.0592521717357934
TaCeZnAuO6,2.0428928368052994
TbTmTaZnO6,2.079244767174948
IrCrZnAuO6,2.0818287349325426
TbTlTaZnO6,2.0641787534425675
IrTiZnAuO6,2.0923543012254773
ZrAgMoZnO6,2.0258302295239776
SmNdEuTiO6,2.0044977110392117
SmSrEuCoO6,2.0165285025439714
CeSmEuCrO6,2.0921843688314388
SmCsEuAlO6,2.091171539549314
SmCsEuAuO6,2.0500924245274645
SmTlErTiO6,2.0118665304963463
CrNaNiAsO6,2.0689790247183564
CrNbTiNiO6,2.0605626993519266
NbLaNiAuO6,2.026349413506503
SnNdTiNiO6,2.002945911629917
LaNdZrNiO6,2.0240447320721207
TlNdTaNiO6,2.0150665700856734
TiNdNiAuO6,2.013179528264519
YbNdZrNiO6,2.0521387366491384
TcFeNiAuO6,2.0323521051828375
SnSrTiNiO6,2.043636793054513
SmSrTbNiO6,2.041730110362972
IrSrNiAlO6,2.081698042207652
SnSmNiAuO6,2.082352913275085
VSmNiAuO6,2.048260609280712
VLuNiAuO6,2.013712661295643
CrScTiNiO6,2.059121672211228
TbCaZrNiO6,2.0620832430054854
CrCeNiAuO6,2.098099731258625
IrCdNiAuO6,2.0729384674481226
TcTmNiAuO6,2.064335831995725
LaCsTbNiO6,2.0241982963766594
TiTaNiAuO6,2.031314087896549
TcTeNiAuO6,2.0845321663164924
TcAgNiAuO6,2.0214794218859176
ZrAgMoNiO6,2.0090302179581214
SnNdNbCoO6,2.0286492536997054
SbNdNbCuO6,2.0739047344838184
SmSrNbLiO6,2.0394944147120917
SmSrTbNbO6,2.0935897828698846
SrCsNbTcO6,2.031092157296272
TlSrTbNbO6,2.066360591076986
TbSrNbAuO6,2.0283573778832977
ZrSrInNbO6,2.0312465622699802
CeSmNbLiO6,2.006338681937859
SmCsNbTaO6,2.0433303697523395
SmCsNbTaO6,2.0093513271723786
CaCsNbTeO6,2.0787654343490947
LuCaNbAlO6,2.0722368705863907
TbCaInNbO6,2.0269608530527137
TmTlNbTaO6,2.0365203415549566
LaCsTbNbO6,2.009502948157244
TaTlNbAlO6,2.029436319600267
SmSrScFeO6,2.0185272818830837
SmSrYbFeO6,2.065008120961451
SnCaFeTiO6,2.0959733717967333
SnLaFeTiO6,2.041399138494598
TlSmTbFeO6,2.057214858276339
SbTmFeCrO6,2.082697385491212
LuCaTbFeO6,2.0201207396143035
TbCsFeAlO6,2.0849644306208623
CrTlFeTiO6,2.0455033863867778
TbTlTaFeO6,2.0351810015479215
TeTiFeAsO6,2.065057823562524
TeVIrBO6,2.03027106664637
AgVIrBO6,2.066572254906412
LuCsTaBO6,2.054261201519354
TbCsTaBO6,2.0495092223911984
AgCsAuBO6,2.0454570513036288
TiCuIrBO6,2.035414295014946
YbLiMoSiO6,2.071594157147073
SbCdSnMoO6,2.008124918712536
TbCsSnMoO6,2.047161281323459
ScTlVAlO6,2.0945186138390595
SbCsVIrO6,2.061120872642224
SbAgVIrO6,2.047602754506607
CoLaVAuO6,2.001980312157591
CeLaVAuO6,2.0387210888240936
TlTmZrVO6,2.083751707349509
AgTmVAlO6,2.0958636843875658
TcCrVAuO6,2.0066244063696894
CrYbVAlO6,2.018304019172423
CrAgVAlO6,2.0753988771498926
TiLiVAuO6,2.025375785098579
TbLuInVO6,2.0826569057932853
TeAgVAuO6,2.0184955823323336
TcAgVAlO6,2.0610249935392346
ZrTaMoVO6,2.0149262863838486
ZrAgInVO6,2.0987339051405343
DyCsMoSeO6,2.0438535329212266
YbTlMoSeO6,2.0363174629214593
IrCdCoAuO6,2.037940385240379
IrTmCoAuO6,2.0577706401831284
LaCsZrCoO6,2.0147002338539424
TcCrCoAuO6,2.034113172287527
IrCrCoAuO6,2.011427306812593
TbTlTaCoO6,2.0046966781777913
IrTiCoAuO6,2.020556556397148
TaAgCoAsO6,2.008643655468667
LuTlCrAsO6,2.01412965349748
IrAgCuAuO6,2.0199255951685853
DyYbTbMoO6,2.0130591656620123
PrReAuCuO6,2.012876426974776
RhBaGeVO6,2.0055900402298548
PbRhAsZnO6,2.0486979869998083
HoRhSeZnO6,2.058168831715098
HoRhTcCoO6,2.092845903012112
SnRhTcCuO6,2.0221589550216574
RhCoAuCuO6,2.0717266475365683
RhCuAsAuO6,2.0026515435916648
BaPbMoErO6,2.0476267580196654
BaPbAsNbO6,2.0255483317955836
BaPbSbYbO6,2.0079855442884784
BaPbAsTbO6,2.0860718387823547
BaKCrMoO6,2.0229981293738404
BaMnAsVO6,2.056113473209526
BaEuCrYO6,2.0944375061756575
BaNdIrTaO6,2.0391205406666626
BaSrIrTlO6,2.0717516474233375
BaSmCrTbO6,2.0631319452794856
BaSmTcYbO6,2.0344734175400814
BaCaIrYO6,2.0114921144058884
BaTmCrYbO6,2.0259878016611363
BaCsTcMoO6,2.066372438266305
GdBiSiMnO6,2.023415215306751
BiPrPdHgO6,2.0824366234900213
PrBiMnPdO6,2.03206657312056
PrBiTcPdO6,2.0649853550995996
PrBiMnHgO6,2.0950666803846127
PrBiTiMgO6,2.005034141224137
PrBiMoMgO6,2.053075973604511
PrBiSiFeO6,2.0625692582172617
BiPrSiCoO6,2.047980073513163
BiPbHfScO6,2.022783716225353
PbBiNbHgO6,2.08652681677483
PbBiTaMgO6,2.0070294771284964
BiPbVLiO6,2.086648266007475
PbBiTaLiO6,2.0532711820743557
BiPbTaInO6,2.04335921461015
BiPdTiMnO6,2.0420687998722937
BiPdWFeO6,2.0708929791452135
BiPdWCrO6,2.0168344569672607
BiPdWTiO6,2.012712250313755
BiPdSiFeO6,2.0809769078910456
BiPdCoTiO6,2.0288862187627954
BiPdTcCoO6,2.0295677095201134
BiPdAsAuO6,2.039664689207298
PmBiTaHgO6,2.0998980601831185
PmBiMnMgO6,2.022053550585112
BiHoMnAgO6,2.0079986958522187
BiHgAlMgO6,2.0851893716801078
BiHgSiLiO6,2.00112281805325
BiMgCrLiO6,2.0100110445327504
BiMgMoLiO6,2.0546741052713893
BiKMnSbO6,2.006794878894553
BiKCrMoO6,2.0570779587732027
BiKTcAgO6,2.0284533854837883
BiEuSbAgO6,2.0182407245445506
BiNbTaLiO6,2.057994369994622
BiNdSnScO6,2.024977723218349
BiNdVAgO6,2.0876109199603246
BiNdTaAgO6,2.081765712415998
BiSrSiAgO6,2.099800353674372
BiScTcAgO6,2.046286629942555
BiSbAlLiO6,2.0671411892643614
BiCsTaAgO6,2.0299684201404524
BiCrCuTiO6,2.0611675097327917
BiLiAsMoO6,2.0761240536126535
PrGdWPbO6,2.0870584451501983
PrGdTaPbO6,2.0242044264689185
PrGdAsHgO6,2.050115796839037
PrGdSbMgO6,2.0666231493059017
PrGdSeNaO6,2.0380867637667786
PrGdCrNaO6,2.045652813975075
GdPrSiCdO6,2.044968368713546
PrGdTaTmO6,2.013039686028402
GdPrTaAgO6,2.008717183905158
GdPbWInO6,2.099524527995536
GdPbTeNbO6,2.0941616882682714
GdPbSiCoO6,2.038727945047986
GdPbVTmO6,2.0936111499301933
GdPbAsTiO6,2.085452930358499
GdPbTaAgO6,2.0434055756975766
GdPmSnTmO6,2.046251811714395
GdPmSnYbO6,2.0217181123175054
GdPmVAgO6,2.0798490303042727
GdHoCrAgO6,2.016415426753914
GdHoTeTiO6,2.06465551029623
GdKWTmO6,2.0571509236054006
GdKVScO6,2.0978929574071024
GdKTcYbO6,2.0582808829471215
GdMnTcNiO6,2.081283018047514
GdEuNbAgO6,2.0596144951727555
GdEuCoAgO6,2.0530538234986713
GdEuTeTaO6,2.0278394705189857
EuGdMoYbO6,2.085242755874964
EuGdIrAgO6,2.023203960140076
GdErTaTmO6,2.064850812537493
GdNaVTmO6,2.099242190769912
GdNdFeDyO6,2.0546944576011614
GdNdVTmO6,2.0695374292774575
GdNdCoCaO6,2.0746854649895035
GdNdCrDyO6,2.004228779931407
GdNdTcYO6,2.0705701440963047
GdFeSiCoO6,2.0124569311752434
GdSrSiYO6,2.097428173508961
GdSrTcYbO6,2.015313632352124
GdSmVTmO6,2.0809392282233823
GdSmCoCaO6,2.0851672443388267
SmGdCrTmO6,2.079901818609905
SmGdCuTmO6,2.0872317928958726
GdSmTiYbO6,2.0234969722601317
GdSmTiYO6,2.0953815541198515
GdSmTeYbO6,2.0069150507696136
GdSmTcYbO6,2.0805286386715713
GdScSeCdO6,2.0875215908604217
GdScZrCdO6,2.061776997418776
GdScCrLiO6,2.092884272488273
GdScTaLiO6,2.019905847564633
GdCaCrDyO6,2.061527623142219
GdCaMoLuO6,2.010380307458165
GdTmMoTbO6,2.044254620677142
GdCsAsMoO6,2.039246068035656
GdLaTiDyO6,2.0720017620378717
GdTbIrDyO6,2.0073730922569597
GdDyIrAgO6,2.040500041486292
PrPbHfDyO6,2.069695932414698
PrPbSbHgO6,2.0601235589512994
PrPbTaHgO6,2.0450551192893154
PrPbNiMgO6,2.09441882789162
PrPbIrZnO6,2.034016779885748
PrPbVErO6,2.0689205242478916
PrPbCrNaO6,2.0761012817763964
PrPbBLiO6,2.025943393879672
PrPbVTmO6,2.0927244893878516
PrPbTeScO6,2.053195022059144
PrPbSeCdO6,2.0305006928941696
PrPbSeTmO6,2.008470485811862
PrPbTcCoO6,2.0679710222381273
PrPbCoAgO6,2.0093115640510373
PrPbTeAgO6,2.0056422625337067
PrPbZrYO6,2.0224686548294177
PrPdSiMnO6,2.065012381518939
PrPdVTiO6,2.0388512172343667
PrPmHfAgO6,2.0467877565812413
PrPmCoHgO6,2.0568497334950506
PrPmCrHgO6,2.038606071071397
PrPmMnCaO6,2.044175271605301
PrPmSiZnO6,2.018450960566454
PrPmNiNdO6,2.0082535741396765
PrPmVNdO6,2.0377312040726157
PrPmCrCaO6,2.036351852416414
PrPmTiCdO6,2.069916453592217
PrHoSeHgO6,2.066945076093809
PrHoTaHgO6,2.0894127444325545
PrHoSbMgO6,2.0386839112585013
PrHoMnLiO6,2.0429972259068117
PrHoAsZnO6,2.0920549003628035
PrHoAlVO6,2.0124851016429997
PrHoTaCdO6,2.0171842041773247
PrHoTiTmO6,2.041031725997248
PrHoMoLiO6,2.049991256818621
PrHfCrLiO6,2.0145641911041503
PrMgSnNbO6,2.0966954285522044
PrKWSmO6,2.027218719107632
PrKNbInO6,2.066144009541108
PrKVScO6,2.054144305738042
PrKCoTbO6,2.0193659419238954
PrKTaDyO6,2.032710017447078
PrMnSiZnO6,2.035970919066448
PrEuNbCaO6,2.0678073556904977
PrEuFeDyO6,2.073405124019653
PrEuSiYbO6,2.078372248708738
PrEuSnYO6,2.0243223532854913
PrEuCoSmO6,2.0413091808261394
PrEuVYbO6,2.016218515983401
PrEuScCaO6,2.0586523614569763
PrEuCoYbO6,2.071958547948645
PrEuCoDyO6,2.0006359675968466
PrEuIrCeO6,2.0861573235627007
PrEuAsCdO6,2.0361226139394275
PrEuAgTmO6,2.051064647019649
PrEuTeLuO6,2.0500813371405058
PrEuTaLuO6,2.0092892487933516
PrEuAuYbO6,2.0377729078627413
PrEuIrDyO6,2.0988084375853426
PrEuZrDyO6,2.043490674437362
PrEuIrAgO6,2.0183673208959956
PrErSbDyO6,2.074845061929551
PrErTaCdO6,2.0091497520420063
PrErZrTmO6,2.0531992861297206
PrErTcLiO6,2.036122022146968
PrErMoLiO6,2.069461075697167
PrErAlTiO6,2.062502240592638
PrNaSiDyO6,2.0416775961652793
PrNaAuTmO6,2.068587446457041
PrNaTeTiO6,2.0781154938579824
PrNaIrDyO6,2.023257302377733
PrNbTiLiO6,2.0435839650719787
PrNbAlTiO6,2.0702666809828774
PrNdTeFeO6,2.084118724240159
PrNdMoSmO6,2.0884731775875007
PrNdSbCaO6,2.0876275277379475
PrNdMoTmO6,2.097322392068513
PrNdTcLuO6,2.0134661501536857
PrNdTiDyO6,2.0241748206296406
PrSrSiSmO6,2.039049626500202
PrSrSiCeO6,2.0832924382985314
PrSrVCaO6,2.026223575911918
PrSrVTmO6,2.0308188713404527
PrSrSeMoO6,2.0400692228533
PrSrCrYbO6,2.0390859104871923
PrSmVTmO6,2.0488535938629115
PrSmCuCaO6,2.033056697389485
PrSmIrCaO6,2.097226433771428
PrSmAsCaO6,2.050005970748669
PrSmCrCdO6,2.0406225436780576
PrSmMoLiO6,2.0797475564400325
PrScSeAuO6,2.0892632852509734
PrCaTaAgO6,2.0837667005558242
PrCeIrTmO6,2.071500396145329
PrTmMoYbO6,2.0080807413531354
PrTlTiTbO6,2.053137134171814
PrTlTcAgO6,2.0700259436808253
PrTlTaAgO6,2.0797990722396205
PrTeAlAuO6,2.000804192782395
PrYbIrDyO6,2.0936760492955373
PrYMoAgO6,2.0130097150208677
PtHfAsAuO6,2.037569927474458
PtZnAlVO6,2.047638874653793
PtNaSiVO6,2.0062180059895742
PtNaSeAuO6,2.023449286586946
PtFeSeAuO6,2.059625722206773
PtTiAsAuO6,2.012136475300172
PbPdCrFeO6,2.0063783689638535
PmPbTcMgO6,2.0373958770591507
PbPmNiYbO6,2.017641233661534
PbPmCoCrO6,2.066343660621325
PmPbTcTmO6,2.004898088446402
PbHoAuZnO6,2.002783547688342
PbHoAlVO6,2.0943341170252663
PbHoIrCdO6,2.0542265456783104
PbHoAsDyO6,2.023469020418597
PbHfNiLiO6,2.083650069157267
PbKNiFeO6,2.0785281508036615
PbKSiScO6,2.0974087974328857
PbKSiDyO6,2.033489517421548
PbKVTiO6,2.023689155353814
PbKSeLuO6,2.058334495494845
PbKSeTaO6,2.0981535461396006
PbKSeAgO6,2.0868933570523454
PbKTaYO6,2.0786478823050683
PbMnSeZnO6,2.0801927273459873
PbMnVNiO6,2.071765693776357
EuPbSbErO6,2.0789036139528316
PbEuFeTmO6,2.064715543410266
PbEuSiCdO6,2.032799545821267
PbEuSbTmO6,2.0530220819998624
EuPbCrCaO6,2.0752932546863185
EuPbMoTmO6,2.0372550262468043
EuPbMoLuO6,2.01911711187247
EuPbAsDyO6,2.0618240078221715
PbErSnAgO6,2.004048296737286
PbErCoVO6,2.072321903446137
PbErIrTmO6,2.025590370196584
PbErIrDyO6,2.0250904470495668
PbNiTcCuO6,2.0529840042716407
PbNaNbTmO6,2.0902688903737476
PbNaTcNbO6,2.0614427270341213
PbNaSeYO6,2.001094978368375
PbNaIrCrO6,2.0331971610205284
PbNaZrDyO6,2.0380759057324
PbNaMoAgO6,2.0804118667369407
PbNbAsTiO6,2.068665806512864
PbNdSiCdO6,2.020357616186162
PbNdVTmO6,2.03590544819535
NdPbTcTmO6,2.0006898133649913
PbNdCrTaO6,2.037515784178853
PbNdTaAgO6,2.030436373273251
NdPbMoYbO6,2.0319097934982553
PbSrVLuO6,2.0931736753947874
PbSrVYO6,2.0180498105894022
PbSmCoCrO6,2.0981393933049435
PbSmCoCrO6,2.0971390077606187
SmPbMoTmO6,2.0531761193878224
PbSmCuDyO6,2.0571057247881646
SmPbTeLiO6,2.019948959306519
PbSmTiAgO6,2.041360723605179
SmPbAlTiO6,2.0207680156954333
SmPbAsAgO6,2.007193958741432
PbCaTiCdO6,2.040868140239265
PbTmCrLiO6,2.075179318085565
PbTmTiYbO6,2.099590010205753
PbCsTiTaO6,2.0195543879242788
PbCsTaDyO6,2.0852051916825
LaPbTaTbO6,2.026457496256433
PbLaTcAgO6,2.0544849495482262
LaPbAuDyO6,2.015073239387829
PbLiTiTaO6,2.0798311684828112
TlPbIrTbO6,2.055805618712877
TlPbAsDyO6,2.093324024570277
PbTiAsAuO6,2.0707901791484637
PbTbMoYbO6,2.0703874917499694
PbTbAgDyO6,2.0360501396574353
PbDyZrAgO6,2.0659899907920503
PbYZrAgO6,2.0012917674121122
HoPdVZnO6,2.0198313232735137
PdMgWTiO6,2.0397191422108776
PdMnTcZnO6,2.080165192592736
PdMnAuZnO6,2.054597149897497
PdMnAuNiO6,2.075821373470482
PdMnSiTiO6,2.0401566091751695
PdMnVTiO6,2.0823064559061426
PdMnTeTiO6,2.0336834484494397
PdEuAsAuO6,2.0471216987893963
PdNiTcCuO6,2.076831507891421
NbPdAsTiO6,2.054520724203562
PdFeSiCrO6,2.0604985516727155
PdFeCoVO6,2.0140044450433843
PdFeTiCrO6,2.0417689254498264
PdFeAsAuO6,2.0181307916570805
SnPdTeCrO6,2.036653232248278
SmPdTcCoO6,2.075257627383915
SmPdTcCrO6,2.0831611790270386
SbPdAuCuO6,2.083211843710099
SbPdTeTiO6,2.0502510678202603
CaPdAsIrO6,2.018576144957983
PmHoFeHgO6,2.0406220467695895
PmHoWYbO6,2.090833612138845
PmHoSnDyO6,2.021109138093009
PmHoVYbO6,2.063320395205193
PmHoTeTiO6,2.034334657395486
PmEuNiAgO6,2.008714182521786
PmEuTiFeO6,2.0814856098019714
PmEuSnYbO6,2.028622013437412
PmEuSnYbO6,2.063208080216114
PmEuTaScO6,2.0410144558033183
PmEuTeCaO6,2.058687861368601
PmEuTcLuO6,2.0610615012046405
PmEuZrYbO6,2.0258664666218276
PmEuMoDyO6,2.06320456126022
PmNaVTiO6,2.086473958503057
PmNbVLiO6,2.0800469458938475
PmNdCoSmO6,2.081743271792557
PmNdTeTiO6,2.0700890274876764
PmSrTcYO6,2.055548464020021
PmSmZrTbO6,2.025052335162169
PmScMoLiO6,2.0704443351650292
PmTmCrDyO6,2.006213975769558
PmTmMoLiO6,2.0826471814448566
PmTmMoYbO6,2.021394057404909
PmTmAuDyO6,2.02943814595523
PmTlTeDyO6,2.0380444241710025
TlPmAsAgO6,2.0286933462624748
PmLuTiYbO6,2.000892346260157
HoMgSnNbO6,2.0136514881860044
HoMgTeNbO6,2.0994667645773366
HoKNbYbO6,2.041998248475912
HoKVTbO6,2.096331473662364
HoEuVYbO6,2.091691987461165
HoEuTiDyO6,2.0690820385223523
HoEuTcDyO6,2.069551589471446
HoEuTaYbO6,2.0357828605020747
HoErCrCdO6,2.0266922274274237
HoNaTcDyO6,2.019182233696407
HoNdFeTbO6,2.008933267038256
HoNdFeDyO6,2.0622478106798843
HoNdSeAgO6,2.007408208884389
HoNdTiYbO6,2.008651775965148
NdHoZrDyO6,2.058550034443358
HoSrSnTmO6,2.0800442953308655
HoSmCrTaO6,2.009704860363514
HoSmTeYbO6,2.039522792779365
SmHoMoAgO6,2.065580933251829
HoCdTaInO6,2.0126781214515246
HoLaTcAgO6,2.0802569438890934
HoTlTiDyO6,2.0034514342520375
HoLuTeTiO6,2.004256186915435
HfHgTcLiO6,2.073974825642393
HfMgTcLiO6,2.034843237518604
HfKWSbO6,2.0887184598780193
HfMnTiFeO6,2.054293402119223
HfMnAlCrO6,2.099973464592184
HfNaSeTiO6,2.0254794018479796
HfNdSeCdO6,2.0163414543757594
HfFeAlCrO6,2.0390832496609357
HfSrCrLiO6,2.0174009941449027
HfSmCrLiO6,2.002246710704324
HfVAsAuO6,2.0035798776848766
SrHgTaSnO6,2.02450583707688
SrHgAuTeO6,2.056979712928834
MgKWTeO6,2.0869048945766746
MgMnVNiO6,2.013634540277886
MgMnTcNiO6,2.018682201080364
MgZnVNiO6,2.0316013901030257
SmMgTcVO6,2.018613722916324
SmMgAlTiO6,2.009241882819762
MgLiIrTeO6,2.030253823319209
LuMgAsTiO6,2.0005786168910715
MnZnAlCoO6,2.0128368693488397
MnEuCoTiO6,2.0777338730590325
NbMnSeVO6,2.0428963515031944
NdMnTiFeO6,2.015936485543251
MnFeVTiO6,2.0057501366583845
MnFeAlCoO6,2.0684729833748965
MnFeAsTiO6,2.028885446234237
MnFeAsAuO6,2.0884333143405667
MnSrSiCoO6,2.021070631851912
MnSrCoCrO6,2.0614472709895186
SnMnAsCrO6,2.0198266263064615
MnSmSeCrO6,2.032674743004298
MnVTcCuO6,2.0222353476298207
MnCaAsAuO6,2.014144918456292
MnTbAsAuO6,2.0820248188641965
MnDyAlAuO6,2.0330747083954983
MnIrAlAuO6,2.019106694083331
EuErMoYbO6,2.085279301259388
EuNaVDyO6,2.0870262818144423
EuNdTeSmO6,2.055663071898398
EuNdTaSmO6,2.0739679722331976
EuNdIrSmO6,2.064411251192475
EuNdMoScO6,2.023597068569133
EuNdTaLuO6,2.078351754933675
EuSrSiScO6,2.061584945615484
SrEuTaCeO6,2.008512798211745
EuSrTaDyO6,2.0691522613871527
EuSmVYbO6,2.046533007234871
EuSmSeScO6,2.0987272301368245
EuSmSeCrO6,2.0257915048443857
EuSmTiCaO6,2.0401090199082748
EuSmIrTmO6,2.0975997922587535
EuSmZrLuO6,2.012223420367377
EuSmTeDyO6,2.0532891557394577
EuSmMoAgO6,2.05605383933901
EuScSeTiO6,2.081875394214257
EuCaMoDyO6,2.0874256696006666
EuCdTiTaO6,2.0703940082115384
EuTmTeYbO6,2.0926673728692844
EuTmTaDyO6,2.094134753900381
EuTmTaAgO6,2.0033811360448803
EuLiAsTiO6,2.0764369968498384
EuTlTeAgO6,2.0197655888581862
ErNdSbYbO6,2.05467200850457
ErNdCoDyO6,2.081661303435395
ErSrSiYbO6,2.0987737398095443
ErSrSnScO6,2.085231668617068
ErSrCoDyO6,2.0710218803174967
ErSmTeDyO6,2.0621366386825506
ErSmTaDyO6,2.0615796213067488
ErTmMoDyO6,2.0116019527355804
TlErZrYbO6,2.003524688116199
ErTbTaYbO6,2.0391327370830097
ErYbZrAgO6,2.092258821876456
NiVTcCuO6,2.0645736738018794
NiVAsIrO6,2.0596311111248884
NiTlAsAuO6,2.07500902746978
NdNaIrLuO6,2.07028694330667
SmNaAsIrO6,2.0508729285596767
TlNaTaTbO6,2.0225315097889367
TlNaAsDyO6,2.021740103286485
NbNdFeLiO6,2.064232434987408
NbNdCrLiO6,2.071828350401829
NbFeSeVO6,2.055108383396969
NbFeVTiO6,2.092375153377706
NbSnCrLiO6,2.013563974560103
NbCoTcCuO6,2.040007733340929
NbCeCrLiO6,2.0477557145144982
NdSrSiTaO6,2.0123897702498983
NdSrSnDyO6,2.003127657481114
SrNdMoYO6,2.008550705654436
NdSmSbDyO6,2.0606271764968236
NdSmTaCeO6,2.0419069062356963
NdCoAsAuO6,2.077521293762299
NdCaTaCdO6,2.0655660235420727
NdCaIrDyO6,2.020442262619044
NdCeAsAuO6,2.020583565809753
NdTmCrTbO6,2.0660583948011495
NdTmCrDyO6,2.01987382818576
NdTmTcLiO6,2.0734083185533554
NdTmTaLuO6,2.009921346977795
NdTmTaInO6,2.005506647525054
NdCsCrDyO6,2.0935465515697964
NdCsTaYO6,2.0516459340754354
NdLaTaAgO6,2.073401330970414
TlNdTaLuO6,2.0049718876257607
NdTlTiDyO6,2.0511935908725794
TlNdZrYO6,2.020373869734114
SmFeTcCoO6,2.0594086581671696
FeVTcCoO6,2.078462905700481
ScFeTcCrO6,2.0818525735606452
SbFeAlCrO6,2.075322267369717
SbFeTeTiO6,2.0194841328051587
SrSmTcDyO6,2.069981308211046
SrCaTaYO6,2.0998081564509588
SrCaTaInO6,2.0766186117303347
SnSmVTiO6,2.087768956593832
SnVAsAuO6,2.0815659778800257
SnSbCoLiO6,2.0997654259456002
SmScCoAgO6,2.012177717231672
SmScTeCrO6,2.0468765923840753
SmScTaAgO6,2.08516537941494
SmCaTcTmO6,2.016362809467844
SmCaCrAgO6,2.072791743973405
SmCaIrLuO6,2.0941006328083955
SmCaTiAgO6,2.0001894387491634
SmCaMoTbO6,2.025836148051188
SmCaAsAuO6,2.0356866669657023
SmCdCrLiO6,2.055677711176804
SmCdTcLiO6,2.076787201556217
SmTmCuYbO6,2.0796382293117337
SmTmTiLiO6,2.0755389148876278
SmTmTaLuO6,2.090784410573985
SmTmTcDyO6,2.036540994170639
SmTmAgDyO6,2.0748919301582003
SmTmIrDyO6,2.0656641685376007
SmCsCrDyO6,2.095787214558688
SmCsCrAgO6,2.058249017183569
SmCsTaInO6,2.0696750515101803
SmCsAsMoO6,2.076688452763032
LaSmZrLuO6,2.0154538415199172
SmTlTiYbO6,2.0788291431251786
SmTlTiDyO6,2.0440744299092453
SmTlTeTbO6,2.017198325357486
SmTlTcYbO6,2.0523097569061504
SmLuTiDyO6,2.061530582845183
SmYbIrDyO6,2.0429950936789623
SmYbMoDyO6,2.0298753051727023
SmYbMoAgO6,2.014030906963316
SmDyIrAgO6,2.020138960198851
VCeAsAuO6,2.0935483993151673
VTlAsAuO6,2.007362548805064
ScLiTcTaO6,2.0387949248817234
ScTlTiAgO6,2.0470657676521915
YScZrAgO6,2.033542849681671
SbCrAsTiO6,2.092514605499771
SbLaAsAuO6,2.011564058004215
CoIrAsAuO6,2.0960315175576407
CaTmAsYbO6,2.0560942866868595
LaCaMoYbO6,2.0896443002301064
TlCaTiLuO6,2.029591958084556
TlCaMoYbO6,2.0001180004092105
CeLaTeDyO6,2.0607196266351573
CeLaAsAuO6,2.078901440199728
TmCsCrAgO6,2.0499028736465545
LaTmTiLuO6,2.026151581638404
TlTmAsYbO6,2.057584389986759
TlTmZrYbO6,2.0130888887631992
LaTlTeAgO6,2.025311265435994
LaTlTcAgO6,2.0072522225275047
LaTlTaDyO6,2.0085696021275097
LaTlAuYO6,2.0458700368983127
LaDyIrAgO6,2.0156225393988447
TlTbZrAgO6,2.063938350585347
TlDyIrAgO6,2.045880991424923
LuYbAsDyO6,2.0422707069022743
LuAgAsAuO6,2.007020396995911
TcDyAsAuO6,2.026778544445381
TaAgAsMoO6,2.0612219439377264
YbDyMoAgO6,2.0493260314582495
YYbZrAgO6,2.0979564301294045
RhPtBBeO6,2.0635659730760056
RhCoGaAuO6,2.0459404894557993
SnRhVPtO6,2.036554783876965
EuRhVZnO6,2.0527043989621117
EuRhIrZnO6,2.0837317041270786
NbRhIrZnO6,2.018909707241963
RhVAsZnO6,2.0527696619046254
RhCoTcZnO6,2.0259921036370154
FeRhTcNiO6,2.008936237792354
RhCoBAuO6,2.0929437198090555
RhCeBAuO6,2.0018742049011036
RhIrSiAuO6,2.031127248408968
RhIrSeAuO6,2.031064331893571
RhTcAuCuO6,2.0250673520086195
BaEuBiDyO6,2.0280715456641216
BaNdBiTbO6,2.055317316851712
BaKOsTeO6,2.033311755551508
BaEuIrGdO6,2.058197079803292
BaNdTaGdO6,2.0447629734131985
BaEuNbPrO6,2.0771202252782377
BaNdAuPrO6,2.0343382582862115
BaYbAsPdO6,2.076145794234459
BaEuIrPmO6,2.0454924346164716
BaEuMnScO6,2.000330287954684
BaNaVMnO6,2.088966457981539
BaNdTaEuO6,2.0132248080255466
BaCaNbInO6,2.016839184273847
BaSrTcNdO6,2.010420349676397
BaDyVInO6,2.0395304333373883
BaCaAsScO6,2.061791872799027
BaTmCrScO6,2.090042512968563
BaDyTaInO6,2.0487440581933667
BiKOsLiO6,2.0068702384788004
BiPrGePdO6,2.0403845589373426
BiPbGeHgO6,2.070291369408183
BiPdGeCrO6,2.0011585730168164
BiSmGeAgO6,2.027851447497118
BiTmGeTiO6,2.0902490738706327
BiSmGaAuO6,2.0357802020904687
BiPdSiPtO6,2.019162098531081
BiPdSiPtO6,2.0460121153818873
BiCdAsPtO6,2.0619145307299718
BiAgAsPtO6,2.0736949659340835
BiMgSiPdO6,2.004179589989919
BiMnTePdO6,2.035026444656535
BiFeTcPdO6,2.0193495092559934
BiSbSePdO6,2.0111897278133117
BiCaPdTaO6,2.035927637088118
BiCdTePdO6,2.088647413547418
BiTmPdLiO6,2.0544461756205923
BiTiTePdO6,2.0006407693859267
SmBiSeHgO6,2.048805443977062
SmBiTiHgO6,2.0564246545142115
BiAgIrHgO6,2.0764726584156885
BiAgMoHgO6,2.0304991119120843
BiSmMgAgO6,2.016641185889822
BiNdMnLiO6,2.0222927469810577
BiNdMnAgO6,2.023698745581859
BiFeTiMnO6,2.0521204303386322
BiSrMnLiO6,2.0607038136710814
LuBiTcMnO6,2.012076195334063
BiNaWScO6,2.068810536100166
BiNdWFeO6,2.088691865373596
BiTbWAgO6,2.09131640501226
BiNiAsZnO6,2.023651302385417
BiNbIrZnO6,2.0442759316177286
BiNbNiLiO6,2.022811824399219
BiCaNiLiO6,2.092723313202475
BiSmNbScO6,2.0640948062059703
BiLaFeAgO6,2.029295119797993
BiSmSiCdO6,2.056053990246656
BiLaSiTiO6,2.0007401938163865
BiScTcVO6,2.050495477102157
BiLaVAgO6,2.0544328065044413
BiTiAuVO6,2.0915448642988235
BiAgIrVO6,2.069522084845498
BiTlSbAgO6,2.0564077976059463
BiTmSeLiO6,2.082311342760351
BiYbCoAgO6,2.0099327078281695
BiAgIrLiO6,2.008328720980121
GdEuPtTmO6,2.0302701503148692
GdSmPtLuO6,2.0419592187834326
EuGdTiPbO6,2.0788357073975128
TlGdTcPdO6,2.011753386041728
GdLuPdYbO6,2.0222590702844507
GdSrHfYbO6,2.0206690690092506
GdYbHfAgO6,2.0684548008121673
GdMgTaHgO6,2.0884264662689542
EuGdTcHgO6,2.030838585519916
SmGdTaHgO6,2.098394235548786
GdScTeHgO6,2.089707360031046
GdCaAsHgO6,2.098341903605977
GdYbMoHgO6,2.0458249995065496
GdEuMnAgO6,2.0839162864792864
GdErSeMnO6,2.0491749496571483
GdNaMnTaO6,2.023865564564219
GdNbTiMnO6,2.093557395197435
GdNdMnLuO6,2.054445015188717
GdFeSiMnO6,2.0361684637877064
GdScMnAgO6,2.0960703769086604
GdScMnAgO6,2.0964156939333765
GdNdWDyO6,2.032547292776272
GdTmWYbO6,2.0511294174772576
GdDyWAgO6,2.0729054941233525
GdCrIrZnO6,2.039730673890575
GdYbIrZnO6,2.0654556647247486
GdYbIrZnO6,2.067615251409216
GdNaSbErO6,2.020145706080979
GdCaMoErO6,2.0233945567086296
CeGdZrNaO6,2.031025695412244
GdSmNbYbO6,2.072237618570722
GdCaNbTbO6,2.0070713074667013
GdTmFeLuO6,2.0859561562432187
GdTmFeDyO6,2.0306923953130602
GdLuSnDyO6,2.0747765225655104
GdScVCdO6,2.0504469779420664
GdYMoCaO6,2.068004943967668
GdTbTaCdO6,2.0638366351154893
GdTbZrCdO6,2.0951645312068763
GdDyZrYbO6,2.0015501524306765
GdYMoDyO6,2.0499967020273244
PrNaPtScO6,2.0276675167709572
PrNaPtInO6,2.086104711047867
PrNdPtSmO6,2.0049293452256554
PrLaPtAgO6,2.075939975427705
PrTlPtLuO6,2.0634768652090165
PrTlPtDyO6,2.011620068328469
PrYbPtAgO6,2.081146206407827
PrEuNbPbO6,2.0753129878602534
PrEuNbPbO6,2.032417431306619
PrEuFePbO6,2.026366353158673
PrEuVPbO6,2.0835139564550973
PrEuCrPbO6,2.0166074715338502
PrEuZrPbO6,2.009462861601034
PrEuMoPbO6,2.026941855366373
PrNdVPbO6,2.092415083444964
PrNdTiPbO6,2.047847000214598
PrNdDyPbO6,2.026244160438401
PrCaCrPbO6,2.0603350838291803
PrHoTiPdO6,2.002580488994187
PrKPdSmO6,2.0641300205880047
PrMnCoPdO6,2.0299425068322487
PrMnTiPdO6,2.0454386310054016
PrEuPdDyO6,2.0660941852425854
PrEuAsPdO6,2.0546490211175317
PrErSiPdO6,2.0543056389151175
PrNbTiPdO6,2.0059647779369554
PrCsPdTbO6,2.060046962405014
PrTaAsPdO6,2.0603873758486415
PrAgAsPdO6,2.0127918658751
PrSmZrPmO6,2.020474337624583
PrNaCoHoO6,2.0470167107062984
PrNaAsHoO6,2.0688443226708015
PrSmVHoO6,2.081597522672465
PrSmTiHoO6,2.0389913145064513
PrKHfScO6,2.082307578925243
PrEuHfAgO6,2.059979751902513
PrTlHfDyO6,2.057103146056532
PrEuFeHgO6,2.0262213376991536
PrEuVHgO6,2.04462024923678
PrEuCoHgO6,2.0306610172924695
PrNdVHgO6,2.080848642604179
PrNdSbHgO6,2.0174862677668997
PrNdMoHgO6,2.034271474135007
PrSmSbHgO6,2.0323566353485583
PrSmAuHgO6,2.0964375550766077
PrCaIrHgO6,2.0803624184009926
PrTbTaHgO6,2.062033096500826
PrTbAsHgO6,2.065063734258016
PrYbAuHgO6,2.0242428710273526
PrAgAlHgO6,2.042944881275284
PrAgMoHgO6,2.0479825053276577
PrErSeMgO6,2.057144286205588
PrNaNbMgO6,2.0822527266778503
PrNaMoMgO6,2.0846503008402686
PrNdTcMgO6,2.0470637844498634
PrSmSeMgO6,2.093402150290236
PrSmTeMgO6,2.052841379954348
PrCeTeMgO6,2.03985167288328
PrCdTaMgO6,2.0515826749784343
PrLuAsMgO6,2.0992221475087898
PrEuMnNdO6,2.098232820552736
PrErAuMnO6,2.0050157253098795
PrNaMnYO6,2.052837319791405
PrNdTeMnO6,2.0133444735621464
PrNdMnYbO6,2.0394363951641696
PrSrMnCdO6,2.074282616041423
PrSmSeMnO6,2.02543537614141
PrSmMnYbO6,2.010189380184212
PrCdMnLiO6,2.074272233842233
PrTlMnAgO6,2.0868880786348445
PrEuWNaO6,2.026746825053469
PrNaWDyO6,2.0902965597003234
PrNdWDyO6,2.0661570565169747
PrTmWDyO6,2.000348577514281
PrTlWTaO6,2.084470105736037
PrNiVZnO6,2.07240721467756
PrFeIrZnO6,2.021050384466715
PrCoAsZnO6,2.0987312442401107
PrCuIrZnO6,2.0733356109759487
PrTaIrZnO6,2.0161746474934197
PrAgIrZnO6,2.0585019429986455
PrNdTcEuO6,2.083469961495845
PrSmCrEuO6,2.087028404875533
PrCeMoEuO6,2.0806185305676093
TlPrTaEuO6,2.0930735813175296
PrNaCrErO6,2.020962714962377
PrSmVErO6,2.015770033232334
PrSmNiLiO6,2.0970132320658097
PrSmNiLiO6,2.092204568099511
PrTmNiLiO6,2.0557448257623037
PrTmNiAgO6,2.023446887932431
PrAgAuNiO6,2.024365431146178
PrNdSeNbO6,2.0667874445570953
PrNdNbCdO6,2.0368054430952656
PrSmNbScO6,2.0934781433053837
PrScNbCdO6,2.078825439914823
PrCeNbDyO6,2.025834452699174
PrLaNbDyO6,2.0272480563195225
PrTlNbYO6,2.085556928081951
PrYbNbDyO6,2.0955031498128616
PrAgIrNbO6,2.0206659877879054
PrSmTiNdO6,2.086939771999476
PrSmFeCaO6,2.063584774761648
PrTmFeAgO6,2.006397262072403
PrSbBCrO6,2.0247018913712904
PrCrSiTiO6,2.0926700375841114
PrLiSiAuO6,2.073693768109214
PrSmSnTmO6,2.001779348412157
PrCaVLiO6,2.079346433015423
PrCaTcVO6,2.0998665388992652
PrCaVTaO6,2.0458712573999316
PrTmVDyO6,2.0583159951574097
PrTmVAgO6,2.0124305091529475
PrYbVAgO6,2.0889799644097793
PrAgIrVO6,2.003885844242978
PrCaSeLuO6,2.0688050663847606
PrCaCoTmO6,2.017672308360327
PrTlCoAgO6,2.010955534845672
TlPrZrCdO6,2.0056970596880106
PrYbAuCdO6,2.0214340758131346
PrInMoCdO6,2.056357328512373
TlPrTcCuO6,2.0324222760374333
PrLuCuYbO6,2.0556549234789534
PrYbMoLiO6,2.005933078088773
PrDyTcAgO6,2.037442916227911
ErPtAsZnO6,2.007823379078578
PtNiVZnO6,2.0396287782265126
PtCuAuZnO6,2.004199987004221
PtTiBAuO6,2.0075652841706346
ScPtTcVO6,2.090599873108367
ScPtIrVO6,2.0773734653542295
SbPtTcVO6,2.0143502789869077
PtCoAuVO6,2.0328507656690395
PtCuAsVO6,2.070477416851056
PtCuAuVO6,2.0489369642321464
TaPtAlVO6,2.0025017445604045
PmPbTePdO6,2.036892134544536
PbMnTePdO6,2.0972311042154335
PbMnTcPdO6,2.0501301417218887
PbNbFePdO6,2.019420331543073
NdPbTcPdO6,2.0347320970612577
SmPbAlPdO6,2.097103015633501
PbCsPdDyO6,2.0608552194752066
PbCsPdAgO6,2.089589169039798
PbCrTcPdO6,2.0849569386152482
PbLiTcPdO6,2.0959896237004596
PbTlPdTbO6,2.040820136078186
PbTbPdDyO6,2.000051069109984
PbNaTcHoO6,2.043673432917453
NdPbAuHoO6,2.0507150269283025
SmPbIrHoO6,2.071564102409819
LaPbTeHoO6,2.077489739045507
PbYbAuHoO6,2.0849111953761477
PbSrHfYbO6,2.0617756981760946
PbErVHgO6,2.049557082552643
SmPbAlHgO6,2.0567525853270454
PbZrMoHgO6,2.0176765568256476
NdPbCrMgO6,2.006632287024593
PbTmTaMgO6,2.050020843442779
PbNaSeMnO6,2.039325339854558
PbNaTiMnO6,2.064010467914601
PbNaIrMnO6,2.0614837879272563
NdPbTiMnO6,2.061674491938563
PbNdMnDyO6,2.013532598621424
PbSmMnAgO6,2.0349748184329117
PbNaWFeO6,2.0147508920284585
PbNaWTaO6,2.0985475980796244
PbNiAuZnO6,2.0754605585889494
PbNbVZnO6,2.047222408642994
PbCrAsZnO6,2.0249999974581705
LaPbAsZnO6,2.031099066144584
PbYbAuZnO6,2.071561465249234
NdPbTcErO6,2.023363747552899
SrPbAsErO6,2.0552411983150014
SmPbVErO6,2.0741651204449454
PbSmNiCaO6,2.0299492004969735
SmPbTcNiO6,2.060282060595413
SmPbSeNaO6,2.070307608806535
SmPbCdNaO6,2.091268024674849
SmPbTaNaO6,2.012244244440481
SmPbMoNaO6,2.0104869929690086
PbNdNbTmO6,2.070620636463711
SrPbVNbO6,2.07063169892194
PbSrNbAgO6,2.0235977376147822
PbSmNbAgO6,2.0629763278731095
PbCaAsNbO6,2.012279813074018
PbYNbAgO6,2.0008338586053
PbSmFeTmO6,2.032394313930869
PbSbFeLiO6,2.051673402075819
PbLiTcFeO6,2.0719079116659147
PbTlFeDyO6,2.0395480060366635
PbSmBCrO6,2.02219271031909
PbSmBDyO6,2.0365970817484818
PbScSiAuO6,2.0962535619751272
PbTaSiAuO6,2.019754393925976
PbAgSiAuO6,2.0466435250536485
PbCoAlVO6,2.0801688344789864
PbCuIrVO6,2.022840929159322
PbLaVTiO6,2.072846615504691
LaPbAsVO6,2.0389672623578945
PbLiTcVO6,2.001996444001699
PbTlVTbO6,2.074359694346422
PbDyAsScO6,2.089088824296295
PbAgAsScO6,2.055274600444284
PbTmSbAgO6,2.032666107390375
PbTlSeTiO6,2.0925945090301092
PbYSeAgO6,2.02832011170757
PbYbAuCdO6,2.015769906390759
PbYbInCdO6,2.0599981297426573
TlPbTiTmO6,2.078131668291684
PbTbCrDyO6,2.0757985199280338
PbDyAsLiO6,2.073254795290618
PbAgAuLiO6,2.0148319747995025
PbAgMoTaO6,2.075816651701792
PdFeTiMnO6,2.0595847131227973
SmPdAsMnO6,2.029743667760257
TaPdAsMnO6,2.0825912437111938
PdNaWFeO6,2.043143038753617
PdSrWCrO6,2.05488990577264
EuPdIrZnO6,2.0160386907539034
PdFeBZnO6,2.0404115553636233
PdFeTcZnO6,2.0870839926405913
ScPdIrZnO6,2.00171630788881
PdCuAlZnO6,2.0044470796720644
TbPdAsZnO6,2.0369978148897103
YbPdIrZnO6,2.0987497671867925
DyPdAsZnO6,2.073687148885118
PdCuTcNiO6,2.038437065388992
SmPdTiFeO6,2.043743338537701
ScPdCoVO6,2.063893373659817
ScPdTcVO6,2.0601331324265297
SbPdTcVO6,2.073375830832966
PdCrAlVO6,2.0608127939285543
YbPdAsTiO6,2.097636554366389
PmSmZrHoO6,2.0142299172792395
PmDyHfAgO6,2.002099594641168
PmEuSnHgO6,2.09624733059968
PmSmCrHgO6,2.088879898586902
PmLuAsHgO6,2.0108674199280467
PmEuNbMgO6,2.0416623568259813
PmNdAuMgO6,2.0591199418092354
PmScTeMgO6,2.0917662777687704
PmTmWLiO6,2.0726896337017626
PmTmWTbO6,2.040060476075242
PmSbNiTiO6,2.015580764540481
PmSmTaNaO6,2.0779290782395137
PmYMoNaO6,2.0564184220212165
PmNdTaNbO6,2.007046119715425
PmNdNbAgO6,2.0868224300314857
PmCeNbDyO6,2.030527415243284
PmTmNbTbO6,2.067216173219078
PmTbNbAgO6,2.0190640001962583
PmSmTaNdO6,2.0314853603049854
PmSmMoNdO6,2.0594305604714256
TlPmMoNdO6,2.010787242200272
PmSmFeTmO6,2.0675091587832464
PmTmFeYbO6,2.073717467342089
PmSmSiTaO6,2.0677736357908723
PmTbSiYbO6,2.071459582065792
PmScVCdO6,2.0972338309919882
PmTmVDyO6,2.057308238815745
PmCrSeTiO6,2.0884495826498752
PmCeTcCaO6,2.007065948332203
TlPmTiCaO6,2.008147180517903
TlPmTbCaO6,2.075240404511203
LaPmTiCdO6,2.049430920944582
PmAgMoCdO6,2.0898608917573456
TlPmTiTmO6,2.0028374466095396
PmYbAuTmO6,2.042865430566566
PmLuCrDyO6,2.0049570633437557
PmTiTeCrO6,2.075498901918048
PmDyCrAgO6,2.0995288829589747
PmYbZrLuO6,2.057200528625305
PmDyTaAgO6,2.0263072087314855
HoNdHfYbO6,2.0962566241689284
HoCaHfYbO6,2.0425765818910984
EuHoNbHgO6,2.077364068602088
EuHoTaHgO6,2.0088104220516296
SmHoCoHgO6,2.0133954253869275
SmHoTeHgO6,2.093504950139885
HoTmMoHgO6,2.077036180162914
TlHoTcHgO6,2.008758516585833
HoAgAsHgO6,2.055044402212398
HoCdCrMgO6,2.0375716323968334
EuHoSeMnO6,2.005883960647726
NdHoTeMnO6,2.029527198197258
HoCaMnTbO6,2.05376734095154
HoCaMnYbO6,2.0061288237341337
HoCaMnDyO6,2.0592748120977857
HoEuWTbO6,2.0608646678041382
HoNaWScO6,2.095213229952614
HoSrWTmO6,2.069772154890276
HoSmWYbO6,2.016442270752648
HoCsWTaO6,2.076391712766976
HoTlWDyO6,2.0287994561947587
HoNiTcZnO6,2.084341124379231
HoVIrZnO6,2.098928735731801
HoYbMoErO6,2.097030726931826
HoTlNbDyO6,2.0045058466756975
HoCeSiYbO6,2.0578270323194467
HoTlSnYbO6,2.028398690531146
HoTlVYbO6,2.0730622007047343
HoCsSbYbO6,2.023501177520267
HoYbSeDyO6,2.024631910045477
HoTmTiCdO6,2.089025825116661
HoTmIrCdO6,2.0069632379509685
HoAgAuCdO6,2.0288724406771896
LaHoIrTmO6,2.040460058934106
LaHoMoTmO6,2.028988123319824
HfMgTcHgO6,2.078811088140615
HfInMoHgO6,2.0260913655848904
HfErWLiO6,2.0548203625180617
HfNbAsZnO6,2.0183028300944907
HfCoTcNiO6,2.0181761213713156
HfCrTiFeO6,2.0639020306022653
HfSbSiLiO6,2.0571776731604166
HfTiAlVO6,2.0629673159343214
HfCeCoLiO6,2.015280158413102
HfLiTeCrO6,2.0011279050631763
HfLiAsCrO6,2.035742385464091
SmHgTiMnO6,2.0070085156970983
HgCsVTiO6,2.092255124436264
LuMgTcMnO6,2.0464584060503395
ErMgAsZnO6,2.0895603422689843
LuMgAuZnO6,2.027513984847612
MnFeWCrO6,2.0103452125243724
MnLiWTiO6,2.0944950023679874
NbMnIrZnO6,2.0817311465496826
SmMnVZnO6,2.0543644927839475
MnCrTcZnO6,2.026289280564624
MnCuAsZnO6,2.0787907801027443
MnFeNiCrO6,2.0909314019010075
MnCdNiTiO6,2.052931890855526
MnCrTcNiO6,2.0749937834886882
LuMnTiFeO6,2.0509738802545217
MnTiIrFeO6,2.0943984352434395
MnTiAsFeO6,2.065929925785868
MnSmBVO6,2.043441490546405
MnLaBTiO6,2.0779356310598396
MnLuBTiO6,2.052474856566189
MnScSiCrO6,2.0821138427699917
ScMnTcVO6,2.09720306264949
MnCaVTiO6,2.079588914327781
MnDySeAuO6,2.0933582696935593
MnCrCoTiO6,2.0471127135165172
MnTiAuCoO6,2.031279908259383
WNiIrZnO6,2.0350709994929965
WCuIrZnO6,2.0496063403680376
WCuAsZnO6,2.0988956853532885
WCuTcNiO6,2.082290334134076
WLiSiIrO6,2.0918458912939415
EuSmAuErO6,2.0291535817893736
EuLaNiYbO6,2.055244701763249
EuSrNbScO6,2.0968882894254137
EuTmNbDyO6,2.0099313902350255
EuCsNbTbO6,2.030865837746362
EuTlNbDyO6,2.040689995727167
EuYNbAgO6,2.080206705369504
LaEuTeNdO6,2.0180057306519905
LaEuMoNdO6,2.0202872222955617
TlEuTcNdO6,2.0746558623685796
EuTmSiTaO6,2.0093691046125057
EuCaVYO6,2.006208925360752
EuTmVLiO6,2.0205703252524354
EuDyZrScO6,2.0256100248160926
EuTmSeTbO6,2.047774615829645
EuYbSeDyO6,2.0450498033977116
LaEuTcCeO6,2.0261217381284413
LaEuMoCeO6,2.001510927242945
EuTmTaCdO6,2.0682512030994653
EuTmAuCdO6,2.0930722786372375
EuLuTiCdO6,2.0555183588619377
EuLuTeCdO6,2.004353936667851
EuLuMoTmO6,2.00698344390649
EuTlCrYbO6,2.0534737348511265
EuYAuLiO6,2.0309052930252958
EuYbIrTbO6,2.0920197385095447
EuYIrYbO6,2.0568779397250094
ErSmNbTmO6,2.07371188157228
ErSmNbYbO6,2.0330673386532205
ErLuNbAgO6,2.0818725957628987
ErTmTiFeO6,2.0745350158330487
ErSmSiYbO6,2.0424599590141015
ErCaSiDyO6,2.098079732138234
ErTmVDyO6,2.092535947083432
TlErTcVO6,2.048404249520176
ErTlVAgO6,2.0533132356858363
ErYbSbDyO6,2.0118305887712937
ErCaSeTmO6,2.0899545126263055
ErTmSeTbO6,2.0826424186160755
ErTlCrInO6,2.0068206130391846
TlErTaLiO6,2.05609568337701
ErTbTeYbO6,2.039420981969427
NiTmSiAuO6,2.044687763825471
CrNiIrVO6,2.0417804101527715
NbCsSiCrO6,2.042731263663772
NbCoTcVO6,2.0878871141761404
NbCoIrVO6,2.0814046638517443
NbTiTcVO6,2.017825866509242
NbCeCoLiO6,2.0116292162215443
NbLiCoTiO6,2.0282904347301436
NbLiAsCrO6,2.0185582726138214
ZrNbMoLiO6,2.030995695383181
NdLiAsVO6,2.012718640074135
NdTlVTbO6,2.0992986775231897
NdYVAgO6,2.097328743765052
NdCaMoScO6,2.0121568799814975
NdCaSbLuO6,2.0092835547076024
LaNdIrCdO6,2.0102620839787417
NdAgAsCdO6,2.0195836474345352
LaNdZrTmO6,2.0491776814909977
NdYbAsTmO6,2.053465031789189
TlNdTcCrO6,2.0114935267861043
TlNdAuLiO6,2.037237141187019
NdYbTeDyO6,2.013453711514812
FeSmBCrO6,2.0646386815791313
SrYbAuScO6,2.010651111961758
SnLiSeIrO6,2.000821367376486
SnTlSeMoO6,2.000791655260031
SnTmCoTiO6,2.012209232687185
SmScVLiO6,2.0681665323575245
SmScTcVO6,2.0349735327445386
SmSbVLiO6,2.0941700773200687
SmCuTcVO6,2.0202451471844083
SmLaVLiO6,2.021400078553907
TlSmTcVO6,2.0947156540527065
SmTlVDyO6,2.0647033714704293
SmYbVDyO6,2.0409282667933897
SmYbMoScO6,2.075579574368251
SmCaSeAgO6,2.0223864941795466
LaSmTiCeO6,2.042630765401443
SmTmTiCdO6,2.093539831159823
SmLuAlCdO6,2.0144179306760654
SmTbAsCdO6,2.089365627963536
SmDyZrCdO6,2.0486226349090115
SmAgAlCdO6,2.0996072834054216
SmAgAuCdO6,2.000369204287815
LaSmZrTmO6,2.0730851006567343
TlSmTeTmO6,2.0372515703689515
SmTbCrDyO6,2.07738596773737
SmTbCrAgO6,2.0757549130276507
TlSmAsLiO6,2.0746816989684316
SmTaMoLiO6,2.0068858791842397
SmYbIrLiO6,2.0643551000726363
SmYbTiDyO6,2.075412554886324
SmYbTiDyO6,2.093831518070013
SmDyAlTiO6,2.031999214944322
SmYbTaDyO6,2.02383473857507
SmAgTaInO6,2.094954614351192
ScTmCoAgO6,2.0884803456781285
TbScAuCdO6,2.097930666874792
ScAgMoCdO6,2.0079906800428766
ScAgTaInO6,2.0861388965657723
SbTiTeCrO6,2.0852333326499495
InSbMoLiO6,2.0546553253615327
CaYbMoTmO6,2.067988309290806
CaTlCrZrO6,2.013694424893557
CaYbAsCrO6,2.0110260594058937
CeLuTaTmO6,2.0620646135772875
CeTbIrTmO6,2.0639816234357578
CeTbTcLiO6,2.0924698107884994
CeYAuDyO6,2.0403243156175432
TmYbTaDyO6,2.0127830979566106
TmDyTaAgO6,2.0064675335695425
TmDyTaInO6,2.019137710369086
YTmMoYbO6,2.0746843382265583
LaDyMoLiO6,2.024330605133965
LaAgMoLiO6,2.0275668081456777
LaInMoLiO6,2.0031747267808693
DyLiAsTiO6,2.0301313544373323
TlYbAsTiO6,2.000517330132082
TlYbTcDyO6,2.0714361606803715
TlYbTcDyO6,2.011002857721318
YLuIrDyO6,2.033691126067033
YLuMoDyO6,2.0417894727784103
TbDyTaAgO6,2.0098470562920374
PbCaRuBiO6,2.0689919980649454
SrTmRuBiO6,2.0078564730660005
PmNdRuGdO6,2.027015469016288
TmCsRuHfO6,2.057586594002545
EuLaRuHgO6,2.0703200412185354
SmYbRuHgO6,2.0833212963071017
ScTmRuHgO6,2.046120141694503
LuDyRuHgO6,2.023393118376116
EuInRuMgO6,2.014491095342344
ErTlRuMgO6,2.018655597168787
SmTlRuMgO6,2.0091598997673814
LaAgRuMgO6,2.036786825899495
FeTiRuMnO6,2.0524310442509317
SnTbRuMnO6,2.026166168099879
NiNdRuZnO6,2.061219871119542
NiCuRuZnO6,2.0724141125310718
NiLuRuZnO6,2.0257386974999676
NdCoRuZnO6,2.067672351537567
FeVRuZnO6,2.034403404085602
FeAuRuZnO6,2.0543864559488654
SmCuRuZnO6,2.0653993157667707
ScTlRuZnO6,2.044976697986291
ScAuRuZnO6,2.0288539559218797
SbAuRuZnO6,2.0101721677722018
CeLaRuEuO6,2.0270367082184872
CaYbRuNbO6,2.094586024166653
CeAuRuVO6,2.068513355551805
LaAgRuVO6,2.0031111639661776
TmAgRuScO6,2.073663003452989
TbYbRuCdO6,2.093482823729884
TbAgRuCdO6,2.0733254149253475
DyAgRuCdO6,2.0735729499471325
LaTlRuTmO6,2.02306969277855
LuDyRuTmO6,2.0611793155538694
LuAuRuCuO6,2.0233786100207296
PtAuRhReO6,2.059423719278487
PrEuReBiO6,2.0100040130695103
PrAgReBiO6,2.0942322885871634
PmEuReBiO6,2.064204722632767
PbSrReGdO6,2.0689547518871683
PmTlRePrO6,2.0429930162374994
LaTlRePrO6,2.010728919493728
EuSmRePbO6,2.0524511427895233
SmCsRePbO6,2.0859250263659717
SmLaRePbO6,2.061677083716846
PmMnRePdO6,2.0291991240082083
PmFeRePdO6,2.0575079055779155
PmAgRePdO6,2.0346527097057208
MnNdRePdO6,2.0098798061973295
MnCrRePdO6,2.035895211682239
SbAgRePdO6,2.092520991065754
TmCrRePdO6,2.093086115278066
CrAgRePdO6,2.0810534517095625
TiAgRePdO6,2.0955788193935656
ErYbReHoO6,2.073694651987893
TlYbReHoO6,2.0823485851309447
EuTlReHgO6,2.0955496705512666
EuLuReHgO6,2.0090659449031825
SmLuReHgO6,2.0496187732739544
ScInReHgO6,2.00641331306049
SmYbReMgO6,2.0758798987278433
LaAgReMgO6,2.0086910380389464
YAgReMgO6,2.0052670991333637
CrAgReMnO6,2.0675842606749546
TiYbReMnO6,2.032415948527776
TmYbReErO6,2.060333674922946
NdCeReNaO6,2.024197370903126
SmCsReFeO6,2.0669555837785936
TmAgReFeO6,2.0442815751312695
CrAgReFeO6,2.0578600267451495
TaAgReFeO6,2.046274280662244
TaAgReFeO6,2.0018176837921784
CdAuVReO6,2.081683833945544
LuAgReSbO6,2.076643662092305
TaAgReSbO6,2.0476936993645345
TaYReLiO6,2.0694667698697167
DyInReTiO6,2.022986266579419
GdNaRhBiO6,2.091855810879007
PrNaRhBiO6,2.0069321873159236
PbTmRhBiO6,2.0293379322118517
PbTlRhBiO6,2.09243017945461
HoTlRhBiO6,2.0558703745014304
TmNiGeRhO6,2.0316502149590057
NiAuGeRhO6,2.0004039869466497
SbCrGeRhO6,2.024038149533366
PbCsRhGdO6,2.0094827625960994
PbTlRhGdO6,2.0824896916364035
PmNaRhGdO6,2.0266981347093997
SrCaRhGdO6,2.0242649035184623
EuTlRhPrO6,2.0805547035749896
SmLaRhPbO6,2.0729548410606413
SrCsRhPdO6,2.016144063128145
EuLuRhHgO6,2.028784505793662
ErTbRhHgO6,2.073468826913861
SmTmRhHgO6,2.0398960890651434
SmYbRhHgO6,2.0350729667031042
SmAgRhHgO6,2.0089963270768765
TmYRhHgO6,2.0107293715430252
TmTlRhMgO6,2.0620294308254956
NdAgRhMnO6,2.0593605810344284
SmTlRhMnO6,2.0700485421787165
SmInRhMnO6,2.0510651644242137
TmAgRhMnO6,2.06772613535835
LuAgRhMnO6,2.04853107357949
CoAuWRhO6,2.0359339106856518
TmAgWRhO6,2.012312743216965
SmCaRhNaO6,2.0037502298140577
SnLiRhNbO6,2.0808175981744994
SmCdRhNbO6,2.041683873451119
SmAgRhNbO6,2.019559227150403
TmTlRhFeO6,2.06921833571767
CaAuVRhO6,2.0652398507870284
YbDyRhScO6,2.045327945543499
CeLaRhCaO6,2.0048441260827468
LaTbRhTmO6,2.044932066829842
TbYbRhLiO6,2.0392571330077875
CrTaBePdO6,2.0250010125770292
SmAlBBeO6,2.0443821291563355
CeTbBBeO6,2.0224489412673297
CeDyBBeO6,2.065155885214974
AuZrBeCuO6,2.0961995411941348
EuSmOsBiO6,2.0388360763881606
SmCaOsBiO6,2.0839767508704523
EuNdBiGdO6,2.0304841148613613
SrPbPtBiO6,2.0077364288191544
PmCaPtBiO6,2.074583188750903
LaEuPdBiO6,2.0929121677390956
LaYbPdBiO6,2.0997686589249946
NdCsBiHoO6,2.0825685377004
SrCaBiHoO6,2.0302130023717746
TmDyBiHoO6,2.0907424231442873
TmAgHfBiO6,2.0829580516295536
TlEuMnBiO6,2.050171656178062
NdTmMnBiO6,2.093322457174081
SmTlBiEuO6,2.063681142232417
NdCaBiErO6,2.0914307907724727
TmDyNbBiO6,2.07772058415565
LaDyNbBiO6,2.0003037470230143
DyAgNbBiO6,2.0112622384107155
TlSmSnBiO6,2.0058711089768946
LuAgVBiO6,2.0880883769204033
TmYbCoBiO6,2.052941355385499
LuYbBiTmO6,2.020828691428838
YbDyCrBiO6,2.0649387175045653
YbDyTaBiO6,2.038241288950453
NdSrOsGdO6,2.098706636728951
LaTlOsGdO6,2.015294377212726
NdTlOsPrO6,2.06650883496096
EuTlOsPmO6,2.0736390165729186
NdCsOsPmO6,2.0863214970140604
EuTmOsHoO6,2.045960433934005
EuNdOsHgO6,2.0694389791453136
NdAgOsHgO6,2.041084163790804
TlInOsHgO6,2.0519679429553284
TbYbOsHgO6,2.0312048415865007
TbDyOsHgO6,2.080625297472921
YbYOsHgO6,2.0172522961096178
NbLiOsMnO6,2.0503289317077145
TmAgOsMnO6,2.067488647454886
EuNiOsZnO6,2.022198840162015
EuYbOsZnO6,2.042839552619715
EuAgOsZnO6,2.0069419675799636
NiTmOsZnO6,2.0822145539750734
NbSbOsZnO6,2.0339658402629457
FeSrOsZnO6,2.02645988443497
FeCuOsZnO6,2.0235461463391666
FeDyOsZnO6,2.086380272616
VCoOsZnO6,2.0752055637615405
VCuOsZnO6,2.0374586535359183
VAgOsZnO6,2.0096304031483396
ScYbOsZnO6,2.0672640362346506
SbYbOsZnO6,2.0028908955089912
SbAuOsZnO6,2.02206042388316
LaTaOsZnO6,2.097502027201413
LaYbOsZnO6,2.0094105135173304
LaAuOsZnO6,2.0495796821679977
LaTlOsEuO6,2.0890413390776987
SnCsOsFeO6,2.0142663292974996
CaTlOsVO6,2.0590675198103265
CrAgOsCoO6,2.0290166147281243
PrNaGeGdO6,2.067357224015264
HfEuGePdO6,2.0672978685502224
HfSbGePdO6,2.0416244692832377
HfAgGePdO6,2.019991261434645
HfAgGePdO6,2.0702132366993844
NbTmGePdO6,2.095140687509597
NbYbGePdO6,2.055645648709332
FeCrGePdO6,2.078225302266391
FeLaGePdO6,2.0631011922686207
FeAgGePdO6,2.0854792758079794
SnTmGePdO6,2.007005023979747
SmYbGePdO6,2.066280648914634
SmAgGePdO6,2.062741858761642
CrTiGePdO6,2.0178099907537868
TlDyGePdO6,2.0479867819331274
TiDyGePdO6,2.0829002720043968
YbInGePdO6,2.0178746213889647
ErDyGeHgO6,2.0805205351370324
SmTlGeHgO6,2.088229255722834
SmDyGeHgO6,2.0871110121286924
NdDyGeMgO6,2.045913281022191
TmLaGeMgO6,2.050983318232173
NdSbGeMnO6,2.06876964456132
NdYbGeMnO6,2.0094575505337526
FeCaGeMnO6,2.0449592895716964
CrInGeMnO6,2.023100262645036
NbCuGeZnO6,2.019862118241408
VCoGeZnO6,2.021368822417704
CuTiGeZnO6,2.081857146551597
NdYbGeErO6,2.0745434662250157
NdDyGeErO6,2.0541874688632107
SmCaGeErO6,2.0215681561970924
SmCsGeNdO6,2.0846569164888744
SmCsGeFeO6,2.0663306865670044
SbTmGeFeO6,2.0495703036998343
SbTiGeFeO6,2.0798098537127268
LaInGeFeO6,2.090302702320234
TmAuGeVO6,2.026257076017459
CrAgGeVO6,2.0472428606995323
TiIrGeVO6,2.0665584019959655
TmAgGeCdO6,2.020467450230317
TbYbGeLuO6,2.094742874028074
TbDyGeTiO6,2.085417615908635
EuNdPtGdO6,2.0669196922431254
SmCaMnGdO6,2.005895418339096
EuNdWGdO6,2.0876676125508014
NdSmWGdO6,2.0422460810904965
LaCaSnGdO6,2.0448866304741964
TlCaSnGdO6,2.0832113907764174
SnDyGaPtO6,2.055170488100309
MnSmGaPdO6,2.020189908662379
MnYbGaPdO6,2.016423076067717
NbSbGaPdO6,2.075603681780773
SmLaGaPdO6,2.085847208570103
SmLuGaHgO6,2.0079891683095763
TbYGaHgO6,2.0962860947247144
SmAgGaMgO6,2.0664204150372476
FeSmGaZnO6,2.0839991479419813
SnLuGaZnO6,2.090313469181528
SbCuGaVO6,2.016039171230581
TcIrGaVO6,2.021377577473481
TlNdPtPrO6,2.034228833029472
EuSmPdPrO6,2.0357213966809833
EuTbPtHgO6,2.0520501447193626
NdCaPtHgO6,2.0562039583549296
EuSmPtMgO6,2.040323835302309
EuYPtMgO6,2.007665141126897
ErTmPtMgO6,2.0526904306189477
SmScPtMgO6,2.095935981755001
EuSrPtMnO6,2.0566921210950087
FeSrPtMnO6,2.015229216920133
FeLiPtMnO6,2.013328410052903
FeAgPtMnO6,2.054506875986973
SrTlPtMnO6,2.0657445902245306
SrYbPtMnO6,2.014183948510603
SmTmPtMnO6,2.074362340121238
SmLuPtMnO6,2.097085001532938
SbAgPtMnO6,2.0060142032165498
CrAgPtMnO6,2.0663584567117983
LaYbPtMnO6,2.093303864658392
LuTbPtMnO6,2.0710157669229545
SmCsPtEuO6,2.0638504367991244
TeIrBPtO6,2.000510747720755
TmInSiPtO6,2.02245713517631
AgCrSiPtO6,2.0941284266916553
ScInVPtO6,2.0414347791325413
CrCoVPtO6,2.0106715972510045
CrCuVPtO6,2.0202376368194352
LuYbPtTmO6,2.0534503577910628
TlTaPtLiO6,2.0404621336441084
YbMoPtLiO6,2.066750308272248
ZrInPtLiO6,2.0413878709739537
TlSmHfPbO6,2.0090743639089195
SmLaPbEuO6,2.0663720656037268
LaTlPbSmO6,2.0122372055912505
ErSrPdHoO6,2.0279298292739267
ErTmPdHoO6,2.0146505611270205
SmInPdHgO6,2.0201199548629245
CeDyPdHgO6,2.0678032649774694
TmDyPdHgO6,2.0062366340442277
ScAgPdMgO6,2.014004681130806
EuCrMnPdO6,2.0814952795705084
ErNbMnPdO6,2.018837397800399
NbFeMnPdO6,2.042336033544106
LuFeMnPdO6,2.008635895272159
TaFeMnPdO6,2.0151415992817863
SnCrMnPdO6,2.010537959457502
SnTiMnPdO6,2.000919642619987
SmCaMnPdO6,2.04178259076361
SmCrMnPdO6,2.019608276469356
ScSbMnPdO6,2.0459722795878514
SbTaMnPdO6,2.0426765975215613
TlCaMnPdO6,2.078645056904396
CrTiMnPdO6,2.0991967970864094
CrTiMnPdO6,2.0777645801724094
TbCrMnPdO6,2.057917325302067
LuTiMnPdO6,2.099180637869222
LuMoMnPdO6,2.0389776019356383
YAgMnPdO6,2.016458933496545
NbTaZnPdO6,2.0774553926723085
NdSmPdErO6,2.04038484584005
LuYbPdErO6,2.013499730659409
SnTaNiPdO6,2.09104459838699
LaInNiPdO6,2.0099060692342734
SnAgPdNbO6,2.0234184254747833
ScAgPdNbO6,2.0464123291300877
SnLiFePdO6,2.0823289616588365
ScInFePdO6,2.0557588787068606
SbMoFePdO6,2.0558428102119617
TmAgFePdO6,2.028511952694565
LaTlFePdO6,2.02114526570245
SmCrBPdO6,2.0886355357003215
MoCrBPdO6,2.0511683177050015
SmAgSiPdO6,2.069383006283002
CeScSiPdO6,2.014937215295793
TbCdSiPdO6,2.0217438640671217
TbCrSiPdO6,2.066728768759476
TaCrSiPdO6,2.094216581298704
MoCrSiPdO6,2.097261027169673
LuInSiPdO6,2.029019266708165
TbInVPdO6,2.016359629201459
TbInSePdO6,2.0023507624345314
AgMoCoPdO6,2.0942448472618156
YbAgPdCdO6,2.021880825472987
TbYbCrPdO6,2.098815976887126
TbYbPdLiO6,2.051307070214165
TlEuMnPmO6,2.0956264969092167
SrNdWPmO6,2.0622074859289623
TlSmNbPmO6,2.016154698842553
TmYbMnHoO6,2.017188172640379
EuNdWHoO6,2.082443924768726
NdSmWHoO6,2.024051126308266
TmYbNiHoO6,2.0413535612197817
LuYbFeHoO6,2.06833160442643
LaTmVHoO6,2.0545341494868907
YbDyVHoO6,2.0018484912398296
TbYbSeHoO6,2.099713100400558
TlTmCoHoO6,2.0298763543294687
YYbTiHoO6,2.0006117993449695
YYbTeHoO6,2.068611878883042
YYbTcHoO6,2.054061570981043
SmAgNbHfO6,2.0613588452611595
ErLuMnHgO6,2.0162579104702996
YScMnHgO6,2.0753873296710803
ScAgMnHgO6,2.047670902532087
TbAgMnHgO6,2.033228683668431
EuSmWHgO6,2.076200414966618
EuYbWHgO6,2.0642457728936914
EuInWHgO6,2.0973886704629088
SmScWHgO6,2.0726384221992356
SmTmWHgO6,2.014121299896126
SmAgWHgO6,2.0197050410988644
TlTmWHgO6,2.060026585314301
TlInWHgO6,2.0063689481058935
LuDyWHgO6,2.098279119059545
SmZrZnHgO6,2.0958752395903364
SmLuNiHgO6,2.013998919193688
SmAgNiHgO6,2.094466082592519
NdSmNbHgO6,2.089816381383689
SmAgNbHgO6,2.0599833589465244
TlTmNbHgO6,2.0296105839701593
TmInNbHgO6,2.081985590306511
SmScFeHgO6,2.019668334973261
SmCdFeHgO6,2.07231762949568
TmAgFeHgO6,2.0902991723733466
YAgFeHgO6,2.0178907091501794
SmTmSiHgO6,2.061650454078315
SmInSiHgO6,2.0962905012998987
CeDySiHgO6,2.0935186081954296
TmYbSiHgO6,2.0934966240039383
TbScSnHgO6,2.020228023035992
LaYbSnHgO6,2.0594321587431588
YbAgSbHgO6,2.0039995997729076
LaLuSeHgO6,2.074661627834609
DyInSeHgO6,2.028068249182198
TlTmCoHgO6,2.0755652624566503
TmTbCoHgO6,2.0836154617700715
TbYbCoHgO6,2.0385917982118444
TbInCrHgO6,2.084236249022154
TbAgCuHgO6,2.0274123850915498
YbDyTeHgO6,2.0117971308482585
YbDyTaHgO6,2.082645185706379
SmCaMnMgO6,2.0323606330150734
SmCdMnMgO6,2.001537867192969
LaCaMnMgO6,2.057071945894529
CeCdMnMgO6,2.056609562901132
DyInWMgO6,2.0005612267889807
SmLuNiMgO6,2.0547444183689207
SmCeNbMgO6,2.053101509307449
CeYbNbMgO6,2.010127209386577
AgCdNbMgO6,2.095936207300172
TbInNbMgO6,2.077074055839283
YDyNbMgO6,2.0716442438547094
SmCdSnMgO6,2.031760998394645
LaLuSnMgO6,2.0436095085187094
DyScVMgO6,2.0064306090426602
CeYbVMgO6,2.092115228988794
AgCdVMgO6,2.0188956060726455
YbInVMgO6,2.002093884500793
CeAgSbMgO6,2.06578129595168
LaInSeMgO6,2.064097392739795
LaYCrMgO6,2.0898427403325774
TbAgCrMgO6,2.0705333061922957
NbFeWMnO6,2.0304736114582798
NbCrWMnO6,2.076483517461054
SmCrWMnO6,2.015636294504353
SmAgWMnO6,2.0575694723922684
ScCrWMnO6,2.0005796166985252
TmTiWMnO6,2.0882762738931135
AgTiWMnO6,2.0940178095175437
InTiWMnO6,2.090339708186022
SrSmMnEuO6,2.0195396350997394
SmTlMnEuO6,2.037896319324137
LaTlMnEuO6,2.020657542955949
CeTaSiMnO6,2.0514822691908132
TlTbSiMnO6,2.0849399812541143
CaCsMnSnO6,2.0019635819575288
TbLiVMnO6,2.0878988741543214
LaInSeMnO6,2.016311091502613
LaTlMnCdO6,2.0052055164637665
LaYbMnTmO6,2.0243337409251843
LuYbMnTmO6,2.026670926163684
LuTiCrMnO6,2.0205643385523353
ZrTaCrMnO6,2.061339962352791
TlAgMnLiO6,2.0235176459722055
TaInMnLiO6,2.0765117818086742
AgTaTcMnO6,2.012534927253773
NdTlWErO6,2.085850024902861
TlYWNaO6,2.035483904349147
SmTlWFeO6,2.0572087795251695
ScTiWFeO6,2.0071241075653763
SbTmWFeO6,2.03115636845607
SbTlWFeO6,2.040529134697996
SbYbWFeO6,2.0691982992180287
CeTaWFeO6,2.0333060696088228
TmCrWFeO6,2.0806482133441047
CrYbWFeO6,2.0985602573080513
TiInWFeO6,2.0285382074572103
TbAgWFeO6,2.060719364230073
TiAuVWO6,2.0946550250812614
YbAuVWO6,2.079490525882963
CaAgWScO6,2.0396444202020643
TmYbWScO6,2.056462867265137
TeIrBZnO6,2.083103382347807
SnCoSiZnO6,2.0517891096688703
SmVSiZnO6,2.080005656465452
TaCuSiZnO6,2.0034930211043074
CoCuVZnO6,2.090495112225325
LuCoVZnO6,2.0878391745381033
TmCrVZnO6,2.050107408329668
TmAgVZnO6,2.0371062081333657
TaCuVZnO6,2.007679332955205
YCuVZnO6,2.0514199579737102
AgCuVZnO6,2.0864179198563426
ZrTiVZnO6,2.082116166594523
TbAgVZnO6,2.09052682519941
YbTaVZnO6,2.0847024030649766
InCrSeZnO6,2.001904400023915
MoCuSeZnO6,2.000489137293928
TlYSeZnO6,2.0921455004546985
DyTiSeZnO6,2.0770031101184205
ZrTiSeZnO6,2.0611007391944347
YYbTcZnO6,2.0363569400415105
AgMoTcZnO6,2.0919282408567863
ZrInAuZnO6,2.0273684260919924
TlSmNbEuO6,2.0032011312231464
LaSmFeEuO6,2.082058640683395
YTmNbErO6,2.067037667913235
TbDyFeErO6,2.0291876006019094
TbDyCrErO6,2.018865440438993
CoAuVNiO6,2.0934963508857902
TeCuVNiO6,2.083526930731872
AgCuVNiO6,2.0623820688454964
YbYNiTmO6,2.0186674272526117
TeDyNiTiO6,2.0576179725574084
IrAuTcNiO6,2.015521768432622
CeYSiNaO6,2.08383660932552
CeLaNbSmO6,2.037101340148878
CdLiSbNbO6,2.0961962415681064
AgLiSbNbO6,2.015579498804598
TbDyNbCdO6,2.0538082758500984
TlLuNbTmO6,2.0265476499355795
TlYbNbTmO6,2.0650681033106575
LuDyNbTmO6,2.0398038342586746
YbDyNbTmO6,2.0040626874108898
TlYbCrNbO6,2.0177959812002273
YbDyNbLuO6,2.0005587839802494
YDyTeNbO6,2.008535022353447
LaTlSiNdO6,2.052584707464117
DyScSiFeO6,2.0873404331742265
DyInSiFeO6,2.055439049688788
TlScVFeO6,2.0984891088002127
AgCrVFeO6,2.050909711990447
TmYbFeScO6,2.005430653724797
CrAuBVO6,2.0516481362591255
TbTaBVO6,2.0658054834235284
TcTaBVO6,2.036930365032121
TiAgBCrO6,2.0671710074958973
CrTlSiVO6,2.0389172343579123
TiAgSiCoO6,2.0153450673969138
TcDySiCoO6,2.0287461637826802
TaYbSiLiO6,2.013874734414254
LaYbSnTmO6,2.033109827211961
LaTlCeSmO6,2.034178718598417
YbDyVScO6,2.0602755891687172
CrAuCoVO6,2.097375964924023
CuAuCoVO6,2.035505567621649
MoCuCoVO6,2.0959293476718077
MoCuCoVO6,2.052543805751052
TeAuCoVO6,2.0921755720342907
ZrTaCoVO6,2.070243736985616
TbMoVLiO6,2.0414709862200158
DyInVLiO6,2.0315083480066396
YbAgVTiO6,2.021357187135155
MoAuTcVO6,2.035567759624132
MoAuIrVO6,2.071818774630036
TbAgSbScO6,2.020500504806784
LaDyCrScO6,2.046207190196329
YYbTeScO6,2.0494700365849927
LaDySbTmO6,2.006382638911857
LuDySbTmO6,2.0496665140564705
TbAgSeCdO6,2.088986911633476
LuDySeTmO6,2.035214476530444
TbInCoCrO6,2.05168027378297
TaYbCoLiO6,2.0591861327089047
TaMoCoLiO6,2.085557595630541
TaAgCoTiO6,2.034237181817773
LaYCrCaO6,2.0091925892337765
YDyTaCdO6,2.070830350848823
YAgTaCdO6,2.083075307216374
TbDyCrTmO6,2.0513187337461805
YbDyTiTmO6,2.0316198201007594
TaMoCrLiO6,2.090321370740677
YMoCrLiO6,2.0680347682588907
DyInTeCrO6,2.062730963019943
MoAuTcCuO6,2.0500967793207496
TaMoTiLiO6,2.041340362600047
TbAgTeLiO6,2.0072536676978556
RhKRuVO6,2.0640195914349744
RhMnRuZnO6,2.0283810826951334
BaKRuSmO6,2.0199182444090407
BaSrRuYO6,2.090844016111507
BaTlRuTeO6,2.0995627630500455
BiTmRuAgO6,2.07832826663068
BiYbRuAgO6,2.0275353525836937
GdPrRuCaO6,2.035169907332179
GdNaAsRuO6,2.0985800557791565
GdCaRuDyO6,2.0291728616273796
PrPmRuMgO6,2.0872031456133957
PrHoRuHgO6,2.09832664451624
PrHoRuTmO6,2.091035742230165
PrKRuNdO6,2.0302116301537483
PrKRuLuO6,2.024990092740593
PrNaRuYbO6,2.0166801031582913
PrNdRuYbO6,2.036305287485577
PrCsRuTbO6,2.02966798298927
PbPdRuMnO6,2.06500537754022
PbPdRuZnO6,2.032027424687295
PbPmRuAgO6,2.030783232168949
PbHfRuHgO6,2.03953114463791
PbMgRuLiO6,2.074982691486512
PbKRuNiO6,2.0981423474622884
PbErRuYbO6,2.0174694313131636
PbNaRuTeO6,2.0333077921981455
PbNaRuAgO6,2.0197990464931648
PbSrRuDyO6,2.0243326854711756
PbScRuCdO6,2.063797750590585
PbTmRuCuO6,2.0332891090023075
PdKRuCrO6,2.0088607651163657
PmKRuTaO6,2.081404757871898
PmEuRuYbO6,2.0020566222029337
PmNaRuLuO6,2.062979171531347
PmNdRuCeO6,2.0381284595112343
PmNdRuDyO6,2.020223513600651
PmTlRuAgO6,2.064831141674635
HoEuRuYbO6,2.091198414815916
HoEuRuDyO6,2.0518558983585105
HoNdRuTmO6,2.046190069758364
HoSrRuTmO6,2.0992025224619457
HoSmRuLuO6,2.0486830523765556
HoYbRuDyO6,2.054518038595691
MgKRuNiO6,2.032749219031575
MnNaRuCrO6,2.012216427980937
MnCsRuCrO6,2.091108501859513
MnCsRuCuO6,2.0085421006383823
EuCsRuTaO6,2.0220217134331837
ErTlRuTbO6,2.010798694021672
NbNdRuTaO6,2.0598580181922745
NbLiRuTaO6,2.033885482879684
NdYbRuAuO6,2.0973731736109458
SnCsRuCrO6,2.001881871835243
SmCaRuTmO6,2.0787733870923333
SmTmRuDyO6,2.082345796597147
SmCsRuLuO6,2.0207796947024184
SmCsRuAgO6,2.029182894117666
SmTlRuTeO6,2.0806106097337937
SmYbRuDyO6,2.072724751381621
CaLiRuTaO6,2.013453514554829
TmCsRuInO6,2.008629197080124
CrLiRuTiO6,2.02675893160228
LaYbRuDyO6,2.0408830100350586
BaCuAsReO6,2.093838566033224
BiPdReCrO6,2.032785930341422
BiNaReLiO6,2.0519707157799574
BiSrReLiO6,2.0946753916041745
BiCdReLiO6,2.090620859526922
GdPrReHgO6,2.0192153190206037
GdHoReAgO6,2.065974743225474
GdEuReTmO6,2.040827437735795
GdNdReCaO6,2.0310294717774475
GdNdReTmO6,2.017708578551377
GdTmReDyO6,2.0223550108798656
PrPbReYbO6,2.0017869382192583
PrKReSmO6,2.04392099117607
PrKReSmO6,2.0743714338372645
PrKReTbO6,2.0622065161665044
PrSrReDyO6,2.0542915970887305
PbPdReCrO6,2.0754263918173024
PbKReMnO6,2.0149468372979915
PbEuReLiO6,2.0515886242330024
PbErReAgO6,2.002263972856284
PbSrReYbO6,2.013231233602072
PbScReAgO6,2.0232130392001473
PbSbReLiO6,2.069447975185885
PmEuReYbO6,2.0821958961659943
PmSrReCeO6,2.010728564143267
PmSrReDyO6,2.081065537594517
PmSmReDyO6,2.0270113289981744
HoEuReYbO6,2.072986812405722
HfNaReFeO6,2.0386082435304065
MnSbReCrO6,2.055122615743794
ErCaReTbO6,2.096406873795562
NbCaReCrO6,2.085610783900432
NdSmReTmO6,2.042440358362028
NdSmReDyO6,2.0710562817232936
NdCsReLuO6,2.034421523877293
NdCsReAgO6,2.067896748205376
NdTlReYO6,2.0111610997833766
SmScReLiO6,2.0667272587759036
SmCaReTmO6,2.0777737617014305
SmTmReYbO6,2.009909918611997
SmCsReDyO6,2.032848846297067
SmTlReYO6,2.0415413272659872
SmTbReAgO6,2.039150240527716
SbTmReCrO6,2.070436659607112
CrLiReTiO6,2.001060065916165
TlLuReYbO6,2.009075583537152
TbYbReAgO6,2.035209323061419
BaNaRhCrO6,2.0356794857559706
BaSrRhYbO6,2.0106999394445313
BaTlRhZrO6,2.0023099461125664
BiPdRhMnO6,2.046326376501307
BiHoRhLiO6,2.0478364916249063
BiTmRhAgO6,2.087744302021414
GdPmRhTmO6,2.0143324959136373
GdEuRhDyO6,2.0244942783805424
GdDyRhInO6,2.0264530502111264
PrPbRhTmO6,2.026744190019727
PrHgRhNbO6,2.0319535871173304
PrKRhMnO6,2.0726559986056117
PrEuRhCaO6,2.0801538849045547
PrEuRhYbO6,2.0506866854861223
PrNaRhDyO6,2.062596287118117
PrNdRhCaO6,2.0898694372461732
PrSmRhCaO6,2.048487508779681
PrTmRhAgO6,2.0963725709665058
PrCsRhTbO6,2.0187053454640895
PrCsRhAgO6,2.0009179845038183
PrTlRhLuO6,2.0970852356415772
PbPdRhMnO6,2.045144527935258
PbPmRhDyO6,2.01704259737371
PbHgRhTaO6,2.0134121675202543
PbKRhMnO6,2.081725593097766
PbErRhTmO6,2.0327434066688657
PbNaRhFeO6,2.0324302420594513
PbNaRhCrO6,2.092732515870823
PbNaRhTiO6,2.028845236459599
PbNaIrRhO6,2.0492346354561497
PbSrRhCdO6,2.0821988165774052
PbSrRhTbO6,2.06054177615472
PbCaRhDyO6,2.0926709190287767
PbTmRhTbO6,2.0005516207847225
PbAgAsRhO6,2.009160645139675
PdNaRhFeO6,2.0188628245642377
PdCsRhTiO6,2.0543810192160206
PmKRhNbO6,2.079734937925814
PmEuRhYO6,2.0916143596759826
PmErRhYbO6,2.078592585785451
PmNaRhTmO6,2.074788772853392
PmSmRhAgO6,2.037294399140789
PmCeRhAgO6,2.0031485707180554
HoEuRhTaO6,2.062497012879406
HoLaRhLiO6,2.0207777164005356
HfNaRhInO6,2.065988004909419
EuNdRhTaO6,2.058521998756567
EuSrRhCaO6,2.004718748927216
EuTmRhYbO6,2.0572982223210166
EuTmRhDyO6,2.095330538503109
EuYbRhDyO6,2.02608646390455
ErNdRhYbO6,2.014177745919631
ErCsRhInO6,2.067965097410177
ErLuRhYbO6,2.0321666169685844
NbCsRhTaO6,2.0620287171809477
NdSrRhDyO6,2.0436009199076333
NdSmRhTaO6,2.0221665033101455
NdCaRhDyO6,2.060704720578089
NdTmRhTaO6,2.0443182172430165
NdCsRhTeO6,2.0829370770792917
SrSmRhYO6,2.0524589469410657
SrCaRhYO6,2.088834029320287
SmCaRhLiO6,2.005244876272933
SmCsRhInO6,2.0234311889750387
SmLaRhYbO6,2.0404969725189557
SmTbRhAgO6,2.0976079339987033
CaCdRhTaO6,2.0947345367608206
CeYRhAgO6,2.0847145746703304
LaLuRhAgO6,2.0787608390683157
LaTbRhYbO6,2.0700269515351666
LaYbRhDyO6,2.082937214461241
PtMnBeCuO6,2.093827197451776
MnNbBeCuO6,2.0343208907653807
SbCeBeLiO6,2.0936608825116894
GdNdBiCaO6,2.0236291311805883
PrKBiCeO6,2.0116994554343317
PrKBiLuO6,2.0567308700687668
PrKBiYbO6,2.07946579187915
PrNaTeBiO6,2.021803830546998
PrNdBiYbO6,2.049710893360796
PrNdZrBiO6,2.0064089433524406
PrCaTiBiO6,2.087192261014468
PrCeBiDyO6,2.017939876051841
PmPbNbBiO6,2.0049716105085134
SrPbVBiO6,2.0932885786241493
SrPbSbBiO6,2.044546596630133
PbSrBiDyO6,2.0957833413408906
SmPbTaBiO6,2.0793759851141673
PmSmBiYbO6,2.0445673693882145
PmTmTcBiO6,2.0832534336050346
PmDyMoBiO6,2.056155435441434
HoCsBiLuO6,2.088203464407223
EuSmBiCeO6,2.092669321491228
EuSmMoBiO6,2.0351645202194395
NdSmSbBiO6,2.072758862976638
NdSmBiTmO6,2.0083015608586794
NdCaBiDyO6,2.0050095450061987
NdTmBiDyO6,2.0616857866627285
TlNdTcBiO6,2.011952456285966
NdYbAuBiO6,2.084970679393538
SrCaBiTmO6,2.002475335010521
SmCaIrBiO6,2.037508353367355
LaSmTaBiO6,2.073289681857904
TlSmTiBiO6,2.021233441526034
SmYbZrBiO6,2.0374286418818497
TlCaZrBiO6,2.003486454265395
LaTmMoBiO6,2.051472964769823
TlDyIrBiO6,2.0747221526965443
YbDyZrBiO6,2.0891027021561484
PrPbOsMgO6,2.0473052730222787
PrPbOsZnO6,2.064519592018062
PrNdOsTmO6,2.0716848721171637
PrSrOsTaO6,2.025274291902727
PrLaOsAgO6,2.094180154350677
PrTlOsYbO6,2.015785830128023
PrTlOsAgO6,2.0278146183960253
PtKOsZnO6,2.0259642530170026
PbKOsCrO6,2.0785755171329865
PbNaOsZrO6,2.024637296738985
PbNaOsInO6,2.077530649661005
PbSmOsLuO6,2.03969673896627
PbYbOsDyO6,2.0941119229628637
PdNaOsTeO6,2.0439602617375905
PdSbOsCrO6,2.022166755911724
PdCsOsCrO6,2.0349629900687445
PmKOsTmO6,2.0083310637846634
PmKOsYbO6,2.090470540812384
PmEuOsNdO6,2.012387879895105
PmErOsTmO6,2.05550744553885
PmSrOsDyO6,2.09921479042056
PmYbOsDyO6,2.0845530677814272
EuTbOsDyO6,2.092367912386379
ErNaOsLuO6,2.0633207320535516
ErNaOsDyO6,2.0744112112850015
ErTmOsDyO6,2.097963748692746
NdCaOsLuO6,2.083823816316479
SmTmOsLuO6,2.032793914152213
SmTmOsYbO6,2.0051901985749927
SmTmOsDyO6,2.0749586372996247
SmCsOsLiO6,2.068782951928218
SmTlOsDyO6,2.0047369245144853
SmTbOsAgO6,2.097986924444657
GdEuGeLuO6,2.0666200081880866
GdNdGeCaO6,2.0528018875533247
PrPmGeCaO6,2.031321320957292
PrKGeNdO6,2.0655722815388255
PrKGeVO6,2.0120670528424207
PrEuGeTaO6,2.0484728914056882
PrSrGeVO6,2.050855321328273
PrTmGeLuO6,2.072898081726022
PrTlGeYbO6,2.0031737119871837
PtSbGeAuO6,2.083177961305156
PbPdGeCoO6,2.0884426304056687
PbMgGeCoO6,2.0182897387260157
PbTmGeDyO6,2.016571798682408
PbCsGeCrO6,2.0557437575852013
PdNbGeTiO6,2.090530095696303
PmMnGeVO6,2.0703013562074193
PmSrGeScO6,2.097939084489022
PmSmGeTmO6,2.0788541311950652
HoMnGeTiO6,2.0801048606485812
HoNdGeTmO6,2.0152480444941854
HfMnGeTiO6,2.0561525195628727
HfErGeAuO6,2.048864317530486
HfFeGeTiO6,2.075893074948859
HfTmGeLiO6,2.087839637126265
HfCuGeAuO6,2.041515028741791
MnEuGeCrO6,2.062721889425093
MnNbGeAuO6,2.0882861455048976
MnNdGeTiO6,2.0876833765594243
MnSrGeCrO6,2.0088156730235864
MnSmGeTiO6,2.0329574525356717
MnLuGeTiO6,2.023393081128383
EuSmGeTmO6,2.0596944995550532
ErTmGeTbO6,2.0661226303766784
NdLaGeTiO6,2.028329185792562
FeSrGeTiO6,2.0726544785105783
SnTlGeAuO6,2.045605488801327
SmIrGeAuO6,2.090594098717636
ScCaGeTiO6,2.0396671346502804
ScTmGeTiO6,2.018480412212833
SbCdGeTaO6,2.058093740927858
SbCsGeCrO6,2.0540825385725476
SbLiGeTiO6,2.059994430391343
PrPbZrGdO6,2.040488251412248
PrNdSnGdO6,2.006475453109366
PrCaTcGdO6,2.0362094372634285
PmPbTeGdO6,2.034614456982418
EuPbNbGdO6,2.0924695110712364
EuPbCrGdO6,2.023765188565969
PbNaSeGdO6,2.0920811971634077
PmNaAuGdO6,2.0516493419605477
PmNdCrGdO6,2.0568993539074425
EuNaCrGdO6,2.093731457652511
EuSmSbGdO6,2.076801809008941
TlNaTaGdO6,2.0811638186588954
SrNdTaGdO6,2.047946370207387
SrSmTaGdO6,2.083257742135378
SrCaTcGdO6,2.05443548725953
LaTlMoGdO6,2.0547137851707986
PrEuGaCdO6,2.091167175973334
PrErGaTiO6,2.0185976818094447
PtSmGaAuO6,2.0863993204326103
PbPmGaTiO6,2.048335716732972
PbMnGaTiO6,2.0769171204535195
HfTlGaTiO6,2.0494346930255687
MnSmGaVO6,2.065974550569034
NbFeGaVO6,2.0339325388699785
FeTcGaAuO6,2.0459382979220746
SnTlGaTiO6,2.0496108019048416
EuSmMoPrO6,2.0235969920846615
LaSmTaPrO6,2.014562574107051
PbHoPtLiO6,2.099811373533107
PbHgPtMnO6,2.059845429342024
PbKPtFeO6,2.0539804651092615
PbKPtScO6,2.0254087476530676
PbErAlPtO6,2.0761677969481935
PbNiAsPtO6,2.022726409492946
PbNaPtCrO6,2.0193436817315025
PbNaPtAgO6,2.0885083433064833
PbSmPtCaO6,2.0270049304778484
PbTmPtDyO6,2.0361371371243524
PbYbPtDyO6,2.0269888060056362
PdKPtTeO6,2.0496999501613797
PdFeSiPtO6,2.0455697804173996
PdCsPtCrO6,2.094463402889305
PmKPtDyO6,2.0467206835455536
PmEuPtDyO6,2.0111603586198266
PmNaPtTbO6,2.0678513559645433
PmTmPtYbO6,2.0563163283385
PmAgPtInO6,2.016461292528644
HoErPtLiO6,2.084192792255035
FeZnAsPtO6,2.074005811534016
EuNaPtTeO6,2.0502039104365415
EuNdPtDyO6,2.069128645777569
EuSrPtYO6,2.0301921773472156
EuCsPtLuO6,2.049189987755706
NdTlPtDyO6,2.0706790045179617
SrSmPtLuO6,2.088612941585777
SbVCuPtO6,2.011856847394819
ScAgAsPtO6,2.0719164519872906
TmCsPtCrO6,2.0496548156408023
TmLuPtDyO6,2.0477450795195846
TlLuPtDyO6,2.0116748321582625
SmCaLuPbO6,2.06030481455177
SmCeCrPbO6,2.084902160909277
SmCeLuPbO6,2.0567977286777257
LaSmAuPbO6,2.0576637421443666
LaTlZrPbO6,2.015686485815201
PmMnAsPdO6,2.079927674010146
PmEuPdLuO6,2.061578514349175
PmFeTcPdO6,2.021726800017325
PmSrPdLuO6,2.073877428293065
PmSrPdTbO6,2.040625767595079
PmSmPdDyO6,2.04614536996966
PmSmPdYO6,2.081184552258903
HoEuPdTbO6,2.0907508151083034
HoErSiPdO6,2.085248455729509
HoCePdTmO6,2.016129739953316
HoTmAsPdO6,2.061111094550801
HfHgMnPdO6,2.056467392088502
EuMnSiPdO6,2.06388906436177
SnMnAlPdO6,2.0518335775105827
SmMnCoPdO6,2.0906639248657215
MnCrTiPdO6,2.060079525703937
MnCrTiPdO6,2.0606076623650527
MnCrAlPdO6,2.027945541350089
EuCaPdYbO6,2.0384682180680724
ErDyAsPdO6,2.0922024906319763
SmNaCrPdO6,2.000332197233679
NbFeBPdO6,2.0614518543394817
NbFeAlPdO6,2.0049893559277967
NbSbTePdO6,2.020306366166071
TmNbAsPdO6,2.076978959916516
NbTiTePdO6,2.0670676079996775
NdLiAsPdO6,2.0483360307212437
TlNdTcPdO6,2.001639045132814
NdTbAsPdO6,2.029112849285152
SmFeCoPdO6,2.0464007870998318
TaFeAsPdO6,2.042163764458516
SmCrTiPdO6,2.0177804570959736
SmCrTcPdO6,2.055226180875442
SmDyAlPdO6,2.02694353076379
SbTiTcPdO6,2.0889781817994866
YbLiAsPdO6,2.0393368098899676
LuTbPdDyO6,2.006806457701639
LaEuTePmO6,2.038461255664809
TlNdMoPmO6,2.0424538989447285
EuYbAuHoO6,2.0773650556654277
NdYbMoHoO6,2.0191814266815302
NdDyIrHoO6,2.071549046108885
LaSmZrHoO6,2.004887754083618
TlTmIrHoO6,2.059677189473367
TmYbMoHoO6,2.041805506680006
YTmZrHoO6,2.0877765564561526
YbDyMoHoO6,2.0017445727364302
YYbZrHoO6,2.0240153900393185
EuNaAsHfO6,2.016208608125907
EuScHfAgO6,2.0995674336143915
EuLuHfAgO6,2.060285180775625
ErSmHfAgO6,2.085029385064134
NdAgMoHfO6,2.0376987344434463
TmTbHfAgO6,2.0089028792565324
EuMgTcHgO6,2.068618964474808
SmMgAsHgO6,2.0410663833046616
TbMgTaHgO6,2.031562788791351
EuErIrHgO6,2.0735115143777625
EuNdSiHgO6,2.015149182724165
EuScTaHgO6,2.0101477999080455
LaEuTcHgO6,2.0098365517416967
NdErSiHgO6,2.0867212492793388
NdErVHgO6,2.086375716873605
SmErTeHgO6,2.0406323641389648
LaErTaHgO6,2.0407937068714146
TlErTaHgO6,2.054447427806479
TlErTaHgO6,2.075645281740254
ErLuIrHgO6,2.0071927412374984
SmNaMoHgO6,2.0783710168522056
NdYbAsHgO6,2.007238637949497
NdYbMoHgO6,2.0478075491919983
SmCaCrHgO6,2.043846376339658
SmCdTiHgO6,2.055150424944257
SmTmTaHgO6,2.0226785506764062
SmTmAsHgO6,2.0304791953632746
SmTbAuHgO6,2.0292617951219127
SmYbMoHgO6,2.0269809542688395
SmDyIrHgO6,2.035099285257415
SmAgAlHgO6,2.0193218084186197
TmScTiHgO6,2.056367658979493
TbScAlHgO6,2.0333162968588137
TlTmTiHgO6,2.0161048028214497
LaLuAsHgO6,2.0287037992125057
YLuAsHgO6,2.064961332972494
TbYbMoHgO6,2.0415044530901505
YYbMoHgO6,2.0507004758883842
YDyAuHgO6,2.0720068775547174
DyAgMoHgO6,2.082080320414571
EuErCrMgO6,2.0335267694814667
SmNaTcMgO6,2.0396082962314552
LaNdTaMgO6,2.0200201364998205
TlNdTaMgO6,2.0365281573674
SmTmTeMgO6,2.0477201334697264
SmTbAsMgO6,2.0976764448821124
TlScTcMgO6,2.011953640524447
TlCaAuMgO6,2.0166258631606393
LaTmAsMgO6,2.0144728629270428
LaTlTiMgO6,2.028446318449481
LaDyAsMgO6,2.0376598471515273
TbAgAlMgO6,2.038758900443795
EuNdMnTmO6,2.0999709492506056
ErNdMnDyO6,2.0149225678951774
ErSmMnLuO6,2.02469296440314
SmErTeMnO6,2.088165982962705
ErSbCrMnO6,2.0202662198513517
ErTmMnYbO6,2.009227115415464
SmNaVMnO6,2.019304634239561
TlNaAsMnO6,2.009850170018012
NdCaMnYbO6,2.030030771783516
NdCaMnYO6,2.0601932387090582
NdTlMnTaO6,2.0850661773133803
NdTiTeMnO6,2.0116031524533504
NdYbMnAgO6,2.0571093925459776
ScFeTcMnO6,2.051910742623401
SbFeTcMnO6,2.0207324158376823
SmTlMnDyO6,2.0876520669378484
SmYbAlMnO6,2.0814206741045056
TmSbTcMnO6,2.016044947479444
SbCrIrMnO6,2.0121548494884274
TlTmTcMnO6,2.062368455861179
YLiAuMnO6,2.013109976162826
EuNaWSnO6,2.0689496381433594
EuNdWTmO6,2.0992548212287185
EuCaWLuO6,2.090186044343952
EuCsWTeO6,2.081122636051732
ErSmWDyO6,2.037228066498435
ErTmWYbO6,2.0571118708446874
ErTmWYbO6,2.04611822832707
ErTlWTbO6,2.06034091252842
NdSrWTmO6,2.0930991851749607
NdTlWAgO6,2.033845760339974
FeCaWTiO6,2.023070151251769
SrYbWInO6,2.075267095013091
SmCaWYO6,2.027589140171219
SmCeWAgO6,2.098076880881396
SmLiWTiO6,2.035131374391655
SbCrWTiO6,2.048513286013059
TmLaWDyO6,2.02148007780599
TmTlWTiO6,2.0331966309506497
TmAgWZrO6,2.0383091298616605
CrLiWTiO6,2.019993533353019
LaTlWTiO6,2.0199160906503453
TlTbWDyO6,2.0692059081525254
LuAgWInO6,2.0235855551074566
EuCuIrZnO6,2.0112236094880314
ErNiAsZnO6,2.072862693562973
SmErAsZnO6,2.0875352113601635
FeNiAlZnO6,2.034997819707653
ScNiTcZnO6,2.0276894715229625
NbTaIrZnO6,2.098774512122287
NdSbTcZnO6,2.0478175239947243
SmFeVZnO6,2.059448842657779
SbFeIrZnO6,2.004090029718263
FeCuAuZnO6,2.060481100495297
TaFeAuZnO6,2.0222919582888386
YFeIrZnO6,2.0769233420067947
AgFeIrZnO6,2.02029266393383
SmCuIrZnO6,2.0190550849002316
SmLiIrZnO6,2.0410471071679686
SmYbIrZnO6,2.0029339188521624
SmYAlZnO6,2.0037952755473274
TmVAsZnO6,2.0769937523606905
VCuAuZnO6,2.000237777769046
SbCoAsZnO6,2.0491731659148984
SbCuAsZnO6,2.0397595566287867
CrCoAsZnO6,2.063314035336567
TaCoAuZnO6,2.090219993626692
CeTiAlZnO6,2.0877485047493027
TbCdAsZnO6,2.0284585029251
YbCdAsZnO6,2.028800214656497
YTmAuZnO6,2.0680359225115437
TmAgAsZnO6,2.0404666423655975
CrCuAlZnO6,2.096288318163786
TbCrIrZnO6,2.0470731310495225
AgCrIrZnO6,2.0509594947746104
TiCuIrZnO6,2.094138958091458
TiIrAsZnO6,2.0675465440145575
NdSmTaEuO6,2.0797610632510244
NdSmTaErO6,2.0025770870568635
NdTmMoErO6,2.0224268108707246
TlCaMoErO6,2.063622854678523
CaYbMoErO6,2.0395006999667284
CeTmTeErO6,2.045501350345857
TmDyIrErO6,2.0888024643255427
TmDyMoErO6,2.0990413198067013
LaTlTcErO6,2.077326607929337
TbYbIrErO6,2.0385448164418025
NbSrNiTiO6,2.0384039906998477
NbCeNiLiO6,2.098552312114487
NbCuTcNiO6,2.048834205559502
NbLuNiTiO6,2.0480542682019083
FeScNiTiO6,2.044025355356893
SrYbAsNiO6,2.0211881631158186
SmCeNiLiO6,2.0553161079195097
SmCsNiTiO6,2.043532588450858
SmCsNiDyO6,2.0643015172900694
SmTlNiDyO6,2.0978143816451484
SmTlNiAgO6,2.0707186043146604
SbCeNiLiO6,2.0938321455925735
LuCoTcNiO6,2.0347636399023505
LaTbNiYbO6,2.0872428407599757
LuTbNiAgO6,2.091258547380191
LuYbNiDyO6,2.077587302190418
NdTmNbLuO6,2.055762457941749
NdCsNbInO6,2.0379378649481703
NdLaNbAgO6,2.0675412076948754
SrYbAsNbO6,2.05519410259069
SmScNbAgO6,2.066040460437443
SmCdNbInO6,2.0150210429562367
SmCsNbTbO6,2.086918881583079
SmLaNbAgO6,2.026546356680487
SmTlNbDyO6,2.005284645221856
SmYbNbDyO6,2.0298247626079164
ScCeNbAgO6,2.0415805286132622
ScTlNbAgO6,2.0435758955315433
LaCaIrNbO6,2.0329079495450713
CdYbNbInO6,2.0329039977084844
TmLaNbAgO6,2.075492558740383
TmTlNbInO6,2.064536656476064
LaTlTaNbO6,2.069598269500376
TbLiAsNbO6,2.0888496707829414
TbYbNbAgO6,2.012934719089895
LaSmTiNdO6,2.084067342731054
LaSmTcNdO6,2.0062496255550943
LaTlMoNdO6,2.0733065647003315
SnSbAsFeO6,2.011936956073621
SmLaFeDyO6,2.0474784781813877
SmDyFeAgO6,2.0842164186316516
LaLuFeDyO6,2.084973334353333
TlDyFeAgO6,2.0529212545178614
LuYbFeDyO6,2.0670572038496693
SmCeBAgO6,2.0969527708023694
CoTeBAuO6,2.0965550540519304
SmTmSiLuO6,2.0373376963235614
SmTmSiDyO6,2.0824793486800606
SmCsSiTiO6,2.092546833819652
SmCrSiTiO6,2.032023903473476
SmTlSiYbO6,2.029342952877801
SmDySiAuO6,2.0259129652512633
SmYSiAgO6,2.073433237919395
SbTlSiTiO6,2.08196161920808
CoLaSiAuO6,2.059650471525649
SmCsSnYbO6,2.0373175537755652
SmTlSnDyO6,2.003688618272816
LaTlSnAgO6,2.0228543287257477
TlYSnAgO6,2.0290646789835844
SbCrIrVO6,2.0010660462054997
TaCoAsVO6,2.0537684147577995
CaTmVYbO6,2.0164146758024395
CaTlVZrO6,2.0692570885123045
CrIrAsVO6,2.0873865495101174
TbYbVAgO6,2.0822632334202176
TbYbAsVO6,2.040259737893553
TbYbVInO6,2.018125920063696
DyYVAgO6,2.088594429072268
LaCaTeScO6,2.05271762119281
LaCaZrScO6,2.039022826211216
TmDyAuScO6,2.05746916002447
YTmMoScO6,2.073969585306319
TbAgZrScO6,2.0164016807426175
YbDyAsScO6,2.057270364373583
CeLiTeSbO6,2.0463715134664375
CeYSbAgO6,2.052456699669499
CeTaSeAuO6,2.0078326349254207
CrLaSeTiO6,2.0855262843548625
TeTbSeAuO6,2.0547714267605324
CeLaCoDyO6,2.0184401551521605
CrTlCoTiO6,2.091311760910032
TlLuCoYbO6,2.0590896243648484
TbDyCoAgO6,2.0167964558733353
LaTlTiCaO6,2.0086687215934664
LaYIrCaO6,2.036127634134023
LaYbIrCdO6,2.0634133672841974
LuDyMoTmO6,2.0788696950251326
LaTlCrYbO6,2.0016442671717223
LaYbCrAgO6,2.0204823284780886
TbLiTcCrO6,2.023095393125008
AgLiAsCrO6,2.043135404179829
TlTbAuLiO6,2.006055088010711
TbYbAsLiO6,2.066557310952398
ZrTaMoLiO6,2.036383473143283
ZrTaMoLiO6,2.046941897116362
TbYbTiDyO6,2.0338007249152668
TbYbAlTiO6,2.0424046609539728
YbYTaAgO6,2.0201139865711033
