functional group,PBE band gap
Rb2CrPdO6,1.4534967307156017
Rb2SeMnO6,1.4471908536708171
Rb2TcMnO6,1.4623485429907068
Rb2TeNbO6,1.4528469781943862
Ba2MnYbO6,1.4967797021551794
Ba2WSbO6,1.4699376544582834
Ba2SbEuO6,1.4529181898595285
Ba2TcSmO6,1.4838776432476395
Ba2TaAgO6,1.443563771724892
Bi2WMnO6,1.4337293925382366
Bi2TiFeO6,1.4887018682878659
Bi2SeCdO6,1.4127173320132738
Bi2CrCdO6,1.4289733134895874
Gd2HfPbO6,1.4319659203201942
Gd2VPbO6,1.4805940221925735
Gd2VZnO6,1.4902426042422419
Gd2NbAgO6,1.42348641238611
Gd2MoYbO6,1.4217877156889696
Pr2SiPdO6,1.4427174633699382
Pr2PdAgO6,1.4750828705478185
Pr2WDyO6,1.4127392689553278
Pr2VZnO6,1.4520575621979457
Pr2TcSmO6,1.4922269441540033
Pb2FePdO6,1.44457565533076
Pb2MnYO6,1.45686780339325
Pb2WLuO6,1.436836153292934
Pb2NbAgO6,1.471666374404781
Pb2FeCdO6,1.462046706561845
Pb2MoCaO6,1.4354808358316995
Pb2CuLiO6,1.429279096356604
Pb2AuLuO6,1.481573032800353
Pm2CrNdO6,1.44896919283093
Pm2FeDyO6,1.4914075465124452
Pm2TiCdO6,1.4633772834762924
Mg2WCrO6,1.4054870684778
Mg2VNbO6,1.458113343428131
Mn2NiTiO6,1.4996350883611844
Mn2IrCrO6,1.49417359806
Eu2MoNaO6,1.4515272167447368
Eu2NbCaO6,1.4567481829197324
Eu2CoSmO6,1.428972909735469
Eu2TaScO6,1.466868613909447
Eu2CrCaO6,1.4229887623409854
Eu2CrDyO6,1.4331583342654082
Eu2TiYbO6,1.4386721535787195
Eu2AsMoO6,1.4222053798903516
Er2VCdO6,1.4786865638830704
Er2MoAgO6,1.47490666622025
Na2SeCoO6,1.4810095274966346
Na2SeCrO6,1.46281199410127
Na2MoTbO6,1.4187052103811717
Na2TcInO6,1.4847707353253443
Nd2VCaO6,1.464759619810891
Nd2VInO6,1.4600882889979974
Nd2TcScO6,1.4142757332163445
Nd2CoCaO6,1.4787056571408845
Nd2CrCdO6,1.4891060754681023
Nd2MoTmO6,1.40024986588965
Nd2TeCrO6,1.4886622328667793
Nd2TiDyO6,1.4509893415694755
Nd2TaTbO6,1.4353284983186063
Nd2TaAgO6,1.473711970530243
Sr2AsVO6,1.439628040338307
Sr2AuTlO6,1.439148701114502
Sr2TaTbO6,1.4437586633813893
Sr2AsAlO6,1.415772175284271
Ca2CrDyO6,1.4910798157229725
Ca2CrAgO6,1.476986006641423
Tm2CrYbO6,1.4059194725809923
Yb2AuDyO6,1.4682269061394497
Yb2MoAgO6,1.4577787677948169
Rb2ReTbO6,1.4822108101890956
Ba2ReCeO6,1.4096702237720138
Gd2ReMgO6,1.4725283194569985
K2ReNdO6,1.495567721209496
Na2ReTaO6,1.4248083165601757
Cs2ReDyO6,1.4442906859795355
Tl2ReZrO6,1.4146549775376935
Pb2RhScO6,1.4087526625712872
Sr2BiYO6,1.463350198615282
Sm2MoBiO6,1.4146336562223358
Pb2OsTmO6,1.4139367464141182
Na2OsTbO6,1.4954969685422097
Sr2OsAgO6,1.4086139143073568
Ca2OsTaO6,1.461407564619548
Sr2VGdO6,1.4613709590922164
Pm2NbPbO6,1.453165588298504
Na2TePbO6,1.4226683027347236
Nd2CrPbO6,1.474320423993212
Cs2MoPbO6,1.4408788106215977
Fe2BPdO6,1.472883817484933
Fe2SiPdO6,1.4787038293299988
Ce2PdYbO6,1.4514287676562347
Ce2PdDyO6,1.4517052779863335
Tb2AsPdO6,1.4574082815638711
K2MoHfO6,1.4705105898081048
Ce2MoMgO6,1.478634280287653
Dy2MoMgO6,1.4465395122288904
Eu2SiMnO6,1.4632300554892224
Nd2MnTbO6,1.4512998357148565
Sm2MnYO6,1.496714461543985
Sm2MnAgO6,1.490608531822929
Cd2MnTaO6,1.4374614324061075
La2MnAgO6,1.4120185803106335
Lu2TeMnO6,1.4548713989426538
Ce2WDyO6,1.4270439834229347
Cd2WInO6,1.492632995960236
Tb2WAgO6,1.4319434377529683
Sr2CrEuO6,1.4384634256284947
Nd2NbYbO6,1.4696034804761267
Nd2NbInO6,1.4304224909910417
Ce2NbDyO6,1.4587393919905787
Ce2FeAgO6,1.491237372214484
Cs2FeTaO6,1.4291074411669897
Dy2FeAgO6,1.4178149905224766
Ca2AuVO6,1.4138514918238105
Tl2VTiO6,1.4143475905414429
Ca2AsScO6,1.4377764465269594
Tm2TaScO6,1.4283423448102444
Ca2AuSbO6,1.41613427960226
Ag2MoCdO6,1.4036553010423531
Yb2AsLiO6,1.484133805794723
Ag2TaInO6,1.4572655560593402
Mg2RuRhO6,1.4285140782316372
Cs2RuPdO6,1.4350315158635636
Yb2RuMgO6,1.4856736040204515
Ca2RuScO6,1.4931360464669097
Ce2RePbO6,1.4785468143510936
Cs2ReHfO6,1.4242828336558877
Yb2ReMgO6,1.4554384772986535
Cs2ReNdO6,1.4085863214691567
In2ReLiO6,1.4618012706694175
Ca2WRhO6,1.4953622526486874
Au2WRhO6,1.4891893839912496
K2OsBiO6,1.412128860151532
Na2OsBiO6,1.4954416090992269
Sr2BiHoO6,1.499344406167872
Tm2VBiO6,1.4636065690832127
Dy2CrBiO6,1.4533811370148766
Cs2OsHfO6,1.4606209194741215
Cs2OsVO6,1.4396359656573985
Yb2GeMgO6,1.410366122381026
Ag2GeMnO6,1.4529207471920913
In2GeCdO6,1.412187930647386
Ag2GeTiO6,1.4068866209248791
Nd2WGdO6,1.4973443692315236
Dy2PtMnO6,1.491960886445653
Ag2PtMnO6,1.495187453579204
Tl2PtNdO6,1.431260477295497
Eu2MnPdO6,1.4157703740296523
Mo2SePdO6,1.4168503498279768
Tl2CoPdO6,1.4776152448422109
La2PdCaO6,1.4624712178387507
Ag2PdCdO6,1.4590733067946864
Eu2WHoO6,1.433099351275036
Yb2WHoO6,1.4296216182571266
Ca2MnMgO6,1.4575685855185503
Nd2NbMgO6,1.4266750983982803
Ag2TaMgO6,1.4125371082407894
Nd2MnEuO6,1.4980329821698748
Ag2MnLiO6,1.4018971901105504
Ce2WNaO6,1.4644133064748512
Ta2WFeO6,1.406989230172197
Yb2WLuO6,1.4926235798405623
In2TcZnO6,1.4783026133132136
Li2CrNbO6,1.493890010693568
Yb2CrNbO6,1.429067891356775
Sr2FeNdO6,1.4669790805999054
Yb2VFeO6,1.4886431877557453
Tl2CrFeO6,1.4027595898489185
In2VLiO6,1.485297421151191
Ta2VTiO6,1.4959789920185342
Ag2VTiO6,1.489009936722795
Ag2VTiO6,1.434496390170993
Yb2VTbO6,1.4112899724314685
Y2VYbO6,1.4605510557961436
Cs2SeCeO6,1.462621816275122
Lu2CrCdO6,1.483733708460159
In2ZrCdO6,1.4798594495220514
Yb2TeCrO6,1.4159162407397663
Ag2TcLiO6,1.4403283700846772
Rb2FeTiO6,1.4891143116313292
Ba2BiAlO6,1.443571796228669
Ba2NbOsO6,1.4182757293181356
Ba2PrCeO6,1.4384196237906142
Ba2SmPtO6,1.49799780926101
Ba2ZrMnO6,1.459280414023115
Ba2FeTiO6,1.417608455253899
Ba2TeSeO6,1.4826511158362736
Ba2ZrSeO6,1.4094526113269819
Bi2MnPtO6,1.4049757289853024
Bi2TaMnO6,1.4066892583304618
Bi2NbCrO6,1.4820490911595263
Bi2TaCuO6,1.4507351360749399
Gd2HfCoO6,1.4231786731295106
Gd2NbIrO6,1.496377339093671
Gd2YBO6,1.4968897529208829
Gd2TbCoO6,1.4230922898117992
Pr2YbPdO6,1.4705350257333814
Pr2NdMgO6,1.4669915673435099
Pr2CaMnO6,1.459190502546075
Pr2EuTiO6,1.4414529447257882
Pr2ErCuO6,1.4465562468271294
Pr2NdNbO6,1.422587382589751
Pr2NdTiO6,1.4445289413802718
Pr2NdAuO6,1.4176138410779044
Pr2SmTiO6,1.4247348152879973
Pr2VAlO6,1.4143689353390687
Pr2CeTiO6,1.4768029658048198
Pr2TaCrO6,1.464112212075124
Pr2YbTiO6,1.490216434657772
Pr2TbAgO6,1.4950480944683606
Pb2CdPdO6,1.4518466843359614
Pb2TaPdO6,1.4891756271622512
Pb2IrBO6,1.4207984737082158
Pb2TcSeO6,1.462939410157488
Pd2MnTiO6,1.4503457348851874
Pd2CrTiO6,1.4690558166078267
Pd2CrTiO6,1.4286804181893102
Pm2EuMnO6,1.4152669715200588
Pm2ErTiO6,1.4632300926968214
Ho2TmMoO6,1.420722050382178
Hf2VCuO6,1.4035468282738228
Mg2MnSiO6,1.4203822353495352
Mg2MnVO6,1.4014764698586222
Mg2CrCoO6,1.4996406850003734
Mg2CrTeO6,1.438983512537631
Mg2CrAuO6,1.4741892470548692
K2MnTiO6,1.4077645035146165
K2WVO6,1.413878626565859
K2SmVO6,1.4302756920253898
Zn2TcSiO6,1.4452975067818727
Eu2SmNbO6,1.4954417153266475
Eu2YbNbO6,1.4441898180959256
Eu2TaBO6,1.4373344455542472
Eu2ScCoO6,1.483855904467742
Eu2YCrO6,1.4065118748546832
Eu2TiAlO6,1.4761819229895266
Er2NbAlO6,1.4203208650725634
Nd2SmVO6,1.4290282145157167
Nd2TaCoO6,1.4234663208838718
Nd2CrAlO6,1.4489302879157797
Nd2YTiO6,1.4503688690861556
Sr2CeSiO6,1.4514605670779142
Sr2SmMoO6,1.4469136051125508
Sr2ZrCoO6,1.409976103229231
Sr2CrTcO6,1.4672609500438016
Sr2TaTcO6,1.4254114325501768
Sr2IrAlO6,1.4083541124613823
Sm2YbCrO6,1.4387653899293398
Sm2TaAuO6,1.4723756662896095
Sb2CrCoO6,1.493710894671328
Sb2TaCuO6,1.444886072802505
Sb2TaTiO6,1.471599486499288
Ca2TaMoO6,1.4648673693979812
Ce2TbAuO6,1.4340987221146548
Ce2DyIrO6,1.4023567255372789
Ce2DyAuO6,1.4977117984053776
Cs2TaTcO6,1.4794855674248684
La2TaAsO6,1.4114793673702963
Y2InMoO6,1.4398239163496183
Na2RuAlO6,1.4058914734755725
Na2MoRuO6,1.4416568719604903
Nd2ScRuO6,1.4010461569163835
Cs2TaRuO6,1.4905269776186683
K2ReNiO6,1.412302167789044
Eu2NbRhO6,1.476533623561981
Eu2RhBO6,1.4150364051558826
Na2TaRhO6,1.473695972891724
Tl2TaRhO6,1.450833976966855
Pb2FeBeO6,1.4237580065752662
Eu2CoBeO6,1.4315685575411836
Fe2CoBeO6,1.4730375985521797
Co2TcBeO6,1.4372167020545066
Pr2NdBiO6,1.4746062855386588
K2BiTaO6,1.4753773900716487
Eu2YBiO6,1.4035567445649748
Sr2BiAuO6,1.4546500369843416
Tm2BiMoO6,1.449172122791911
Cs2BiMoO6,1.4125355159667847
La2DyBiO6,1.4490031385213806
Na2VOsO6,1.4329949035588918
Ag2OsAsO6,1.470097771651238
Pb2TiGeO6,1.4957768761525279
Mn2FeGeO6,1.4292910311579872
Zn2VGeO6,1.4554142196391144
Zn2TcGeO6,1.40030671325312
Cd2TcGeO6,1.4302465163690143
Nb2CrGaO6,1.4298014570413016
Cu2TcGaO6,1.4125409556938238
Eu2PrNiO6,1.4514334746968884
Nd2PrTaO6,1.4890137922881044
Ce2PrIrO6,1.4399825503943076
Pb2MnPtO6,1.4753138436899789
Pb2PtVO6,1.4492217505924159
Na2PtAsO6,1.4205867000729382
Ca2PbTiO6,1.4598019262416497
Hf2PdAuO6,1.480115633073147
Mg2SnPdO6,1.4877875441427444
Mg2PdCrO6,1.496675439330702
Mn2PdAuO6,1.4687048569459888
Sn2PdCrO6,1.416728724414151
La2PdTiO6,1.4048184523332023
Ce2PmTaO6,1.491090506600054
Eu2HfSiO6,1.4735761732546673
Sm2HfVO6,1.4450485542058784
Ag2HfIrO6,1.471499040204499
Eu2TmMnO6,1.426955649103977
Eu2TbMnO6,1.4852347690283882
Er2TaMnO6,1.4322140605036349
Na2MnCrO6,1.4859102108472169
Tm2ZrMnO6,1.4115728133218437
Cs2MnAsO6,1.4224225633423786
La2YbMnO6,1.4575982989945357
La2YMnO6,1.4933723840489188
Tl2DyMnO6,1.4245498906804195
Y2MnAlO6,1.4929003418141786
Ag2MnAlO6,1.4462063263020806
Ag2MnAsO6,1.4582855025228976
In2MoMnO6,1.4648316459172523
Ni2WCuO6,1.43264834668492
Na2WSiO6,1.454371551699635
Ca2TaWO6,1.4925005998229213
Ca2ZrWO6,1.4675930996610027
Fe2CrZnO6,1.4440495458389089
Sn2ZnCuO6,1.4578920942499296
Sm2ZnVO6,1.4759919612586652
Fe2NiBO6,1.4675156849600317
Fe2CrNiO6,1.4312736433514543
Sr2TbNiO6,1.4378762910975451
Nd2ScNbO6,1.4726797163523968
Sr2NbSiO6,1.4223850281974177
Sm2NbAuO6,1.4441763244699586
Sm2NbAuO6,1.4806000823396275
Tm2NbTiO6,1.4136323993867432
Lu2NbIrO6,1.4113782549569551
Sr2CeFeO6,1.4708122554116467
Sm2FeTiO6,1.4553474533390118
Tm2FeTeO6,1.4242738524365248
Tm2TbFeO6,1.4830669284656572
Ce2TaBO6,1.4856489131349404
Cu2TcSiO6,1.4720163457818751
Ag2ZrSiO6,1.4896446859523833
Ce2SmAgO6,1.4787745982532237
Cd2ZrVO6,1.4218741557962173
Tm2TaVO6,1.498435610679653
Cr2VAlO6,1.4299708350432654
Cd2TaCoO6,1.4115915357309945
La2YbCrO6,1.4451108394913028
La2DyCrO6,1.4781672238062884
Yb2TcAlO6,1.4652949160494309
Ag2TaAlO6,1.4712088694417704
Ag2TaAsO6,1.4316732692859622
Rb2ReRuO6,1.426328185217321
Sb2NbRuO6,1.494733860341669
Yb2NbRuO6,1.4144685359290556
Mg2ReRhO6,1.493686378828843
K2ReRhO6,1.440158030611482
Cr2ReBeO6,1.4706468259388068
Cu2ReBeO6,1.433356457091311
La2ReBeO6,1.4989843016906408
Sr2ReBO6,1.4440099863041849
Yb2ReBO6,1.4669963982946364
Sb2ReVO6,1.439345181368688
Tm2ReVO6,1.4378556926080996
Yb2ReCoO6,1.4592897921203136
Ag2CrReO6,1.4554030195911838
Eu2PrRhO6,1.4856703132119529
Sr2PbRhO6,1.4465639003032789
Nd2NbRhO6,1.416820459482125
Tl2NbRhO6,1.444180249495334
Li2FeRhO6,1.4858954095766115
Lu2RhBO6,1.4757597144466272
Yb2RhVO6,1.4914843333376233
In2PtBeO6,1.4054388099982569
Sn2PdBeO6,1.4335439352375845
Ce2PdBeO6,1.409537694299659
Cu2WBeO6,1.4111040676067137
Dy2WBeO6,1.4472907746257702
Co2NiBeO6,1.4200586387537983
Ce2NbBeO6,1.4199713590497962
Yb2BiPdO6,1.4435281180601351
La2BiCrO6,1.4830571151399894
Tl2OsSeO6,1.4984082288480594
In2HfGeO6,1.4937983844185168
Cd2MnGeO6,1.4148156543749217
Ca2WGeO6,1.4383966186250619
Li2WGeO6,1.4585542109589895
Yb2WGeO6,1.4101433218043242
Sb2NbGeO6,1.4361941620885508
Ag2TaGeO6,1.4887051008652616
Yb2MnGaO6,1.4347312500116638
Au2CuGaO6,1.4171470286259227
Eu2PrPbO6,1.4015094492414508
Tl2PrFeO6,1.4130395034719214
La2PrVO6,1.4336627016924262
Ce2HfPtO6,1.444434760959276
Cr2MnPtO6,1.4049700352238332
Ce2SmPtO6,1.4425063236303213
Ag2PtVO6,1.4041676946390351
Tb2MgPdO6,1.4446915780597547
Ag2PdZnO6,1.4198369224633394
Ag2NbPdO6,1.4547323552149272
Ce2SmPdO6,1.4857865411090647
Te2PdTiO6,1.4851546951930588
Tl2PmFeO6,1.406874544170388
Tb2HoCrO6,1.4365963831036714
Dy2HoTiO6,1.473535139170645
Lu2HfCoO6,1.4884398357259188
In2HfCdO6,1.473792409897899
Yb2HfTiO6,1.4842820687546792
Tb2MgVO6,1.4910099856473726
Sc2NbMnO6,1.44814996292397
Yb2NbMnO6,1.445367969054413
Ce2NdMnO6,1.4598302243903056
Tl2TmMnO6,1.440730603233292
Tb2TmMnO6,1.489017131789697
Yb2MnTiO6,1.4763763204052736
Ag2MnTiO6,1.4708057884306827
Tl2WZnO6,1.494743169074612
V2WNiO6,1.4289456058627519
Sb2WVO6,1.4944176219440568
Au2WSeO6,1.4544294748663542
Ce2EuCoO6,1.4864871751405337
Y2ErNiO6,1.4247838524990692
Tb2ErCuO6,1.4555869534437496
Tb2ErTiO6,1.4664281044924352
Sm2NdNiO6,1.4148084325154362
Te2CrNiO6,1.4628909377678565
Yb2TiNiO6,1.4045337620506775
Lu2NbBO6,1.4073866884582904
Ag2NbCrO6,1.4436551448488002
Te2FeVO6,1.4653098098942632
In2FeCrO6,1.491440016368672
Ag2FeTiO6,1.43121068689781
Tm2ScBO6,1.4633305596041388
Yb2TcSiO6,1.415074323974829
Ce2SmVO6,1.4263048590677545
La2SmVO6,1.409036469740226
Cs2SmSbO6,1.4981374155078333
Yb2TiVO6,1.4054330875348269
Li2CrCoO6,1.4587417411285293
Ag2TiCoO6,1.4504492099973927
RbPdTi2O6,1.4732281375671583
TlPdTi2O6,1.4990654970704163
PmNaTi2O6,1.4799671289971907
CaMgTi2O6,1.4822969302729965
ErSbTi2O6,1.4152089568500419
SrSmTi2O6,1.4303471001327412
CaCdZr2O6,1.4704748353882466
CsTmZr2O6,1.4025481794781332
TlTmZr2O6,1.4576128243302335
CsLaPr2O6,1.4501627951951164
NdCaHf2O6,1.4361708254826673
CeCaSc2O6,1.481139665578646
CeTbSc2O6,1.4145876923709721
YbMoTi2O6,1.4959428834116386
BaEuHf2O6,1.458473954594234
TbMgTi2O6,1.4966815894945456
KYbNb2O6,1.481476515752777
DyMnTi2O6,1.4246518124016487
EuTaTi2O6,1.4898805505301655
ScMoTi2O6,1.4409255153862306
YbLiTi2O6,1.4975922534697916
RuRhAsBeO6,1.4727589015489264
PdReNiAuO6,1.49941526001908
ReZnVAlO6,1.4969126254100726
ReNiVCuO6,1.4417943961670496
ReNiVIrO6,1.4757587739483944
ReNiVAuO6,1.498974341103384
RbPdAuAsO6,1.4442870087746136
RbHgNbTaO6,1.4814192880710888
RbKMnWO6,1.4513990840584174
RbKWVO6,1.473712067003305
BiRhPtCoO6,1.4755273467283747
BiRhVAuO6,1.4588301228253313
GdRhVAlO6,1.4476834074154872
RhPtIrBO6,1.4297871758976635
PdRhWVO6,1.4418846713978954
RhKVBO6,1.4906935145225728
MnRhVCoO6,1.4897227055500026
MnRhVIrO6,1.434113211482349
RhWVCuO6,1.4862733715220766
RhNiCoAuO6,1.406894649012121
RhNiCoAuO6,1.4800426746225048
RhCuIrAsO6,1.4566396807488793
BaPbTaPdO6,1.413903785043283
BaPbCrNiO6,1.4480415456840785
BaPbTaFeO6,1.4258115620890843
BaPdMnCrO6,1.415613673180617
BaPdMnTiO6,1.4856667127771934
BaMgNbSeO6,1.492379605005252
BaKNbMnO6,1.468130278288771
BaKSbVO6,1.4164582051277108
BaEuSmFeO6,1.4480965480139352
BaNaMoSiO6,1.4179119857819977
BaNaSbCrO6,1.4297631288660078
BaNdTeVO6,1.4679953080265178
BaNdTcAlO6,1.4211996846539883
BaSrSnTaO6,1.4355604266187163
BaSrVAuO6,1.4165817004322974
BaSmCeTaO6,1.4765832304202902
BaCaTaCrO6,1.4236634446890262
BaTmZrTeO6,1.4590355992377995
BaYbIrAsO6,1.4071221056690573
BaYbAuAsO6,1.4236277621955242
GdBiHfMnO6,1.4086998608685097
BiGdCdHgO6,1.4563526980157842
BiGdTaCoO6,1.416562440920301
BiGdTaCrO6,1.4457996094105254
BiGdTaCuO6,1.433342963596339
BiGdTaTiO6,1.4024561436094238
PrBiPdFeO6,1.4043717822654875
PrBiHfHgO6,1.468254871103377
BiPrTiVO6,1.4214498193190532
PrBiVAuO6,1.423893223506866
BiPdMnCrO6,1.4833051111497797
BiPdFeZnO6,1.4130052803624986
BiPdTiNiO6,1.4225380169625714
BiPdNiAuO6,1.4553906339679312
BiPdFeTiO6,1.4038111407927587
BiPdFeTiO6,1.4457489750762977
BiPdVAlO6,1.4918675411099902
BiPdCrCoO6,1.4209165125423937
BiPdCoAuO6,1.4522610209714402
BiPmTeZnO6,1.4278982383748642
PmBiVAuO6,1.4578954239505086
BiPmInLiO6,1.4458668162565147
BiPmZrTiO6,1.43592205010144
BiHoZrFeO6,1.4520850913174728
BiMgNiAuO6,1.4805371473167914
BiMgFeTiO6,1.4781181408296664
BiMgTaAlO6,1.4780051384674415
BiKCrNiO6,1.4685081030205278
BiKZrNbO6,1.4092059154557395
BiKMoFeO6,1.4308845858674026
BiKCrSiO6,1.4420591710183277
BiKTiVO6,1.4562095161188167
BiKMoVO6,1.4787019390930802
BiKTcSeO6,1.4744923490842632
BiKInTiO6,1.4204808899152603
BiMnFeTiO6,1.498583807788321
BiMnFeAuO6,1.4221534646859395
BiMnCrBO6,1.461703919872329
BiNaInVO6,1.4769087238848377
BiNaMoVO6,1.4451183642565615
BiNaMoAlO6,1.4878963078721479
BiNbMoCrO6,1.4211040072499448
BiNdScVO6,1.4192040167348197
BiFeTiCoO6,1.4604222433449772
BiFeCoAuO6,1.4480959855463524
SmBiCoAuO6,1.4967383995960246
SmBiCoAuO6,1.428153694727057
BiSmTaTiO6,1.4305914243298463
BiCaInCrO6,1.4964680232440357
BiCdTaTiO6,1.4455468411443544
BiTmMoCuO6,1.480656135636425
BiCuAuAsO6,1.4565264374445772
BiLiTiAsO6,1.4174554146280351
BiAgZrIrO6,1.4782769614962323
BiAgAuAlO6,1.4729166787734622
BiAgInMoO6,1.4825802174710416
PrGdHoIrO6,1.4166633761523557
GdPrTbNbO6,1.4995338468348536
PrGdScCrO6,1.4323142137184721
PrGdYIrO6,1.4022810367288192
GdPdWVO6,1.466339165518907
PmGdHoMnO6,1.4265266929523346
GdPmTeVO6,1.433589433322664
PmGdDyAuO6,1.423972748092744
GdHoTmFeO6,1.4495642697922682
GdHgVBO6,1.4380704940230473
GdHgTiBO6,1.4988494193572002
GdKTbVO6,1.4050170489138394
GdKZrTiO6,1.4515905091877856
GdKMoAlO6,1.450973592768684
GdMnFeTiO6,1.4542496521521953
GdMnTeAuO6,1.4367755134386329
GdEuScNbO6,1.4461413852526304
GdEuYbVO6,1.4258681283684225
GdEuYbCrO6,1.4834952378626807
GdEuYbTaO6,1.4343871383817552
GdEuInTaO6,1.4549907039732664
GdErNbLiO6,1.4182709602842467
GdErNbAlO6,1.4796169350550505
GdErNbAuO6,1.4836072394672533
GdErTaCuO6,1.4500026800305665
GdNaTbFeO6,1.4783322242819674
GdNaVBO6,1.4102699678221025
GdNaCrAsO6,1.4004159824068239
GdNaTaAsO6,1.478635167683191
GdNbSbTiO6,1.4525810185836285
GdNdTbFeO6,1.4563081058591771
SmGdTbIrO6,1.4532146794022023
GdScTaCoO6,1.4134134195158283
GdSbTaCuO6,1.4953213550876452
CeGdTbAgO6,1.4600839047802658
GdTmTaCrO6,1.4496081655066146
GdTmTiAsO6,1.4579673181067168
GdTmYbAgO6,1.4699996354026854
LaGdDyIrO6,1.4469645185449433
TlGdLuTaO6,1.4186068958255147
GdTlMoAsO6,1.4961090246581774
GdDyMoAsO6,1.4684156855280333
GdAgZrAlO6,1.4777575498668916
PrPtVCoO6,1.4961951348932896
PrPbTmPdO6,1.4939892497419855
PrPbTmPdO6,1.4056554980369718
PrPbHoBO6,1.4529199823325223
PrPbDyMgO6,1.4994546763279555
PrPbSnMnO6,1.4318456801958637
PrPbMnAlO6,1.4905214201184642
PrPbWNiO6,1.452429429053444
PrPbCrZnO6,1.4117918091752288
PrPbErAgO6,1.400060869634237
PrPbTbFeO6,1.4702060774001797
PrPbTiVO6,1.4645100528312605
PrPbYbScO6,1.4083962246912656
PrPbTmSbO6,1.4994218180722676
PrPbTmTaO6,1.443325169797024
PrPbTmAgO6,1.4572157506359584
PrPbTaCuO6,1.4052833464623464
PrPbAgCuO6,1.4863691787630442
PrPbTcAsO6,1.4879625010288822
PrPbMoAsO6,1.4802087961556445
PrPdMnTiO6,1.4598503146099189
PrPdWNiO6,1.4597970529761257
PrPdZnCuO6,1.4979592947375464
PrPdCrBO6,1.4138614540577077
PrPdTeVO6,1.4040265060759776
PrPmHoMnO6,1.4295671871728004
PrPmHfCdO6,1.4780461523996946
PrPmTbHgO6,1.467860843589955
PrPmErMoO6,1.464700610015223
PrPmSmFeO6,1.4304306352022682
PrPmVAlO6,1.4298085346323097
PrPmDyCrO6,1.4948521693283607
PrHoHfMgO6,1.4806541308022747
PrHoTmHgO6,1.4348806665746223
PrHoScMgO6,1.492256119728427
PrHoCrZnO6,1.4747162452501947
PrHoTaZnO6,1.4446306343365478
PrHoErCoO6,1.4346583813507787
PrHoYbVO6,1.4107159657866877
PrHoScCrO6,1.4998637287954173
PrHoTmSbO6,1.4374128461458202
PrHoSbAuO6,1.4707299328103343
PrHoYbAuO6,1.433762659318768
PrHfFeTiO6,1.4061248600231477
PrHfCdTiO6,1.4364460626431206
PrHgCrBO6,1.4287689315856316
PrMgNbMnO6,1.4373387535496374
PrMgTiZnO6,1.4033850804254864
PrMgTiAlO6,1.4233029904439458
PrMgTeIrO6,1.4287608967906775
PrKNbMnO6,1.4128077190709076
PrKTaWO6,1.4292138637128928
PrKNbZnO6,1.442547308054178
PrKSmFeO6,1.4587105117082664
PrKTiBO6,1.4684815537360607
PrKTiCuO6,1.410579004147506
PrMnCrBO6,1.427998350158428
PrMnTeAuO6,1.4065724752644233
PrMnAuAsO6,1.4327477417312937
PrEuErAgO6,1.4547297382659783
PrEuNdVO6,1.427206143184763
PrEuNdAgO6,1.4345760314921576
PrEuYbFeO6,1.4267249332087364
PrEuScTaO6,1.4664154286145683
PrEuYbScO6,1.469907803037741
PrEuScAuO6,1.4484699331089395
PrEuScInO6,1.4079376258395253
PrEuCeSbO6,1.4710976540002885
PrEuCeSbO6,1.4289335453246652
PrEuYbSbO6,1.4320166692708396
PrEuYbSbO6,1.4338906550684154
PrEuCeCrO6,1.4716794499529458
PrEuCeAsO6,1.4509047215955768
PrEuTmCrO6,1.4877748693401671
PrEuTaCrO6,1.4567964901611203
PrEuLuTiO6,1.4837318253668204
PrEuZrTiO6,1.4798356041529628
PrEuTbAgO6,1.4828874685462827
PrEuYbAsO6,1.4085763548966173
PrErTmNiO6,1.4797725179316594
PrErYbNbO6,1.4259452648486957
PrErScVO6,1.4131615837553517
PrErTmCoO6,1.4177302007961512
PrErTbTiO6,1.444351076943538
PrNaNbIrO6,1.434670922896285
PrNaFeTeO6,1.4888460226825238
PrNaTbSiO6,1.4616444614631714
PrNaTaSiO6,1.4111888021114087
PrNaTaVO6,1.454631797845138
PrNaZrIrO6,1.412530906573328
PrNbVAlO6,1.4405565458127028
PrNdSmFeO6,1.4574313702944384
PrNdCeFeO6,1.4785630456786638
PrNdFeTiO6,1.438819799682846
PrNdTbFeO6,1.467130915688205
PrNdDyFeO6,1.4025388950574307
PrNdCeVO6,1.450560017186235
PrNdCeScO6,1.495053435192818
PrNdScCrO6,1.4125013704911749
PrNdLuCoO6,1.4861681792796213
PrNdTbCoO6,1.4093140048937804
PrNdYCoO6,1.4706180740397794
PrNdCeMoO6,1.4863322788438693
PrNdLuCrO6,1.4540558713887082
PrNdDyTaO6,1.4484730950426414
PrSrCeVO6,1.4198346857910624
PrSrCeSbO6,1.498549579774622
PrSrTaTiO6,1.4587179681146767
PrSmVAlO6,1.4535189607825085
PrSmCaCdO6,1.4445460615779286
PrSmCeCdO6,1.4327921501437826
PrSmCeCuO6,1.4578161409204116
PrSmDyCuO6,1.4517052180946897
PrSmTbTiO6,1.4353834766644238
PrSmYbTiO6,1.4839351239504588
PrSmYTiO6,1.4413346833940588
PrSmTiAlO6,1.4428141304994095
PrSmTiAlO6,1.4274144638874386
PrSmTbAgO6,1.4632631313323412
PrSmYIrO6,1.4011965806353626
PrCaTmTiO6,1.4965438110035827
PrCaTmIrO6,1.4241418548429512
PrCaTbIrO6,1.4715462095983531
PrCaAuAlO6,1.4409105274105125
PrCeYbAgO6,1.4762220108768176
PrCeYbAlO6,1.4504077290810404
PrCdInTaO6,1.4595845272361523
PrTmYbCrO6,1.4078230504825262
PrTmTbTiO6,1.4813986297121413
PrTmYbAlO6,1.4545868839413099
PrTmDyAuO6,1.4950476359435445
PrTmInMoO6,1.4767840697942605
PrCuIrAsO6,1.4051095900903952
PrLiMoAsO6,1.4990259061432671
PrTlTaTiO6,1.4137908494588978
TlPrDyIrO6,1.4358832120347267
PrAgInMoO6,1.4593546893668268
PbPtWBO6,1.4998452131502717
PbPtZnCuO6,1.4682430016570978
PbPtVCuO6,1.4340001600645977
PtKAuBO6,1.474705747096782
MnPtWNiO6,1.4671089311728702
PtWZnCuO6,1.4280738484855675
PtNiCoAuO6,1.450991433819738
NbPtCuAuO6,1.4673023177567985
NbPtIrAsO6,1.4194362818859692
PbPdWNiO6,1.4149881687858175
PbPdZnCuO6,1.4812430673239505
PbPdFeVO6,1.4873794051036875
PbPdFeTeO6,1.4183878657637543
PbPdTiAlO6,1.4650619344197757
PbPdIrAlO6,1.486305103042027
PmPbMnTiO6,1.4752722405779888
PbPmScZnO6,1.427181142518836
PbPmScFeO6,1.436460254509561
PbPmMoVO6,1.418574953953597
PbPmCrCoO6,1.4867471953242055
PmPbCoAsO6,1.4130401221196864
PbPmTaCuO6,1.4463220763674693
PbHoInVO6,1.4075489694042396
PbHoDyCrO6,1.4945741529207714
PbHoTeAuO6,1.4777299508179538
PbHfCrCuO6,1.4903341930300216
PbMgMnSiO6,1.417013264933649
PbKTcSiO6,1.4436527474629235
PbKTeCoO6,1.4313416772440837
PbMnTiCoO6,1.4977072784569436
PbEuLuNbO6,1.4379013266580323
PbEuTiBO6,1.4695676228592056
PbEuZrSiO6,1.4610792486976165
PbEuTaCoO6,1.4769764102189078
EuPbCrAlO6,1.4405307416454378
PbErNbLiO6,1.437738536045567
PbNaVCoO6,1.4278730591692945
PbNaZrVO6,1.4873830060984885
PbNaTcSeO6,1.4761625396512466
PbNaZrAuO6,1.4557774889933117
PbNbSbTiO6,1.4453529231898936
PbNbTaCuO6,1.4710742768046294
NdPbFeVO6,1.4542998623121244
PbNdTaFeO6,1.4271529770111893
PbNdTiSiO6,1.4914064044245894
NdPbSnTaO6,1.4106641520431111
PbNdZrSnO6,1.4067490533629556
PbNdInVO6,1.4859348615441352
PbNdTmScO6,1.41736270176485
PbNdMoSeO6,1.446810224893178
PbNdTbCoO6,1.4016412096640143
PbNdTaCoO6,1.4289370712288785
PbNdYTmO6,1.4491643209996106
NdPbTbMoO6,1.4543079551101015
NdPbTaAlO6,1.4991275972120703
PbFeVCoO6,1.4774530824194552
PbFeTcAlO6,1.4120937800067168
PbSrTiSiO6,1.4652075519468817
SrPbSnTiO6,1.476760199772171
SrPbVCuO6,1.4375265167282423
PbSrZrVO6,1.4949185214076002
PbSrMoVO6,1.4206135583284873
SrPbSbIrO6,1.4910468345284682
SrPbCrCuO6,1.4496781451746892
PbSrTaCrO6,1.4883901078528263
PbSrDyCuO6,1.4810641301627963
SrPbTbTaO6,1.4910531886283052
PbSrMoAlO6,1.4907348472895476
PbSrAuAsO6,1.447442228649103
SmPbVCuO6,1.4941107466319892
PbSmTaVO6,1.491046361293733
SmPbVAsO6,1.4780683027042394
PbSmInVO6,1.4159277885942283
SmPbScSbO6,1.4984153298675855
PbSmYTmO6,1.4847934395430316
PbSmYCuO6,1.4609722766929238
PbSmYTiO6,1.4853682578849747
PbSmInTaO6,1.4183732533851618
SmPbZrInO6,1.4807045918284947
PbScSbCrO6,1.473306441345072
PbScTaCoO6,1.490449743033419
PbScTaTiO6,1.4956583368691323
PbCaLuCrO6,1.4943820007526978
PbCaDyAlO6,1.425277780571564
PbTmDyCrO6,1.4933643512112915
PbTmMoCrO6,1.4642357831749389
PbCsTaTiO6,1.4658383799217596
PbCrTeIrO6,1.4307023961888115
LaPbTbAgO6,1.479805423414021
PmPdWVO6,1.4203454262748314
HfPdFeCrO6,1.4146977178345446
HfPdFeTiO6,1.463516578786516
PdMgTiZnO6,1.438414081794866
PdMgAuBO6,1.4124355768174277
PdKAuAlO6,1.4101830903303556
PdMnNiVO6,1.4482525797170742
PdMnFeTiO6,1.4260271683395915
PdMnTcSiO6,1.4073669323715503
PdMnCrAuO6,1.4988335316567865
PdMnTiCuO6,1.4863330580589114
PdMnTiCuO6,1.4991965508380505
PdNiVAlO6,1.4034922428012742
PdNiVAuO6,1.4455383298658668
PdNaIrBO6,1.4238024513691896
NbPdVCoO6,1.4838201587978386
NbPdTiAlO6,1.4575944234027727
PdNdCrBO6,1.4313232337771218
NdPdVAlO6,1.4459030332741787
SrPdVAlO6,1.4080577137043855
SnPdCrCuO6,1.4208634123376194
PdSmTeVO6,1.4385113614277425
PdCuTcAsO6,1.4134039545968535
PmHoTmTaO6,1.4225711215752337
PmHoTbAgO6,1.4331895093276834
PmHoTbAsO6,1.4837069243073997
PmHgWAsO6,1.4643389701276068
PmMgCrBO6,1.4344178036244624
PmKTaMnO6,1.477018886593471
PmKSnFeO6,1.4124623024123586
PmKCrBO6,1.4540360366145548
PmKTiSeO6,1.4862385672539407
PmMnCrZnO6,1.4560335674191716
PmMnFeTiO6,1.416783108232359
PmEuYNiO6,1.4569680330518782
PmEuSmNbO6,1.4016463749234016
PmEuYbNbO6,1.4332983726686457
PmEuCeScO6,1.467313083882787
PmEuYCoO6,1.4868056406618433
PmEuLuAgO6,1.4766923329786303
PmErCrBO6,1.479033989074254
PmErDyAsO6,1.470405445895856
PmNaZrSeO6,1.4727877261218565
PmNaMoAlO6,1.4752050864799717
PmNbSbAuO6,1.4256263460594336
PmNdCeFeO6,1.495570433435623
PmNdCeTaO6,1.4785253560995262
PmNdCeMoO6,1.4348326557399507
PmNdDyMoO6,1.42186038686236
PmFeCrBO6,1.4180078450976634
PmFeCrAlO6,1.4694169269350723
PmSrTbSbO6,1.4320332590158362
PmSrTaCoO6,1.4627055761540495
PmSmVAuO6,1.4422557093481445
PmSmDyTiO6,1.4878170394670975
PmLaYTaO6,1.4935771196515653
PmTlTaTiO6,1.4464786701227408
TlPmTbIrO6,1.4612352359047183
PmTlMoAlO6,1.4767498213395658
PmYbAuAlO6,1.4883134989719122
HoKVBO6,1.4867376074330805
HoKZrTaO6,1.4137565871897526
HoKMoAsO6,1.460285699928551
EuHoNbTaO6,1.4324855111739874
EuHoNbAuO6,1.4231948747290228
EuHoTmAgO6,1.4353155208940562
EuHoTbAgO6,1.4785896214086292
EuHoYbMoO6,1.4604618765373993
EuHoDyAgO6,1.4225921553113703
HoEuInAuO6,1.4655123080763501
HoErYbNiO6,1.4258127561343972
HoErTmCrO6,1.4527671248212475
HoErYbMoO6,1.46241884676248
HoNbFeTiO6,1.4463340041898294
NdHoTmAgO6,1.4135053749090802
NdHoTmAuO6,1.461414855299623
HoSmDyCrO6,1.4430424770344603
SmHoDyAgO6,1.429758144380655
CeHoLuIrO6,1.4300553401917921
HoCeYbTiO6,1.4523166487446282
HoTmTaTiO6,1.4773953726466977
TlHoTiAsO6,1.4670922805817226
HoLuTbAuO6,1.4909949185576394
HoTbDyTaO6,1.4134318950608251
HfHgNbCrO6,1.4497114957282073
HfHgTeAuO6,1.4514668668228814
HfKMoAlO6,1.4592249157836934
HfNaTaFeO6,1.4785189540539923
HfNaZrSbO6,1.4568372906438305
HfNbTaFeO6,1.4463713615175708
HfSnTiCoO6,1.4813670976577125
HfSmTaCrO6,1.4651629124381145
HfSmInTaO6,1.4109231094029178
HfTmMoAsO6,1.410922912986364
HfLiMoAlO6,1.439840605228505
HfLuZrAuO6,1.450366281303715
HgMnWBO6,1.4536300522056758
HgMnVAlO6,1.4768914392996695
EuHgNbCrO6,1.409503230867041
SmHgCrAlO6,1.4771374509041397
SmHgTeAuO6,1.4849161051074644
CeHgCrAlO6,1.4561038287492412
HgCsTaCrO6,1.4369244491260833
MgZnTcAlO6,1.4879433820170553
EuMgTiAlO6,1.4803236486398321
EuMgTeIrO6,1.4443723120985166
MgNdTeCoO6,1.4828014939210288
MgFeTiVO6,1.4203942400389455
MgFeTiCoO6,1.4375162515417967
MgCoTcAlO6,1.451676816555109
CaMgTcAlO6,1.4596243290121194
MgCdTaCrO6,1.402540369919323
LuMgTeAuO6,1.4129408628036098
KCsTaCrO6,1.4106273723871685
MnZnVCuO6,1.4937984001176625
EuMnFeSiO6,1.4393765859886116
MnEuTeCuO6,1.4014166528718943
EuMnTeIrO6,1.47875162678828
MnNiVIrO6,1.4051843192850229
NbMnVCuO6,1.465162796000272
NbMnVAlO6,1.4538847000954602
MnNbTiCuO6,1.4126246421391693
NdMnVSeO6,1.457097743634268
MnNdTeCoO6,1.464792660091532
NdMnCrAsO6,1.4817597567105762
MnNdAuAsO6,1.4516925463225558
MnFeCuBO6,1.4378181783940058
MnFeVCuO6,1.4800166483868957
MnFeVAuO6,1.4945626407215056
MnFeCoAuO6,1.4143162630079453
SnMnVCuO6,1.4206101841042589
MnSmTiCuO6,1.4668530802469364
MnVCuAuO6,1.4122390862928642
ScMnCrAlO6,1.4854025960353974
ScMnCrAsO6,1.4156690523020197
MnSbCrCoO6,1.4781464206272148
CdMnCrTeO6,1.4506768161844812
CdMnTcAlO6,1.4869656099032487
MnCrCuAuO6,1.4431749665217646
MnTiIrAsO6,1.4332825917833654
WNiVCuO6,1.4685669238855277
SmZnVAlO6,1.4667506577176368
EuErScCrO6,1.4959732420089176
EuErTbAgO6,1.4178357438853402
EuNaTeTcO6,1.4106280710041246
EuNdSmCoO6,1.4921552453894487
EuNdSmTiO6,1.4530619011233226
EuNdSmAgO6,1.477563600672981
EuNdCeMoO6,1.4166599982635586
EuNdTmAuO6,1.4538955025860922
EuFeVBO6,1.4099747439127681
SrEuSmVO6,1.491725417089052
EuSmCeCrO6,1.4229017349963442
EuSmTaCuO6,1.4073045235123185
EuSmTaCuO6,1.4655913725142824
EuSmYTiO6,1.4391661416194768
EuSmYbIrO6,1.435578441366133
EuSbTaTiO6,1.4185096158827066
EuCaTbAlO6,1.4637991696229857
EuCdCrAlO6,1.4486371977577852
EuTmTaCrO6,1.4095078387937257
EuTmYbTiO6,1.4610094639936713
EuLiTcAlO6,1.442196397991925
EuLuTbTiO6,1.4531095737940805
EuLuTbIrO6,1.4896214659404567
ErNaTaCrO6,1.4857253335786849
NdErTmMoO6,1.4217024876648532
NdErLuAgO6,1.4053578511835647
NdErDyMoO6,1.472845633309901
SmErVAuO6,1.407288229341556
ErSmTmSbO6,1.4709073012472071
ErScCrAlO6,1.4950829962572816
ErScMoAlO6,1.485825534107866
ErSbTaTiO6,1.470823778373223
ErCaMoAsO6,1.4422004213549673
CeErLuTiO6,1.4639685871622445
ErTmTbTiO6,1.4308866676723775
ErTmTeIrO6,1.4783659053527731
ErTmYbMoO6,1.4180022136160984
ErCsMoCrO6,1.411164175742163
ErCsTaCuO6,1.4434660340471026
ErLaTbTiO6,1.4820236506093847
TlErTbAgO6,1.4244038290209864
ErTlInTaO6,1.4925443176089594
TlErYbIrO6,1.481342789297025
ErTlMoAsO6,1.4788729212161653
ErTbDyIrO6,1.4138189454296615
NiNaAuSeO6,1.4775736330997655
NiNaAuAlO6,1.4472744866120149
NbNiVAuO6,1.4570856456589343
NiNdTcSiO6,1.4720294444742397
FeNiCoAuO6,1.471403376760931
SmNiVAlO6,1.4824520776198944
NiVCoAuO6,1.4918800230322131
SrNaVSeO6,1.470306293746319
SmNaVAuO6,1.4546795109515256
SmNaSbAuO6,1.4519692319454192
SmNaTaIrO6,1.4190014612862183
LaNaTiTeO6,1.4608927232014555
LaNaTbMoO6,1.4503284959449836
NdNbSbAuO6,1.4384031018293535
NbFeCrCoO6,1.4619197248624018
NbFeTiCuO6,1.4422913930446062
NbSnVAuO6,1.4445791139616706
NbSnCrAuO6,1.4794031005049109
NbScTaCuO6,1.4463650125991536
NbSbMoTiO6,1.473323894258938
NbCaTaTiO6,1.4384221313747247
NbCdMoCuO6,1.486334290556054
NbTmTaCuO6,1.491455629538858
NbCsTaCrO6,1.419223047218732
NbCsAuAsO6,1.4786099844727314
NbCrTeAsO6,1.476651330776837
NbAgMoAsO6,1.4568745365933475
NbAgMoAsO6,1.458842226662685
NdFeTiVO6,1.470595488646614
NdSrTbVO6,1.4534923494729703
NdSrTbSeO6,1.4888175903712995
NdSrZrTiO6,1.4114164814316432
NdSrMoAsO6,1.4569042121845222
NdSmVAlO6,1.4769779794260294
NdSmTaCrO6,1.4919891943364223
NdSmTaCuO6,1.4390377597904445
NdSmTbTiO6,1.4095882290570758
NdCaCrAlO6,1.4108009245873725
NdCaTaCuO6,1.482779012610137
NdCaTbTcO6,1.4570552048023782
NdCaTbIrO6,1.4339409610078577
NdCeTbAgO6,1.4529974897681086
NdCeTbAlO6,1.4965992971727355
NdCeYbAuO6,1.454604138318849
NdCdZrTiO6,1.49212425422712
NdTmTbTaO6,1.4770351208030372
NdTlAuAlO6,1.4740911845266165
NdTlAuAsO6,1.4136084527415236
SmFeVAlO6,1.4863826059982412
FeVCoAuO6,1.460916966079354
FeScTiCoO6,1.49532888837878
ScFeCoAsO6,1.4495160447301136
ScFeCrAsO6,1.4576316526806974
FeCrTiAlO6,1.4903269063142008
FeTiIrAsO6,1.422515238498809
FeYbAuAlO6,1.4555607167936966
SrCaZrTiO6,1.4298817257530891
SrCdTaTiO6,1.4710216885802667
SrYbMoAlO6,1.4023924851515053
SrAgMoAlO6,1.4700947298867686
SmSnVCuO6,1.468656444037558
SnTmTaTiO6,1.4503448551053868
SnCsTiCuO6,1.427905297015641
SnLuTaTiO6,1.4331372662392803
SmCaYbCuO6,1.4319164379892007
SmCaZrTiO6,1.4635679622193585
SmCaTbZrO6,1.4607029765716775
SmCeDyCdO6,1.4583722109148811
SmCeTmAuO6,1.4884994549490116
SmCeInCrO6,1.466379640708603
SmCeYbTiO6,1.4811075111376426
SmCeYbAlO6,1.4276932660988548
SmCeDyAuO6,1.4921086408954551
SmTmLuAuO6,1.4351194997218664
SmTmTbTiO6,1.4513459642166355
SmTmTaTiO6,1.4397629683675008
SmTmTbAgO6,1.4720840125604036
SmTmTbAgO6,1.4231590437306783
SmTmTbMoO6,1.4347448942795595
SmTmZrTcO6,1.4646512756057326
SmTmYbIrO6,1.4464950392215565
SmCrTeAuO6,1.4110225520279658
SmLaTbTiO6,1.4944332212271694
SmLiTaTiO6,1.4213826946387902
SmTlZrTiO6,1.498510652855313
SmLuYbTiO6,1.449858740213447
SmLuYbAgO6,1.4344842741617467
SmYbAgInO6,1.4201752598538893
SmYbZrAuO6,1.4166615001345533
SmDyMoAsO6,1.4242860101887802
VCoCuAuO6,1.4892797064668144
VCuIrAsO6,1.4413759833071025
VTlAuAsO6,1.4032910030424786
VAgAuAlO6,1.4477369129488755
ScCaZrCuO6,1.4672759329191203
ScCaMoAlO6,1.4396988521417993
ScTmZrCrO6,1.40856486941075
ScAgMoAlO6,1.4876889033763565
ScAgMoAlO6,1.4209552384345774
SbCeTaCrO6,1.4347931621408405
SbTmMoCuO6,1.4446086437234302
TmSbTiAsO6,1.4220758066449963
SbCsTaCrO6,1.418396437127431
CeCaLuIrO6,1.4306129905328948
CeCaTbAuO6,1.4509283131832718
CaCsTaTiO6,1.4916890474781348
CeCdZrInO6,1.488694622096799
CeTmYbAgO6,1.4349825942250243
CeCrTiAsO6,1.4189882410808063
TlCdZrInO6,1.4288476186543386
LuCdTeAuO6,1.4248088602645728
TmCsTbTiO6,1.4913773056614006
TmLaYbTaO6,1.4970047864044027
TlTmYbIrO6,1.4247904028020664
TmAgMoAlO6,1.4569316308683862
CsLiMoTcO6,1.4192431372151815
YbCrIrAsO6,1.4624304830763633
CrAgAuAsO6,1.405985604496558
LaLiTaTeO6,1.464972162404385
LaTlTiAlO6,1.4589183596450057
LaTlTbIrO6,1.4884430243549014
LaTlIrAsO6,1.4541679642849836
LaLuInMoO6,1.4941615654439477
LaYbMoAlO6,1.4252766349112886
LaYbMoAsO6,1.4903417103940486
LaAgInMoO6,1.4860709164153105
TlTbDyIrO6,1.4957310299729856
TlTbInMoO6,1.4934224407085115
TlDyMoAsO6,1.4727636593043802
YAgMoAlO6,1.4982970354002048
RuGeSiBeO6,1.4078860209827968
RuPdAsBeO6,1.457893093740261
RuHoSiBeO6,1.47811827587553
RuMgAsBeO6,1.42486303209559
RuZnAlBeO6,1.4882049179159598
RuVAlBeO6,1.4160249909800762
RuCeAlBeO6,1.40071431735746
RePtRhCoO6,1.4252159751219875
RePdIrBeO6,1.4156252085928989
RePmAuBeO6,1.4582424553745001
ReMnAuBeO6,1.476237919973454
ReLiIrBeO6,1.466676063400365
SmReZnAuO6,1.4094354979078776
ReVNiAuO6,1.4578784269414622
ReCoVCuO6,1.435032355387209
RbHgTaRhO6,1.4187416036870812
CsRbMnAsO6,1.4635681892454062
RbCsMoVO6,1.4363518194910936
RbLiSbMoO6,1.440941446033022
RhPtSiBeO6,1.4612812601572711
RhPtCoBeO6,1.4501152159591084
RhPbTcBeO6,1.4750165048026602
RhHgSiBeO6,1.4301229531596866
RhZnVBeO6,1.4029439058233897
RhEuVBeO6,1.4418244643146159
RhEuAlBeO6,1.4361420336271646
RhSmVBeO6,1.441731008963032
RhCoCuBeO6,1.4076971312467703
RhCuIrBeO6,1.4111771473148402
RhVOsAsO6,1.461777343842933
RhPdVGeO6,1.471045893635185
RhHoZnGeO6,1.4974473007623674
RhPrVGaO6,1.482055153898171
RhCoAuGaO6,1.4725277023587575
RhTlIrGaO6,1.4009123828452015
RhNiWCuO6,1.4538232460289946
NbRhWCuO6,1.4816693191726718
FeRhWCoO6,1.438536716728481
NbRhZnVO6,1.4915193510740636
RhCoVCuO6,1.4645774857747593
BaPbBiPdO6,1.4725943909351278
BaCaBiAlO6,1.4842695175119152
BaTlBiZrO6,1.487837059873028
BaPbTiOsO6,1.4103725590586416
BaPbOsAsO6,1.4678748511083302
BaMnOsSeO6,1.4895538584386694
BaMnOsAlO6,1.4678982106732659
BaEuCeOsO6,1.4904552068224257
BaFeOsAsO6,1.4737558795698342
BaHgWGaO6,1.4491962843007562
BaNdCrGaO6,1.4181339272644709
BaSmTaGaO6,1.4119692149623304
BaNdPrMoO6,1.4875712867967483
BaNdTePtO6,1.4969060270616923
BaSrPbTiO6,1.4787708616568411
BaSmCePbO6,1.4898938291286883
BaCaPbZrO6,1.4270019012697557
BaMnPdTiO6,1.4220652465265327
BaNdSmPdO6,1.4064885706572827
BaCaTaPdO6,1.4740767331384987
BaEuHfTiO6,1.420366209248387
BaSrCeHfO6,1.4202487810503073
BaTmHfCrO6,1.480259932067211
BaSrMnVO6,1.4674682042611062
BaSrMnAsO6,1.4475724085024384
BaSmZrMnO6,1.4493080363656443
BaEuTbWO6,1.4042191694905237
BaNaWSeO6,1.486391606940778
BaCsCrWO6,1.4577994747597955
BaNdSmNiO6,1.417256820374004
BaSrZrNiO6,1.4773143569930784
BaCdZrSiO6,1.4396540783453793
BaCaSbAuO6,1.444232012115956
BaTlIrSeO6,1.4437104860023475
BaCsTaCoO6,1.4780955558618076
BaTlCrTcO6,1.4111161155242955
BiPdOsAsO6,1.496883078671646
BiPrZrGeO6,1.423702277247699
BiPdVGeO6,1.4085554552486221
BiHoHfGeO6,1.4405594010228808
BiHoTiGeO6,1.4877641847253988
BiNaMoGeO6,1.4425558385790758
BiNbTaGeO6,1.4640024810389558
BiCeCrGaO6,1.4217796047145383
BiCsAuGaO6,1.4419755987677367
BiLaTiGaO6,1.4673958988328353
BiCoPtAsO6,1.4495355782776238
BiPmScPdO6,1.4670580100334154
BiKSnPdO6,1.492509442364033
BiKMoPdO6,1.4094792408276084
BiMnPdCuO6,1.4278740404207397
BiNaMoPdO6,1.4711147111871905
BiNbSbPdO6,1.4014615128684575
BiNbPdCoO6,1.4548169822577348
BiSmZrPdO6,1.4603054166549656
BiScMoPdO6,1.4218784296079574
BiCaZrPdO6,1.4221720750667706
BiTmMoPdO6,1.4824001567014131
BiCsZrPdO6,1.4797010207072951
BiYInPdO6,1.4108040309609156
BiAgZrPdO6,1.4737778978034644
EuBiHfCoO6,1.4633058923855438
ErBiHfTiO6,1.4872572013222363
BiAgHfIrO6,1.424826939430864
BiEuInHgO6,1.4194394956438323
BiNdInHgO6,1.4326960814435552
BiSmScHgO6,1.4450984816580246
BiScInHgO6,1.4126642189088519
BiAgZrHgO6,1.4039813782869972
BiEuScMgO6,1.4761574948956886
SmBiMgCuO6,1.4383453613036146
BiSmZrMgO6,1.493653853020959
BiScMgTiO6,1.4186847101551157
BiEuMoMnO6,1.4305325463889427
BiNdMoMnO6,1.4162244066748493
BiFeMnTiO6,1.4481656970586978
BiScMnCoO6,1.4551022648992495
BiSbMnCrO6,1.4591618215361812
BiCaZrMnO6,1.411483158456118
BiCdMnTiO6,1.4866722813871687
LaBiMnAsO6,1.4840409619961552
BiAgMnAlO6,1.4975717255627965
BiZnWAsO6,1.41172816131066
BiNdScZnO6,1.4649352040605608
BiSmMoZnO6,1.4806449641973047
BiSbCrZnO6,1.4718318270334805
BiYbZrZnO6,1.411360404793093
BiSrTiNiO6,1.4477979130924354
BiCaTiNiO6,1.4570647531039762
BiAgNiAuO6,1.4238345598092064
NdBiNbCuO6,1.4044671461592864
BiScNbAlO6,1.438061478011628
BiCdFeAsO6,1.4300328307493775
BiCaTiBO6,1.4008451200122491
BiCsCrBO6,1.4372775946640695
BiTmTaVO6,1.445323627971315
BiLiMoVO6,1.472977645680305
BiAgZrVO6,1.4329471721845841
BiAgMoVO6,1.4907141749959536
BiLiSbIrO6,1.4990266261430165
BiTmAgCoO6,1.4856990692622092
BiTiCoAuO6,1.4733490101056526
YbBiCrAlO6,1.464799911109456
BiAgInCrO6,1.4836162744409334
BiDyInTiO6,1.426643008586991
BiAgTaIrO6,1.4226710491901773
BiAgTaAlO6,1.4540215149171951
GdPmCrGaO6,1.445736614154658
GdCdZrGaO6,1.498047956751864
GdCsCrGaO6,1.4113848867824814
GdSmTbPtO6,1.4991088333578135
GdNaPbTiO6,1.4923110051302453
EuGdPdBO6,1.463940271401094
GdSbMoPdO6,1.4642731096970387
GdTmTbPdO6,1.4965729972852015
GdLaInPdO6,1.4032156684218031
GdTlDyPdO6,1.4447960108535334
GdTmHoAuO6,1.4552562402532863
GdNbMnTiO6,1.479749382226019
GdCrMnAsO6,1.412234800563183
GdTlZrMnO6,1.4639707863638771
GdLuTaMnO6,1.406474796098671
GdYbMnAsO6,1.4827759144662775
GdFeWAsO6,1.433607682279495
GdSrMoZnO6,1.4779367367833014
GdTmTeZnO6,1.4595959291690987
NdGdErIrO6,1.4224908783341899
SmGdErVO6,1.428668248630876
SmGdErAuO6,1.491878154083346
GdLuErIrO6,1.445476227082177
GdTbErAgO6,1.4778296623014004
GdSmDyNbO6,1.4249027769928042
GdSbNbCrO6,1.4644569620072336
GdTlTbNbO6,1.4262421992783272
TlGdNbIrO6,1.4026599568551266
GdTlZrNbO6,1.494323392199704
GdTbNbAlO6,1.4024116233667732
GdLiFeTeO6,1.4567004410647746
GdSmVBO6,1.4841918734847563
GdCsTbSnO6,1.4742532907916188
GdTmZrVO6,1.4921361734667489
GdTbVAlO6,1.4196293171587386
GdTlYSbO6,1.469297115982025
GdLuTmAgO6,1.4309685690364229
GdYLuAuO6,1.4809607563480147
GdTbTiAlO6,1.4496267662878566
PrEuTbPtO6,1.4952047103133148
PrNaNbPtO6,1.4905441376318413
PrSmPtAuO6,1.4816341417878394
PrCsTbPtO6,1.4268367764364416
PrLuTbPtO6,1.4788309281073169
PrNdSmPbO6,1.4947110013691445
PrSmPbVO6,1.413346728651009
PrSmPbYbO6,1.470460785781355
PrHfPdMnO6,1.4454943390426445
PrMgPdAlO6,1.4452392090486845
PrMnPdZnO6,1.4975474474028296
PrEuSmPdO6,1.4033023924141346
PrEuTmPdO6,1.4564388353981859
PrNdScPdO6,1.4974572048708148
PrFePdAuO6,1.4860828357532445
PrSrSnPdO6,1.4206499315080432
PrSrTbPdO6,1.4335928533143845
PrSmYPdO6,1.4285090558414617
PrScZrPdO6,1.4139198350653364
PrTmYbPdO6,1.4907702301206103
PrCrPdCuO6,1.4897937179871852
PrTiPdAsO6,1.4743325055731438
PrTbDyPdO6,1.459694460728088
PrAgPdAsO6,1.4876559676028314
PrNdPmTiO6,1.4757284298080104
PrSmPmVO6,1.4352542537551176
PrEuHoFeO6,1.463205384262163
PrNdHoCuO6,1.4394119130571903
PrSmHoCrO6,1.4507599201675339
PrSmHoAgO6,1.4758273194969882
PrSmHoIrO6,1.4139002616192864
PrTmHoCuO6,1.4251259135555803
PrTmHoTiO6,1.459228869916866
PrTmHoAsO6,1.498270508176998
PrLuHoTiO6,1.4794520312516521
PrTmHfTiO6,1.4402333021337423
PrYbHfInO6,1.4376733368208057
PrEuCeHgO6,1.4389514146770386
PrErLuHgO6,1.452674816489085
PrSmYbHgO6,1.4418890466454513
PrTbInHgO6,1.418740734480447
PrSmScMgO6,1.466670050716403
PrLuZrMgO6,1.4529293964976082
PrErTmMnO6,1.4425085298488773
PrSrInMnO6,1.434502391377814
PrSnMnCuO6,1.495333704816381
PrTmLuMnO6,1.4777444560417605
PrAgMoMnO6,1.4995125358653871
PrZnWVO6,1.483074658869271
PrEuWBO6,1.478487899340812
PrNaWAsO6,1.4508692987013807
PrVWAsO6,1.438949933425468
PrTmWAsO6,1.4116672111113024
PrEuSmZnO6,1.432213687266986
PrNdMoZnO6,1.4268442146826563
PrSmAgZnO6,1.4191152087614909
PrScTiZnO6,1.4115871506826445
PrSbCrZnO6,1.4102925426319897
PrSbTeZnO6,1.4809784967852868
PrTmTeZnO6,1.4213612772869466
PrTmMoZnO6,1.4457189745939631
PrCsMoZnO6,1.4219094496818558
PrLuZrZnO6,1.4570390689043788
PrTbTaZnO6,1.4783204241589287
LaPrEuTaO6,1.4329192865540858
TlPrEuTiO6,1.422399822411401
PrTmErMoO6,1.4049580246052245
PrYbErAuO6,1.4783100917602805
PrNdCeNiO6,1.4130581812067053
PrCoNiAuO6,1.455981862621807
PrCaTaNiO6,1.4933946409528007
PrCaYNiO6,1.497817838384046
PrTmNiAuO6,1.4706013050933548
PrCsTeNiO6,1.4073866503193277
PrSmNbIrO6,1.4071505018160881
PrSmNbAlO6,1.404772956796082
PrScNbAuO6,1.4969298684131311
LaPrNbTaO6,1.4428519826937782
PrTbNbAuO6,1.446190942088228
PrTbInNbO6,1.4662724750377703
PrAgNbIrO6,1.4998760981026156
LaPrNdTaO6,1.4386724550770857
PrSmScFeO6,1.409431375671866
PrCdZrFeO6,1.4870195946909202
PrTlMoFeO6,1.4617093368903264
PrAgFeAsO6,1.4906813345103105
PrSrAuBO6,1.4521261559565173
PrCeYbBO6,1.4503960961362332
PrTmYbBO6,1.4319118104154045
PrLiTiSiO6,1.4775261460165694
PrCeSmAgO6,1.4443530306469183
TlPrSmTiO6,1.4731410172245325
PrCdZrVO6,1.4416444652634697
PrYbScAgO6,1.4874642802686557
PrTlTbSbO6,1.4143247518454571
PrTlYbSbO6,1.4083195292951467
PrAgSbAuO6,1.4724089546414223
PrTlTiSeO6,1.4677274894993206
PrTmLuCoO6,1.442173438525217
PrTmTbCoO6,1.4062396118881257
PrTmTbCoO6,1.4590707309791127
PrCsTaCoO6,1.4602544652718954
PrCsZrCoO6,1.4703617115547967
PrTlDyCoO6,1.4526021347459424
PrTlZrCoO6,1.4895964839542568
PrYbZrCoO6,1.4600822041792703
PrTlDyCdO6,1.4427607767683994
PrTbYbCdO6,1.4788023262998269
PrLuTmMoO6,1.4980089088672435
PrLuCrAuO6,1.4603412410226797
PrTlZrCuO6,1.4015960737537192
PrYbLuIrO6,1.4704021552443554
PrTbYbTiO6,1.424038769267124
PrAgInTiO6,1.4356977617563054
PrYbTbAlO6,1.484521406865354
PrYbTbAuO6,1.4082683559730258
PtNiWCuO6,1.4723568355336343
SrPtWAsO6,1.490843832404665
ScPtWCuO6,1.4666150097391033
CrPtWAsO6,1.4738864731951162
TaPtZnAuO6,1.449782624821409
TePtNiAsO6,1.4476836011810028
TbPtNiAsO6,1.4927024258961832
PtVTcSiO6,1.4282090870803144
PtCsAuSiO6,1.4038773184850464
PtCoVCuO6,1.422513097264024
PtTcCuAuO6,1.4328954398120504
PbMnPdCoO6,1.4004934716001105
PbEuScPdO6,1.4509068932820102
PbEuYPdO6,1.4331964780453705
PbNbPdCuO6,1.4615466755731534
PbSmTmPdO6,1.4108759645629316
PbScPdCoO6,1.477986929181401
PbScTaPdO6,1.4489538336541978
PbSbTaPdO6,1.4534984993797
PbTmYbPdO6,1.4832176909160946
PbTlLuPdO6,1.4992005827895876
PbTbMoPdO6,1.485195752368378
SmPbHoAgO6,1.4846799066917478
EuPbHfBO6,1.483358265289591
EuPbHfSiO6,1.4214327275775287
PbNaHfNbO6,1.4063244419818837
PbNaHfVO6,1.4651508840884946
SmPbHfIrO6,1.4109893711682833
SmPbHfMoO6,1.4780196490575999
PbNdYHgO6,1.4469444018654611
PbSmTmHgO6,1.4910482737132864
PbCeInHgO6,1.4894327292069096
PbYZrHgO6,1.4127781363247802
PbNdYbMgO6,1.481620376003448
PbSmDyMgO6,1.4047950666471543
PbTmTbMgO6,1.4918587056355874
PbLaInMgO6,1.4059827303309842
PbEuSnMnO6,1.4756625986604184
PbNaMnCrO6,1.4981877247892037
NdPbMnAlO6,1.4427604182128806
SrPbMnTcO6,1.4835989801740697
SmPbMnCuO6,1.4122094226548036
PbSmTbMnO6,1.4359392107876943
PbScTaMnO6,1.4050009698775547
PbCdMnTiO6,1.4500049189778423
PbLaYbMnO6,1.4360011083881958
PbTaMoMnO6,1.455790225095169
PbYbDyMnO6,1.420545587031567
PbAgMnAlO6,1.4802469002618075
EuPbWBO6,1.4391072626262948
PbNaWTcO6,1.4797308570911967
SmPbWVO6,1.4639891287260909
PbNdZrZnO6,1.4519508569006168
PbCeYbZnO6,1.4790487082546717
PbTmCrZnO6,1.46776211576493
SmPbErCoO6,1.4033071136558786
PbCaErIrO6,1.4831732452741577
PbNaZrNiO6,1.4888684380794943
PbSrLuNiO6,1.4594301488426602
PbSrTiNiO6,1.4279139664061986
PbCaTiNiO6,1.4772990822951304
PbTbYbNiO6,1.422953937522656
PbSrTbNbO6,1.40389856919544
SrPbNbTaO6,1.4146225181665504
PbSmLuNbO6,1.422005456098505
SmPbNbAlO6,1.444730472581821
PbCaNbCuO6,1.4879225652326629
TlPbNbIrO6,1.483956063673555
PbSnFeVO6,1.4536014814618747
PbSmCaFeO6,1.4634496047032524
PbSmTmFeO6,1.4482900214867933
PbSmTbFeO6,1.426014517076044
PbSmTaFeO6,1.491717696762736
SmPbFeAuO6,1.4440373537188882
PbCaTaFeO6,1.42842207337291
PbYbDyFeO6,1.4345883840562412
PbYbZrFeO6,1.420335835778408
PbCaYbBO6,1.4459496457845735
PbAgIrSiO6,1.4370321734703662
SmPbSnMoO6,1.4886880421900568
PbScTaVO6,1.4687832323694237
PbCaTeVO6,1.4995790313841486
PbTmTbVO6,1.4213946585220665
PbTmVIrO6,1.4512749068788375
PbCrTeVO6,1.4564136232273894
PbLaTbVO6,1.492503990151771
PbLiTiVO6,1.4507249220145813
PbTlLuVO6,1.4425955193781899
PbTlMoVO6,1.4702196134890972
PbDyScInO6,1.4822742669201943
PbCaTiCoO6,1.4063619229875923
PbCaYCoO6,1.4231486654403214
PbTmTaCoO6,1.4260379578340898
PbTlTbCoO6,1.4434089589345145
PbTlLuCrO6,1.4972840399988487
PbTlMoCrO6,1.4492889900749968
PbAgMoCuO6,1.4750965982631938
PbTaMoTiO6,1.4169890311299627
PbDyTbAgO6,1.483544304648082
PbDyYbAgO6,1.471495964958716
NaPdMnAsO6,1.4509647438047908
PdFeMnTiO6,1.4130282509870007
SmPdMnCrO6,1.4279648883470295
SmPdMnTiO6,1.4781007780714408
CePdMnCrO6,1.466819192943899
TaPdMnAuO6,1.4631028283550147
ErPdWVO6,1.4452405445646006
ScPdWCuO6,1.4417615611584218
SbPdWCoO6,1.4188683291484419
SbPdWCuO6,1.4144325713840646
TbPdWAsO6,1.4428795365982585
PdErTiZnO6,1.4366510547810374
PdSmTiZnO6,1.4390209683580055
PdTmTiZnO6,1.4372530490031359
PdLuTiZnO6,1.4184934174502266
PdNaTiNiO6,1.480515791373662
SmPdNiTcO6,1.413988843954763
PdCuNiAuO6,1.4603862262716485
SbPdFeCrO6,1.473957926405523
CePdFeTiO6,1.4583273887804826
PdCuAuBO6,1.4135289992558613
PdAgAuBO6,1.4925842679325623
PdCoVAsO6,1.4587881841245223
PdCaTiVO6,1.4995595737942407
PdCrTeVO6,1.4214862714642065
PdCuVAlO6,1.4537305070339746
PdCsTcSeO6,1.4572206699753616
PdCuCoTcO6,1.4728860867120044
PmEuHoSbO6,1.4178458759891734
PmErHoFeO6,1.495864099544853
PmLuHoIrO6,1.4950134851950612
PmErHfCdO6,1.4060999091911988
PmNaHfNbO6,1.4302924644915302
PmNaHfSnO6,1.49473826790729
PmNdHfTaO6,1.4305959696023183
PmCaHfTaO6,1.4397667956709572
TlPmHfTiO6,1.4947849791790324
PmTlTbMgO6,1.4613609341045806
PmErDyMnO6,1.45616305665201
PmNaMnTeO6,1.488930698610484
PmNdTbMnO6,1.4429459578963955
PmLaTbMnO6,1.45043732478777
PmLiMnAlO6,1.4321592178019424
PmFeWCuO6,1.4397461017251794
PmCuWAsO6,1.466703705130218
PmEuTeZnO6,1.451980522335225
PmErTeZnO6,1.4123195409936684
PmTlTiZnO6,1.4917824563915483
PmDyErIrO6,1.4713841287420664
PmSrSmNiO6,1.438713322571288
PmTlTaNiO6,1.4133291195253745
PmTlTaNiO6,1.4095215097480533
PmTlZrNiO6,1.4831029945385485
PmDyZrNiO6,1.4080482095964357
PmLaLuNbO6,1.419118886521373
PmAgZrNbO6,1.408307678856906
TlPmFeTiO6,1.4258706597056634
PmTlTbFeO6,1.4467770805108056
PmYZrFeO6,1.4215602546790458
PmCeLuBO6,1.4327558517099808
PmCsCrSiO6,1.4461817074651333
PmCsTcSiO6,1.4358151384847813
PmTlTcSiO6,1.4828063397694438
PmSbTiVO6,1.4219063830335101
PmTmVAlO6,1.467990960864844
PmLiTeVO6,1.4843772286757244
PmTlTaVO6,1.4928744527416993
PmYZrVO6,1.4059715678093527
TlPmScTiO6,1.4180620721583137
PmLiSbTaO6,1.4607390634588349
PmAgZrSbO6,1.4282976492285704
PmTlTiSeO6,1.4245127705662695
PmDyZrCrO6,1.4204440053179588
PmYbZrTiO6,1.4346575313167829
PmDyTeIrO6,1.4855647409277473
HoTmHfInO6,1.4364400225138407
HoTlZrHgO6,1.4693367660119854
HoLaDyMnO6,1.4363765966277575
HoNiWCuO6,1.444033257217765
HoTbWAuO6,1.4468576987617565
HoNdMoZnO6,1.4259996110091038
HoScCrZnO6,1.459311812874782
HoTmCrZnO6,1.4161229304628933
HoLuTbZnO6,1.4586675487047087
HoInMoZnO6,1.4746718135524273
HoCsTeNiO6,1.4558324389438582
HoSmTmNbO6,1.4309795598519208
SmHoNbTaO6,1.4657394087887161
HoLuTbNbO6,1.4375515882858667
HoAgFeAsO6,1.467728961571889
HoSmCrBO6,1.4171504290129115
HoScCrBO6,1.477598126567576
HoTlLuVO6,1.462302626113137
HoDyZrVO6,1.4598792731270154
HoAgVAlO6,1.4930806420877352
HoLuScAlO6,1.4524624560568997
HoTlTbSbO6,1.4600270733989704
HoCsCrSeO6,1.4336260102381388
HoCsMoSeO6,1.4764152806098092
HoTmTbCoO6,1.442984987482609
HoCsCrCoO6,1.4845924580082095
HoLuTmIrO6,1.4937604182315134
HoTlLuCrO6,1.4822239256699994
HoInMoCrO6,1.40189550409827
HoTlTaCuO6,1.4471299146145506
HoYbTbMoO6,1.4213869078222416
SmHfHgTiO6,1.4654224940550942
HfTlZrHgO6,1.415559411763218
HfAgZrHgO6,1.4425892191441034
HfNdZrMnO6,1.4276738861915272
HfCrMnTiO6,1.4070051254529128
HfFeWCoO6,1.4129528103959574
HfFeTiZnO6,1.4165096552890881
HfSbCrZnO6,1.4531427100606737
HfCeCdZnO6,1.4898435343782563
HfCsTaZnO6,1.4440853004885064
HfTeNiAuO6,1.462717184294117
HfNdInNbO6,1.414652182471931
HfSbTaFeO6,1.4428364038585857
HfSbMoFeO6,1.417750183235146
HfLuTaFeO6,1.4140665737109719
HfTmTaVO6,1.4711213444372657
HfTlInVO6,1.4192426221602665
HfTlMoVO6,1.4264306203852246
TbHfVAuO6,1.4668693156296155
TbHfSbAuO6,1.451791542622143
HfCaTaCoO6,1.4088450881871286
HfCuCoAuO6,1.4175846232296363
HfTlTaCoO6,1.464848706819898
HfTlTaCuO6,1.4082078496756922
HfTlTaCuO6,1.420611487788272
EuHgMnCrO6,1.4517254262386872
CaHgWAsO6,1.4775362490473867
LuHgWAsO6,1.4206587721400048
HgCdTcSiO6,1.4307580580425918
CeHgSnTiO6,1.4572556243842325
LaHgSnMoO6,1.4252765679355808
ZrHgSnMoO6,1.4328019730075439
YbHgTcAlO6,1.4147365985861646
NdMgMnAlO6,1.490252256319672
MgFeMnVO6,1.4383945539963194
MgFeMnSeO6,1.452355957461083
SrMgMnTiO6,1.4123286267446817
SrMgMnAsO6,1.4805674328845435
SmMgMnCrO6,1.4316555757197527
YbMgMnAlO6,1.4326065943753017
CaMgWAsO6,1.416914008267635
MgCrTiNiO6,1.4189976647358395
TlMgNbAlO6,1.4392022328978944
CaMgSnTaO6,1.4802869083930807
DyMgVAlO6,1.454384753881946
DyMgTcAlO6,1.4791125920992871
KNaTaMnO6,1.4312806352734142
CsKMnCrO6,1.4998110742308803
KNaCrWO6,1.4090045658058905
CsKSmMoO6,1.499042405596751
CsKVTcO6,1.4291263368416656
EuMnWCoO6,1.4982860978750572
ErMnWAsO6,1.4738428000863977
MnNiWBO6,1.4008037825813433
NbMnWCuO6,1.4600296495223672
SmMnWVO6,1.4087813650215526
YbMnWAlO6,1.447329490996368
MnErTiZnO6,1.428819951497701
MnNaCrZnO6,1.4365701076813613
MnNaTeZnO6,1.403747297853847
MnNdTiZnO6,1.479513954248304
MnFeCrZnO6,1.492999344544837
MnSmTiZnO6,1.4097131287887505
MnTiTeZnO6,1.4529872327255156
TaMnZnAuO6,1.4697675606103777
NbMnNiAuO6,1.4407473105600108
MnFeTiNiO6,1.4643233923990382
ScMnNiAuO6,1.4121797115875065
MnCsCrNiO6,1.4659339882182612
MnLiTiNiO6,1.4943705674792496
SmMnFeTiO6,1.4424972649195233
SbMnFeAsO6,1.4936168818292266
MnCrFeTiO6,1.4195460071204722
LuMnFeAsO6,1.4879777708923092
TaMnFeAuO6,1.4557455088545452
MnTlTiBO6,1.4351093224242677
MnCsCrSiO6,1.4468394515728997
MnCsAuSiO6,1.4096717289626417
ScMnVCoO6,1.4117082614053895
MnCuVIrO6,1.443117711913473
TaMnVAuO6,1.4202199519163548
YbMnVAsO6,1.4701377553551576
MnCsTcSeO6,1.4559547738507421
MnTiCrAsO6,1.4938577697083404
MnLaTiCuO6,1.4564393572602659
DyMnTeIrO6,1.4237073612289632
SnWZnVO6,1.408601952983835
SnWNiCoO6,1.450822986010141
WCrAuBO6,1.405243050232894
WIrCoAuO6,1.448962970157481
CrZnVAlO6,1.433057359949045
TbZnVAuO6,1.4602207883866456
EuNdNbTaO6,1.4927250875322173
EuSrSmNbO6,1.4714625379303221
SrEuNbTaO6,1.4289190117858666
EuCsTbNbO6,1.4806103925082366
TlEuNdTiO6,1.4891883250663447
EuSbFeAsO6,1.4813112687285208
EuCaFeTeO6,1.4156426514057396
EuTlLuFeO6,1.4173601289192739
EuLuFeTiO6,1.4742634591376416
EuSrTeBO6,1.4803509764971379
EuCaIrBO6,1.4531502632517488
EuCaSnTaO6,1.4377481068337326
EuTiVAlO6,1.443572716639914
EuYbVAlO6,1.4247909146057898
EuAgMoVO6,1.4727086374517255
TlEuScInO6,1.4695415359496542
EuTmSbLiO6,1.4058336954521935
TlEuCeYbO6,1.4038328597394116
EuDyTmAgO6,1.4321226624796235
EuTlTaCrO6,1.4128583017347676
EuDyCrAlO6,1.4202200432297232
EuAgMoCrO6,1.4039726235574328
EuTbTaCuO6,1.4680719432231488
EuYbZrTiO6,1.4259886447558323
EuYbTaAlO6,1.4919442131830059
EuYDyAsO6,1.4274191268423044
ErSmTmNiO6,1.4111187295138523
ErSmInNbO6,1.433927348672806
ErSbNbCrO6,1.4050925740472375
ErLuNbAlO6,1.457187293121905
ErSmYbFeO6,1.4809649501010573
ErLiFeTeO6,1.4074540730515448
ErSrTiBO6,1.4182879757956903
ErCdTiBO6,1.4527528467361615
ErLuAuBO6,1.4147759252227587
ErYbZrVO6,1.419617599288763
LaErScAlO6,1.4124885322558518
ErCsTcSeO6,1.4584938779250125
ErCsCrCoO6,1.408922565879239
ErLaDyCoO6,1.4067812989381683
ErYbDyCoO6,1.4270714692220234
ErLiCrAlO6,1.4900704313573852
ErTbTaCrO6,1.4580926938285412
ErLaLuCuO6,1.4025889413217982
ErLiTaCuO6,1.4361020463320977
ErDyTbIrO6,1.4971317510442819
NiSmVBO6,1.4523129077630907
NiAgAuBO6,1.479897689640154
NiCaTcSiO6,1.445017372199772
CrNiVAuO6,1.4285018544625605
NiCsAuSeO6,1.4291929095052824
TaNiCoAuO6,1.4923803388980847
TaNiTcAlO6,1.4848118076933432
SmNaNbIrO6,1.4585474019345408
LaNaCrTiO6,1.4359860106786173
NbSmTaFeO6,1.4213003629411183
NbSbFeCrO6,1.4697806588230227
NbSbFeTiO6,1.4359761288303472
NbYbMoFeO6,1.4166273481578175
NbTlTiBO6,1.4135991790331823
LaNbSnTiO6,1.4834386551220868
NbLiSnTaO6,1.410880643367239
ScNbVAlO6,1.4256447534253656
NbCaMoVO6,1.4800640154900317
NbCsTeVO6,1.4083943583667249
NbYbMoVO6,1.4363325674255674
YNbVAuO6,1.4599170435107736
AgNbVAuO6,1.4991441904493235
NbTmMoCoO6,1.429112098367853
NbCuCoAuO6,1.4052170776368358
NbTcCoAuO6,1.4816951346270282
NbLiTaCrO6,1.4858709912311265
NbLiMoCrO6,1.4351758265212597
NbTbTaCrO6,1.421697376477367
YbNbCrAuO6,1.4092331939546452
NbAgMoCrO6,1.460791568517915
NbAgMoCrO6,1.4610325239604116
NbLaTaCuO6,1.4943503278129016
NdLaYFeO6,1.4297890469009675
NdSmCrBO6,1.4927104716849482
NdSbCrBO6,1.4920882125323787
NdCoAuBO6,1.4275123808880446
NdCeTmBO6,1.4942564717073563
NdCsTaSiO6,1.4412190213382639
NdAgSnMoO6,1.4635422645126746
NdScVAuO6,1.447951793686682
NdSbVIrO6,1.4010249103425592
NdCoVAlO6,1.4028315421350346
NdTmVAlO6,1.4429036933442263
NdTmVAlO6,1.4765584301423818
NdCsTaVO6,1.467512170307961
NdLiTeVO6,1.4113186063188652
NdTlTiVO6,1.4208193719917415
TlNdScAgO6,1.4167670373208572
NdLuScTiO6,1.4102050574091651
NdTbScAuO6,1.4600954519541331
NdYbScAsO6,1.4263453636770735
NdTlYbSbO6,1.4456398194413733
NdCsCrSeO6,1.4014142830371261
NdLuTbCoO6,1.440141008578699
LaNdCeAlO6,1.4272249523136054
TlNdCeAuO6,1.4201090259644829
NdYbTmAgO6,1.4223414349215462
NdLuCrAuO6,1.4415587272207235
NdTaTiAlO6,1.41600104402984
FeLiTcBO6,1.4350999885135904
FeLiIrBO6,1.4854376836696952
SbFeVAlO6,1.454999122076958
FeCoVIrO6,1.482367070032782
FeCrVAsO6,1.4436950389217122
FeCuVIrO6,1.433987620356673
FeCuVAlO6,1.439590313178357
FeCuVAlO6,1.4957584056000461
TaFeVAlO6,1.482891617583773
TaFeVAuO6,1.4658204594574373
AgFeVAlO6,1.4058066798708597
FeLaTiCoO6,1.405387925811915
DyFeCrAlO6,1.4676005491640027
TaFeTiAsO6,1.4520738933198614
TbFeTeAuO6,1.4468978653655002
SrTmTaSiO6,1.4402982459050926
SrSmCeSnO6,1.4338387220457884
SrCdSnTcO6,1.445571743209637
SrCrVAsO6,1.4594957323189528
SrCaIrSeO6,1.4581707054327915
SrTlAuSeO6,1.4379301756071505
SrTiTcSeO6,1.487231548052314
SrCsCrCoO6,1.4728098580954407
SrAgZrTaO6,1.4016752294147543
SnSbVCuO6,1.4939211688662126
SnSbTiVO6,1.4709291636064492
SnCoVCuO6,1.4383510727295221
SnCaTiVO6,1.434157132290569
SnTmMoVO6,1.4095857853644156
SnCsTaVO6,1.4757608675858505
SnCrTiVO6,1.4499006482723331
SnTlMoCoO6,1.4273975536574435
SnTiCrAlO6,1.4444865177653043
SnTeCuAuO6,1.4975212394201836
SnTbTaCuO6,1.4909909390924423
SmScVAlO6,1.4327110982112041
SmScInVO6,1.476116596096528
SmCsCrVO6,1.4883624806862576
SmCrVAuO6,1.4683448030460957
SmTlMoVO6,1.4456495791155872
SmTlMoVO6,1.4952761170699929
SmTlMoVO6,1.4216328240821752
SmTiTeVO6,1.4345863730322244
SmTiVAlO6,1.4449930108290028
SmTbInVO6,1.4827192799416777
SmDyVAuO6,1.4161261090686659
SmAgVAuO6,1.4130612166287237
SmLuScTaO6,1.4668061546445552
SmLuScAgO6,1.4095314904497611
SmYbScAsO6,1.455767301353833
SmCeTmSbO6,1.4517159312797143
SmLiSbTiO6,1.4699535223415698
SmCsTcSeO6,1.4886954312608713
SmCaYbCoO6,1.459059666464317
SmCeDyCoO6,1.4283930029156964
SmCdTaCoO6,1.4873006454035018
SmCdTaCoO6,1.4790011555409952
SmCsTaCoO6,1.462022082245181
SmLaDyCoO6,1.4171183061042787
SmLaDyCoO6,1.4265319259851574
SmIrCoAuO6,1.4018273117288231
LaSmCeInO6,1.464377066150816
TlSmCeTaO6,1.486504568552051
TlSmCeDyO6,1.4389909201642304
SmTbTmTaO6,1.4377465247993502
SmTbTmMoO6,1.4788078567155616
SmYbTmAgO6,1.485173168739359
SmDyTmAgO6,1.4017699774941492
SmLiTaCrO6,1.4593326856233808
SmTlTbCrO6,1.4543650890021877
SmTlDyCrO6,1.4530303554526254
TlSmCrAlO6,1.419651331771851
TlSmCrAlO6,1.4898243051331874
SmTbTaCrO6,1.428682756221281
SmDyCrAlO6,1.4113429080336546
SmLaDyCuO6,1.4186220570918173
SmTlLuCuO6,1.4503528784444617
SmTlTaCuO6,1.4266986084944322
SmTlAgCuO6,1.4787989379830389
SmDyZrLiO6,1.4924707447049346
SmTbDyTiO6,1.489259454915762
SmYbInTiO6,1.4909953607969886
SmYInTiO6,1.4663759220489663
SmAgTaIrO6,1.4004100049142314
TiVCuAuO6,1.4454674925490718
TlScSbTiO6,1.4731178569913064
ScAgZrCoO6,1.47821510057513
ScLiCrAlO6,1.4151841569885122
ScTlZrCuO6,1.431750522497132
ScYbMoTiO6,1.440535602272605
YScTiAlO6,1.4328431800071857
ScAgTaIrO6,1.4607514987892676
ScAgZrTaO6,1.4391529528218994
ScAgInTaO6,1.4177893375180868
SbCdTaCoO6,1.4631207435335567
SbTmTiCoO6,1.416575674992963
SbCsTiCoO6,1.49402838913111
SbCrTiCoO6,1.4197528115779596
SbCrCoAuO6,1.434043807958264
SbTlTaCrO6,1.461264795694403
TlSbCrAsO6,1.442015648613103
TbCoCuAuO6,1.437639249617512
CaYbTbMoO6,1.4576615455856088
CeLuTmAlO6,1.4760342558861217
CeTbTmAuO6,1.421966808197363
CeDyTmAgO6,1.4589825753716765
CeDyCrAlO6,1.4406211326623952
CeYbZrLiO6,1.4861025942119221
CeYTeAuO6,1.4741148378350062
CeYbTbAlO6,1.4260153462300544
CeDyTbAlO6,1.4890560161342246
CeYDyAlO6,1.4253340442209521
CdTiCrTeO6,1.4716659832293348
TmLaTaCrO6,1.441556207034746
TmTlMoCrO6,1.419641493303128
TmLuDyCrO6,1.4104100400715571
TmTbTaCrO6,1.4174424853354086
TmTbCrAuO6,1.4174095597060643
TmAgMoTiO6,1.4904307412453117
TmDyYbAuO6,1.467769746665909
CrTeCuAuO6,1.4994527630326104
LaAgZrTiO6,1.4548458346135489
LaDyYbAlO6,1.4449843743403588
AgLiTaIrO6,1.402946055909471
ZrLiTaMoO6,1.4053020620241452
TlTbLuIrO6,1.431426673287834
TlTbDyTiO6,1.4951063587380495
TlYTbAgO6,1.411597049628768
TlDyYbIrO6,1.4411733353525416
TlYYbMoO6,1.4091901761744858
LuAgTiAsO6,1.469162600189903
LuAgTaAsO6,1.4491128781970843
LuDyYbAgO6,1.4875331375240786
TbAgZrTaO6,1.4144894747890848
KCsReRuO6,1.4041019051682302
BiKRhRuO6,1.402853621440662
BiKRhRuO6,1.4758935083036644
BiPdRuBeO6,1.4078662181812402
BiCuRuBeO6,1.4394521320201155
CrGaRuBeO6,1.480025391741645
PrNiRuBeO6,1.414708036666687
PrFeRuBeO6,1.417954388548632
PrAuRuBeO6,1.4515507274073687
TaPtRuBeO6,1.4442208944779047
PbPdRuBeO6,1.4519518413420123
PbSbRuBeO6,1.4984581506352408
InPdRuBeO6,1.4817685848295277
TbMgRuBeO6,1.474742564574866
NbMnRuBeO6,1.492018992485773
SbMnRuBeO6,1.4678244217548895
CrZnRuBeO6,1.4752082029776072
TmNiRuBeO6,1.4814963840536945
NiCuRuBeO6,1.4881366264651885
TaNiRuBeO6,1.4966538458927001
SmAgRuBeO6,1.4086947484140824
TmAgRuBeO6,1.4259643716753276
LaCuRuBeO6,1.491490795669212
TiIrRuBeO6,1.463615259038585
SmTlBiRuO6,1.4087152742732574
PmCsPrRuO6,1.463352123902411
SnCsPdRuO6,1.4937616924286596
EuSmHoRuO6,1.4556250307825385
ErTmHfRuO6,1.4161834990255766
SmCsHfRuO6,1.4877777974554383
TmYbHfRuO6,1.4749722905451794
NaAgMnRuO6,1.4369841443673266
SnAgMnRuO6,1.4581890058538118
LaDyErRuO6,1.4318152549686134
SmAgNbRuO6,1.423310879725686
SbCsNbRuO6,1.4347267952340699
TmCsNbRuO6,1.44218057407144
SmCsNdRuO6,1.4764835287076121
SmLaNdRuO6,1.4084911840861936
LuAgFeRuO6,1.4190371888114806
DyInVRuO6,1.4795662717526203
YAuVRuO6,1.4896121158853528
TbDyScRuO6,1.458412219366327
YbYScRuO6,1.4202374761322232
LaTlCrRuO6,1.4206562482885516
InMoTaRuO6,1.437597405570408
GdPtReRhO6,1.4155580050553023
SmPtReRhO6,1.4330214308211076
CePtReRhO6,1.4580348042719304
PbPdReRhO6,1.4832613601937177
InPdReRhO6,1.4369309800152628
MoMnReRhO6,1.4443854646179175
TiNiReRhO6,1.4186982885663508
TmAgReRhO6,1.479463447333352
LaAuReRhO6,1.4837867721673146
TbAuReRhO6,1.475619887455904
BiMnReBeO6,1.417364526412782
BiLiReBeO6,1.430934852069197
PrCaReBeO6,1.4075577188811097
SbPtReBeO6,1.463310631343107
TbPtReBeO6,1.4729769286051746
ScPdReBeO6,1.4327833766331806
SbPdReBeO6,1.4011256209066993
InPdReBeO6,1.4799718720896442
PmMnReBeO6,1.4864612584612213
PmFeReBeO6,1.4598028057124997
PmCuReBeO6,1.4152325132196706
PmCuReBeO6,1.485589933851703
EuMnReBeO6,1.4178109835731803
MnVReBeO6,1.4308550536420779
YbMnReBeO6,1.4971499261788623
NbZnReBeO6,1.4484648189797862
CeZnReBeO6,1.4220019159689676
TlEuReBeO6,1.4879155960087451
AgNiReBeO6,1.4641152823339882
NiAuReBeO6,1.4507598854301893
SnCuReBeO6,1.437000315402782
SmScReBeO6,1.4122267147859902
LaVReBeO6,1.4658614370043133
VAuReBeO6,1.4790421736204398
VAuReBeO6,1.4147083703676613
AgCrReBeO6,1.4793957616208513
LaYbReBeO6,1.4044633983110837
TlDyReBeO6,1.4974250202166632
TaAuReBeO6,1.4057814887163673
YYbReBeO6,1.4837611081226707
GdTiReGeO6,1.4340477558662026
PrPbReGeO6,1.46825022795446
PrPdReGeO6,1.4250905032235297
PrNiReGeO6,1.4968273925377322
PrCaReGeO6,1.4050111974872512
LuPtReGeO6,1.4128859797491415
ScPdReGeO6,1.438808652211618
CaPdReGeO6,1.4998472071824827
PdCrReGeO6,1.449918132142302
TaPdReGeO6,1.4980825130362136
HoAgReGeO6,1.478931922245352
HoInReGeO6,1.4619863629833554
SrMgReGeO6,1.4812645992623392
EuVReGeO6,1.4859565585048236
ErInReGeO6,1.4481652540491412
DyNiReGeO6,1.4438771782967605
SmNaReGeO6,1.404372718924677
NdInReGeO6,1.4328126051917207
FeVReGeO6,1.4720532143739409
VCoReGeO6,1.466538375355764
VAuReGeO6,1.4005090317387787
MoVReGeO6,1.4746621259574733
TlSbReGeO6,1.499537560424602
YbCuReGeO6,1.4739909171455465
LaAgReGeO6,1.463920162106506
TlInReGeO6,1.4426640384705374
YbAuReGeO6,1.4873325897929186
DyInReGeO6,1.4940000943630876
MnPtReGaO6,1.4427694621473672
TmCuReGaO6,1.412654915998217
TmAgReGaO6,1.4180801116559043
TiCuReGaO6,1.4197229307411414
YbCuReGaO6,1.4473245755918622
CaAgHfReO6,1.492289139009205
NbTiReZnO6,1.4275581162051878
InNbReZnO6,1.4832438491315751
NdSmReZnO6,1.490363335161453
NdScReZnO6,1.4732538852486274
SmYReZnO6,1.451295118667545
VCoReZnO6,1.49688668626063
CrTiReZnO6,1.4893441566655392
MoCrReZnO6,1.42526344490659
TeCuReZnO6,1.4821857605889615
YLuReZnO6,1.4794808006766322
ZrTiReZnO6,1.4228419365020304
TeAuReZnO6,1.4567190327391315
YbInReZnO6,1.4217407314921708
SmFeReNiO6,1.427867891878287
YFeReNiO6,1.416298872370506
LaSbReNiO6,1.4408720978067309
CrCoReNiO6,1.4549403792222624
LuCoReNiO6,1.4082308826079368
TiCoReNiO6,1.4282370359514802
TaCoReNiO6,1.4321147097093512
CoAuReNiO6,1.4307658933562637
CrAuReNiO6,1.4529460715712992
InCrReNiO6,1.412018649218481
TaCuReNiO6,1.4606035086327371
VCuReBO6,1.4366902188961688
SbAuReBO6,1.4345703224210395
TiCuReBO6,1.4940009890899535
TaCuReBO6,1.405164139931878
LuLiReBO6,1.4855826840489017
YbAuReBO6,1.4798845577291735
CoCuReSiO6,1.444968289344525
TmTiReSiO6,1.43232381933352
TmTlSnReO6,1.454900587579511
TiCoReVO6,1.4520131459564072
CoAuReVO6,1.4224333795349697
CrCuReVO6,1.421172471902302
CrAuReVO6,1.4404770486504772
TeCuReVO6,1.4848225484497042
TaAuReVO6,1.4955139852833084
ZrAuReVO6,1.4069581536623685
CdLiSbReO6,1.438308583924349
LiAgSbReO6,1.4353474371962245
LuCuReCoO6,1.4770520490480317
TaCuReCoO6,1.4003515813477234
TlAuReCoO6,1.487587265486689
DyAuReCoO6,1.492501374331336
DyInReCoO6,1.4810901850653855
LaTlCrReO6,1.4567378798626864
TlLuReCuO6,1.460012447548868
TaTiReCuO6,1.463274664783507
TcAuReCuO6,1.4997954635503492
DyIrReCuO6,1.4373493350873963
AgAuReCuO6,1.4786446922164171
MoAuReCuO6,1.40632835779963
InMoReCuO6,1.4605992153367189
BiAgRhBeO6,1.4114382665604548
PrPbRhBeO6,1.4773464346862422
PrVRhBeO6,1.436720952862187
PrCuRhBeO6,1.4331212420313977
TlPrRhBeO6,1.41779502319337
PrAuRhBeO6,1.4513352720754193
TlPtRhBeO6,1.4801988091824103
PtAuRhBeO6,1.4640864831393097
PdNiRhBeO6,1.4348669465863335
SmPdRhBeO6,1.4143546458109881
ScPdRhBeO6,1.4078449028474331
MoPdRhBeO6,1.4942567127811859
HoMnRhBeO6,1.4149381553817404
HoNiRhBeO6,1.4388189909968334
TbMgRhBeO6,1.4076548118238381
MnCoRhBeO6,1.4125254942656669
MnCuRhBeO6,1.4632066806233877
MnCuRhBeO6,1.429539226740302
TaMnRhBeO6,1.4499389161606937
EuNdRhBeO6,1.4973790087330707
YbFeRhBeO6,1.4798848674382927
SnCuRhBeO6,1.422699716735912
CrCoRhBeO6,1.491930785405222
TmMoRhBeO6,1.4773455229852817
LaYRhBeO6,1.4646376629184843
TlLuRhBeO6,1.495797774899261
TbAgRhBeO6,1.4991759085471343
GdLaBiRhO6,1.4903915815027433
NdYbBiRhO6,1.4911553477455277
TmLuBiRhO6,1.4692879744567109
TbYBiRhO6,1.4017631212553616
YAgBiRhO6,1.4212976650909612
GdPbRhGeO6,1.4292897491641916
GdCuRhGeO6,1.431635762086393
PrMnRhGeO6,1.457502092291151
PrCuRhGeO6,1.404549681143342
PrTiRhGeO6,1.473258498824684
PtNiRhGeO6,1.4007374107033335
PtVRhGeO6,1.4259024443955348
TaPtRhGeO6,1.4227338998158925
PmInRhGeO6,1.4901067532439596
YbHgRhGeO6,1.4314143442382512
NbMnRhGeO6,1.441667904377579
MnCrRhGeO6,1.4716055662113205
WCuRhGeO6,1.4165092748399606
TaZnRhGeO6,1.421337771427365
TlErRhGeO6,1.47244381064036
SnNiRhGeO6,1.4010685199209703
SmNaRhGeO6,1.4662878548759815
TlNdRhGeO6,1.474743254255023
SmFeRhGeO6,1.4424692110354038
SnAuRhGeO6,1.4672929347321224
CrAuRhGeO6,1.4254485725325983
PrMnRhGaO6,1.4992021815558012
YPdRhGaO6,1.4811102490357855
HoFeRhGaO6,1.4775030298822793
HoLuRhGaO6,1.446722227833968
EuNdRhGaO6,1.4331848593861076
EuAgRhGaO6,1.497159622192936
ErAgRhGaO6,1.4511380944421477
NiCoRhGaO6,1.4055291311623648
TiNiRhGaO6,1.4495226765080589
SrNdRhGaO6,1.4028293496088238
NdTiRhGaO6,1.4218315253802398
TmVRhGaO6,1.433998746541539
TmDyRhGaO6,1.4286948234293393
CrCuRhGaO6,1.4507457029910613
CrAuRhGaO6,1.441430572290469
AgTiRhGaO6,1.477692737725918
TcAuRhGaO6,1.4899453772754245
YbTaRhGaO6,1.4954983010498768
YDyRhGaO6,1.496287188600753
YMoRhGaO6,1.4402942159537355
PmTlPrRhO6,1.4583776556969947
EuSmPrRhO6,1.4970694724760978
EuCsPrRhO6,1.4687605272685826
NdLaHoRhO6,1.4892877432208813
EuAgHfRhO6,1.4532035498551767
EuAgHfRhO6,1.430020553030868
SmDyHfRhO6,1.491293403236726
SmAgHfRhO6,1.4474468286427322
ScTlHfRhO6,1.4475239696522428
TlYbHfRhO6,1.447730456413682
DyAgHfRhO6,1.4281379515391428
FeYbMnRhO6,1.427991490708293
SbTmMnRhO6,1.4183055754948577
TmTiMnRhO6,1.409265338072396
SmNiRhZnO6,1.4002866673233598
NiCuRhZnO6,1.4083986331169374
NbCoRhZnO6,1.4987405562638185
NdCuRhZnO6,1.4796910777425163
NdInRhZnO6,1.4861634854534256
SmCoRhZnO6,1.4882895878758502
SmAgRhZnO6,1.4805830292354283
VCoRhZnO6,1.4736864927468782
ScCuRhZnO6,1.4367305728508384
CrCoRhZnO6,1.4507078872527337
MoCoRhZnO6,1.4966654333935605
SmCeEuRhO6,1.489485321781004
SmTmErRhO6,1.4776482484834788
NdLaNbRhO6,1.4705440912603145
SrLiNbRhO6,1.4387231178439681
SmDyNbRhO6,1.472739615872419
SbAgNbRhO6,1.4663470173601343
CaLiNbRhO6,1.4664573915888897
CdTmNbRhO6,1.4919958299550748
CsTlNbRhO6,1.4756321748851076
LaLiNbRhO6,1.4993285103587088
LuAgNbRhO6,1.4787044003168708
LaTlFeRhO6,1.4869652377084497
CeSbRhBO6,1.4827631057292672
TmCdRhBO6,1.41970326005115
AgCuRhBO6,1.4367339440018794
ScAgSnRhO6,1.4516320563792535
CaAuRhVO6,1.4080612971055344
LaAuRhVO6,1.4880863025646984
LuAgScRhO6,1.4513271051779686
CsLiSbRhO6,1.4889940839231326
CeAuRhCoO6,1.4091451755204156
TbAuRhCoO6,1.4723980335561335
LaTlCeRhO6,1.4139530010499801
LaYTmRhO6,1.4476446071445166
DyYTmRhO6,1.4962243139549192
LaTlRhCuO6,1.423077897752833
LuAuRhCuO6,1.4292610484972674
YbYLuRhO6,1.460751272508526
DyAgTaRhO6,1.4072690401023633
PrTlBiBeO6,1.4236486290007995
SmTmBiBeO6,1.4578624545708014
GdTmOsBeO6,1.4152311820502794
GaPdOsBeO6,1.4204088594195383
GaNdOsBeO6,1.4011136411877052
GaTlOsBeO6,1.4210309563590968
PtVOsBeO6,1.4072194595168717
PdMgOsBeO6,1.4023157126189565
PdMnOsBeO6,1.441966468377674
PdCoOsBeO6,1.4823500172092265
PdTmOsBeO6,1.4319282969481852
PdAgOsBeO6,1.4296331035213847
PdAuOsBeO6,1.4703322347052852
PmEuOsBeO6,1.4383856282351524
MnCaOsBeO6,1.4312200698265989
MnAgOsBeO6,1.4780974532560833
WSrOsBeO6,1.416228550991682
WDyOsBeO6,1.4636790823671009
EuNbOsBeO6,1.4999901275226906
EuCoOsBeO6,1.4659474095496616
EuMoOsBeO6,1.444797282416019
ErTmOsBeO6,1.4074293608543118
NbCeOsBeO6,1.4192378018682938
NbTlOsBeO6,1.4215352968638038
NbAgOsBeO6,1.450098549796753
NdLuOsBeO6,1.4209031618669794
FeIrOsBeO6,1.4793751074965023
SmCeOsBeO6,1.460788903694128
SmAgOsBeO6,1.4663879338178816
SbCoOsBeO6,1.4254336107568788
CoAgOsBeO6,1.4416690868206996
LuDyOsBeO6,1.4891088142499336
GdTmGeBeO6,1.4422099117901905
PrPdGeBeO6,1.457906387143524
PrSmGeBeO6,1.4344465187834339
PtPdGeBeO6,1.4526241311329522
PdCdGeBeO6,1.41277550412033
PdAuGeBeO6,1.420843738909296
MnVGeBeO6,1.4704926616043927
MnTiGeBeO6,1.4593770878637096
WCdGeBeO6,1.4675083746332078
ErCuGeBeO6,1.4296026723255126
NiFeGeBeO6,1.4956878416154082
NiCoGeBeO6,1.4865327073047463
FeSmGeBeO6,1.4727777357784466
FeTmGeBeO6,1.4362573079346224
SnCrGeBeO6,1.417102705850214
SmTbGeBeO6,1.4896791275116201
ScTmGeBeO6,1.439692161582213
CeCuGeBeO6,1.4981957500408851
CeTiGeBeO6,1.4629120884697389
TbYbGeBeO6,1.4232291639377668
PtNdGaBeO6,1.4965149264375481
PbCuGaBeO6,1.4777701525526816
PbAuGaBeO6,1.4635557756980118
NiInGaBeO6,1.440743646908576
CoLaGaBeO6,1.456399836207523
CoTbGaBeO6,1.402894153656311
CeLaPrBeO6,1.4510436080993467
PbDyPtBeO6,1.4603831152931215
PdMgPtBeO6,1.4832826776732102
PdTmPtBeO6,1.4129846197551619
PdCuPtBeO6,1.4761418600456562
PdYbPtBeO6,1.488287681688815
PmNdPtBeO6,1.4785355716544166
MnVPtBeO6,1.495690800050503
MnMoPtBeO6,1.4318184667106535
WAgPtBeO6,1.4327010191353537
EuFePtBeO6,1.4311539616875868
EuFePtBeO6,1.4123107766934462
ErNbPtBeO6,1.463946473336258
NiCuPtBeO6,1.4042829974969993
NbNdPtBeO6,1.4481153582985895
NbAgPtBeO6,1.4767263954187715
FeSbPtBeO6,1.4138072726173836
FeDyPtBeO6,1.4312191037196462
SnCePtBeO6,1.4742117783567406
SmVPtBeO6,1.4464471106898698
VTmPtBeO6,1.4091931343462494
VCsPtBeO6,1.474432952862509
ScCuPtBeO6,1.4310767247640168
CoTbPtBeO6,1.4786152717316996
CeLuPtBeO6,1.451349715421231
TmAuPtBeO6,1.4447945480482516
CrYbPtBeO6,1.4736665972781526
CrIrPtBeO6,1.4221294008518022
TcTaPtBeO6,1.4205214368875347
TaIrPtBeO6,1.4432279730050852
TaInPtBeO6,1.4075814229838957
YbYPtBeO6,1.4588184985413786
HfYPdBeO6,1.4894527585273845
HfMoPdBeO6,1.4160526471664845
MnNbPdBeO6,1.4033525878680528
MnSrPdBeO6,1.416264390682179
MnTiPdBeO6,1.4621786961345924
MnYbPdBeO6,1.433468688129291
MnDyPdBeO6,1.4928938583038573
NbTmPdBeO6,1.4892437942604846
NbCrPdBeO6,1.4700458051859697
SnInPdBeO6,1.4515821561353683
SmTiPdBeO6,1.4951426700379957
SbAgPdBeO6,1.4954339433145467
TaAgPdBeO6,1.4965413291494283
SmLuHoBeO6,1.482091017167237
ScLuHfBeO6,1.4679143335537284
EuYbMnBeO6,1.4057755970626122
NbNdMnBeO6,1.4231715209445939
NbFeMnBeO6,1.4333288508424862
NbTmMnBeO6,1.428768940039073
NbTaMnBeO6,1.4008666221727786
FeSbMnBeO6,1.4009599661914673
SnLiMnBeO6,1.4001256917936946
SmTmMnBeO6,1.4048354427270369
SmTmMnBeO6,1.4921223767802259
SmTmMnBeO6,1.4027872700582555
SmCrMnBeO6,1.4273462746551067
SmDyMnBeO6,1.4256463315198462
ScMoMnBeO6,1.4757384271333984
TlTiMnBeO6,1.4034436789412115
TiYMnBeO6,1.4486798441472137
EuVWBeO6,1.4074642273217075
EuInWBeO6,1.4621564748187263
NiTiWBeO6,1.4409423825140684
NiYbWBeO6,1.4619633433182369
NbFeWBeO6,1.4897656182590815
NbCsWBeO6,1.4004556129755978
NbCrWBeO6,1.4162504102172373
NbAgWBeO6,1.4345100948763176
NdSrWBeO6,1.4835884850487153
NdYbWBeO6,1.4425237769142172
FeSmWBeO6,1.4333958959269208
FeScWBeO6,1.4273346897470545
FeAgWBeO6,1.4073066378507033
SnSmWBeO6,1.4331789789296467
SmCoWBeO6,1.4028761455325693
TmInWBeO6,1.4417114056085139
LaTaWBeO6,1.474426843897594
LaYbWBeO6,1.450756463477236
LaDyWBeO6,1.4054116607116212
TlAuWBeO6,1.4917322360734095
TiAuWBeO6,1.4889518454008819
TaAgWBeO6,1.4967977062743685
NbCeZnBeO6,1.4683631270875745
NbZrZnBeO6,1.4685209596356463
VCrZnBeO6,1.4038657285507508
TaInZnBeO6,1.4537033383187963
FeCrNiBeO6,1.4814673238669767
SnCuNiBeO6,1.4553054233730895
VCoNiBeO6,1.4516246870920937
VYNiBeO6,1.4641677702851088
VAgNiBeO6,1.4328368771346038
SbTlNiBeO6,1.492524043965761
CeAuNiBeO6,1.4360779140304412
CuTaNiBeO6,1.4620582360898868
SnDyNbBeO6,1.4842029177274578
SmYbNbBeO6,1.4750972414916843
SbYbNbBeO6,1.4640067092214588
TaMoNbBeO6,1.4526912635302294
YInNbBeO6,1.4498973717495058
SmDyFeBeO6,1.4590721509002564
SbTmFeBeO6,1.4381282664210384
CrLuFeBeO6,1.4026365148153643
LuAgFeBeO6,1.4881957599940216
SbAlSiBeO6,1.434103819738397
CoCdSiBeO6,1.4008841869988926
CeTbSiBeO6,1.4174831803556673
CrAsSiBeO6,1.427143184237007
TiInSiBeO6,1.464237106362482
AgMoSiBeO6,1.4818259694295777
CeLaSmBeO6,1.4784510040855843
ScDyVBeO6,1.4909059019337818
CoTbVBeO6,1.4275036426361887
CrTaVBeO6,1.4051956236963554
CuAgVBeO6,1.4272843987071975
LaTlVBeO6,1.446815236109028
TbYbVBeO6,1.4516797411384827
TbIrVBeO6,1.4704554261176372
TcYbVBeO6,1.4524968736890147
TcAgVBeO6,1.4768511685749797
TaAuVBeO6,1.457074310712642
TaAuVBeO6,1.4365453975630056
YbYVBeO6,1.416289185828995
LaYbSbBeO6,1.4402542426456113
TbYSbBeO6,1.4510879422193983
CoTlSeBeO6,1.4921427785710686
TmIrSeBeO6,1.4129687117031855
LaLuSeBeO6,1.4637971231771918
LaAlSeBeO6,1.4660618302834632
LaAuSeBeO6,1.4993629641934443
TlYbSeBeO6,1.4199633278408466
TlAuSeBeO6,1.4139166996026136
TiYSeBeO6,1.4691235601126111
TiInSeBeO6,1.4057464778532882
YInSeBeO6,1.496795153821808
AgAuSeBeO6,1.4760038978249619
CeMoCoBeO6,1.429678327619142
CeMoCoBeO6,1.4116942027016754
CrIrCoBeO6,1.493878578924983
TiAuCoBeO6,1.4579386686486724
TbInCoBeO6,1.4873084551500573
TcAuCoBeO6,1.4944542958801517
TbZrCdBeO6,1.4168444713004797
TaYbTcBeO6,1.412629839488325
TaAgTcBeO6,1.4192157778530126
EuYGdBiO6,1.425970271748538
EuNdPrBiO6,1.40653340068454
EuSmPrBiO6,1.4373358931130444
PbNaBiPtO6,1.489556607304786
SmCaBiPdO6,1.4594935190601868
YScBiPdO6,1.4256006338692142
EuLaPmBiO6,1.4080644290745303
ErDyBiHgO6,1.4286305102344
SmScBiHgO6,1.4266878692518676
CeDyBiHgO6,1.4637215820545895
LaTbBiHgO6,1.4250542252843459
TbDyBiHgO6,1.4695278829489482
YbDyBiHgO6,1.4747740987055975
SmScBiMgO6,1.4211720414293805
TbScBiMgO6,1.4153142232192344
NdDyErBiO6,1.4898621845099653
LuYbErBiO6,1.467729701030261
SmDyBiNiO6,1.4792457348698342
SmAgBiNiO6,1.446675256251218
CeCaBiNbO6,1.4928770035230794
CeTmBiNbO6,1.406473835198399
LuYbBiNbO6,1.462472065398994
YTbBiNbO6,1.4547427359382032
YbDyBiNbO6,1.471413500125323
LaTbBiFeO6,1.487367871893183
TbYbBiFeO6,1.4931808051585047
TbYbBiFeO6,1.4889408979408991
CeScBiVO6,1.4727692686636225
LaTlBiVO6,1.4697136632708094
LaYbBiVO6,1.407746996829663
LuAgBiScO6,1.4700077037523576
TbYbBiSbO6,1.4420210890102736
LaTlBiCoO6,1.4968133368682914
TmAgBiCdO6,1.408647203046779
LaYTmBiO6,1.402012737786506
LuDyBiCrO6,1.4914583391349716
TbAgBiCrO6,1.4334376965613582
DyAgBiTaO6,1.4296798402821373
DyYYbBiO6,1.4754884562577748
SrNaOsGeO6,1.405212676315111
NbCoOsGeO6,1.4441616122761365
FeCrOsGeO6,1.4455304055146114
CrCuOsGeO6,1.4154289589359355
PtCuOsGaO6,1.444152566075032
EuPbOsGaO6,1.4394204635775676
EuPbOsGaO6,1.4669156001628136
SbPdOsGaO6,1.4060052186934613
PmAgOsGaO6,1.4508687248723646
MgFeOsGaO6,1.422124193099866
YbMnOsGaO6,1.4718641615995656
YbFeOsGaO6,1.442845938236945
LaAgFeOsO6,1.442359388211765
TbYbOsBO6,1.4301033491392283
MoAuOsBO6,1.4186910279289244
YbLiOsSeO6,1.4368538344452262
SmTlGdGeO6,1.438384205734998
PbLiPtGeO6,1.4916905869059742
MnCsPtGeO6,1.435206631292808
MnTbPtGeO6,1.4026015813021893
AgAuPtGeO6,1.4808671282543506
NbSnPdGeO6,1.4645454143146293
NbCrPdGeO6,1.4037709029360743
NbTlPdGeO6,1.4821158384576534
SnSmPdGeO6,1.458224061799334
SmCrPdGeO6,1.421183110495074
SmTaPdGeO6,1.4718036566735124
SbTlPdGeO6,1.4658770292231051
TmTlPdGeO6,1.4706656013540877
TmInPdGeO6,1.4434497356178289
TeInPdGeO6,1.438761760563063
TbTaPdGeO6,1.474245191685682
SmYbHoGeO6,1.4883982454162428
EuAgHfGeO6,1.4258421856258408
NdAgHfGeO6,1.4341218403394116
SmScHfGeO6,1.4640928372855884
SmLaHfGeO6,1.4347646779550087
ScInHfGeO6,1.4276304284670231
TlDyHfGeO6,1.482021875600113
YbYHfGeO6,1.459264353937852
SmZrMgGeO6,1.4863959257999528
NbFeMnGeO6,1.4521469745752051
FeLiMnGeO6,1.4649204520541523
SrAgMnGeO6,1.4303604895191948
SbTmMnGeO6,1.47632553047507
LaAgMnGeO6,1.4551516146621686
NbAgWGeO6,1.4485141326114988
FeYbWGeO6,1.4720871919734302
SnLiWGeO6,1.413827417358281
SnTlWGeO6,1.4348100219212863
VCuWGeO6,1.4342315887717292
VTlWGeO6,1.4626173515577054
ScAuWGeO6,1.4931948844010723
SbTmWGeO6,1.4602342651411588
CoDyWGeO6,1.4516772813164358
CoAuWGeO6,1.4196422023300228
CoMoWGeO6,1.4564917199648262
CeCrWGeO6,1.426822485958306
CrCuWGeO6,1.4769704303791713
LuTiWGeO6,1.4279699862400421
LuYbWGeO6,1.4627479024014858
TbAuWGeO6,1.4600111401711275
TaYbWGeO6,1.4142281396013132
TaAgWGeO6,1.40061697306737
TaInWGeO6,1.439162633504421
YbDyWGeO6,1.4996662323685783
NiMoZnGeO6,1.4265515119195613
SnCoZnGeO6,1.472566911561797
VTeZnGeO6,1.4655527322602313
TeMoZnGeO6,1.488741082539241
IrZrZnGeO6,1.4895433510132976
CaYbNbGeO6,1.4975112574322478
SbLuFeGeO6,1.4801623266607205
TbYbFeGeO6,1.433074935228229
ScAgVGeO6,1.444595268443208
CeTeVGeO6,1.4501377461120981
LuAuVGeO6,1.4185033899205652
TcYbVGeO6,1.4908236027145603
LaLiCrGeO6,1.4553992620920635
TbYLuGeO6,1.4613963987294938
TbInTiGeO6,1.4785295490814239
LaYGdNiO6,1.4925444328090147
SmCeGdNbO6,1.4508203941819446
LaCeGdScO6,1.4352147400369248
NdLiPtGaO6,1.4607206582038421
TiAgPtGaO6,1.461664270025991
PmMnPdGaO6,1.447571105735324
FeSmPdGaO6,1.4191225210919067
FeTbPdGaO6,1.4064157090267804
SbInPdGaO6,1.4078379843574358
CeAgPdGaO6,1.4898152808055853
LaAgPdGaO6,1.4845118141258904
NiSrWGaO6,1.413595769347066
NbAgWGaO6,1.409159596573296
SrCdWGaO6,1.442567934943416
CoCsWGaO6,1.448156128362367
CeCuWGaO6,1.4261837027842883
LaAgWGaO6,1.4948735465803866
FeAuNiGaO6,1.4288034525584337
NdSmNbGaO6,1.4897589876079458
NdCaNbGaO6,1.4592568460363196
NdCsNbGaO6,1.420681391551803
SmTlNbGaO6,1.433799437486998
SmTbNbGaO6,1.496993904262364
SbYbNbGaO6,1.4570830478572538
TmTlNbGaO6,1.4156175177092165
TmTbNbGaO6,1.4179512769254374
TmYbNbGaO6,1.498170012423848
LaDyNbGaO6,1.4344639340077157
TlMoNbGaO6,1.467788185062362
LuAgNbGaO6,1.4041081802733462
TaAgNbGaO6,1.4575589580673776
SbCuVGaO6,1.485811384204583
CoTiVGaO6,1.4807434107786004
CoIrVGaO6,1.4896885143290264
CrLiVGaO6,1.4894109911561066
CuAgVGaO6,1.421791150253951
TiAgVGaO6,1.4137053733994382
TiAuVGaO6,1.454343842126259
TlDyCrGaO6,1.408274775608933
TbYbCrGaO6,1.460916663270412
IrAuTcGaO6,1.4226644137162052
NdSmPrPdO6,1.4458294890986227
NdSmPrPdO6,1.4851722652698491
NdSmPrMnO6,1.4997199961736074
LaSmPrMnO6,1.4666723124507708
EuNdPrWO6,1.4831831183643724
NdSmPrWO6,1.4715151464598477
LaEuPrZnO6,1.4980323053140971
NdCePrNbO6,1.4941958621190896
TlNdPrNbO6,1.4594662664636415
LaTlPrSnO6,1.4529504025592999
SmCsPbPtO6,1.4024501991633858
SmDyHoPtO6,1.4439878072161276
LaLuHfPtO6,1.4940463963545842
SmDyHgPtO6,1.49925773771427
SmLaMgPtO6,1.4133635550549686
NbTmMnPtO6,1.4924637594715482
NbAgMnPtO6,1.444874673756
NdYMnPtO6,1.4817614472235605
FeSbMnPtO6,1.4836896264915986
FeAgMnPtO6,1.432032314493883
SmZrMnPtO6,1.4526173208529014
ScTbMnPtO6,1.4786157726741238
SbTlMnPtO6,1.4760987939926766
CrTiMnPtO6,1.499751232464728
LaTaMnPtO6,1.4122854694748728
LuYbMnPtO6,1.4701792985066366
TeMoMnPtO6,1.483302645296953
EuVPtZnO6,1.4212782239684378
ErCrPtZnO6,1.4379434533855189
NbNiPtZnO6,1.4280064406611337
SnNiPtZnO6,1.4494843922003442
NiCoPtZnO6,1.4241109861229497
SmNaPtZnO6,1.441026031586587
NbCuPtZnO6,1.4437680875374075
NdSmPtZnO6,1.4899890085886465
LaNdPtZnO6,1.4605461731660896
SmFePtZnO6,1.4898443355109274
SbFePtZnO6,1.414062180840119
CeFePtZnO6,1.4925532253631915
ZrFePtZnO6,1.4217070551140842
SmTaPtZnO6,1.410720237868694
SmDyPtZnO6,1.450821371453705
LuVPtZnO6,1.4726333675126633
AgVPtZnO6,1.4183060280964834
SbCuPtZnO6,1.4524182085157242
SbTiPtZnO6,1.4953457588705903
CeCdPtZnO6,1.4359453091654049
TmCdPtZnO6,1.4152760442331838
TlYbPtZnO6,1.4347289192503805
TaTiPtZnO6,1.4483482636688523
TcIrPtZnO6,1.4022641573937236
AgTaPtZnO6,1.413168240863816
TaAuPtZnO6,1.4134775605099914
InTaPtZnO6,1.434183177348815
YbDyPtZnO6,1.4744476269847164
AgIrPtZnO6,1.4191161217160522
LaAgSnPtO6,1.4160333361498867
YbCrPtVO6,1.404622519726573
TaTePtCuO6,1.4926752798145597
MoIrPtCuO6,1.4177502010948444
SmNaPbPdO6,1.4119169627314432
LaNaPbWO6,1.4837597619367304
SrSmPbNbO6,1.4610029982960115
SmCeNdPbO6,1.4687507438951548
EuSmPmPdO6,1.4947470988934426
SmTlPmPdO6,1.4253740778375172
SmLaHoPdO6,1.4523670205204797
SmYbHoPdO6,1.4149381725091479
CeYbHoPdO6,1.4420444411542652
TbDyHoPdO6,1.4693834843159772
DyYHoPdO6,1.4381557213497818
EuTlHfPdO6,1.4221395199579863
EuYbHfPdO6,1.403149643052831
ScTmHfPdO6,1.407280330777542
ScYbHfPdO6,1.428374617179711
TlTbHfPdO6,1.4841420775192917
YAgHfPdO6,1.43327571446965
EuCrPdMnO6,1.4711984484492147
TmNbPdMnO6,1.4250637613386612
NdMoPdMnO6,1.4754841104380698
ZrFePdMnO6,1.4551538593514295
ScTaPdMnO6,1.4935568626948883
CeTePdMnO6,1.4641264935782565
CeMoPdMnO6,1.447097116002339
ZrCrPdMnO6,1.4749925628051168
LuTiPdMnO6,1.4185733186555303
TbTaPdMnO6,1.4068904204836308
TbAgPdMnO6,1.4208744426787694
TbTiPdZnO6,1.484976206258285
InTiPdZnO6,1.4652733630187067
TbTaPdZnO6,1.406600064161659
SmYbErPdO6,1.4446778744203108
SmYErPdO6,1.45228851863472
NdYbNbPdO6,1.4805827321009264
NdInNbPdO6,1.4070611314793415
SnLiNbPdO6,1.4571026410939647
SnTlNbPdO6,1.483627054209262
SnTlNbPdO6,1.415135023182097
SbAgNbPdO6,1.4135457205882465
SbAgNbPdO6,1.4231456635435182
TlTbNbPdO6,1.4771950552984114
TbInNbPdO6,1.4894767638992803
TaAgNbPdO6,1.4962456840286027
TaAgNbPdO6,1.449100035151152
YMoNbPdO6,1.4845149721895803
SmTlNdPdO6,1.4447947005295474
AgSbPdFeO6,1.4102803755896973
LaAgPdFeO6,1.4298586025160362
LuAgPdFeO6,1.4751384359122643
YbTiPdFeO6,1.466109727178093
CeAgPdBO6,1.4145423630493295
YbCdPdBO6,1.4718939060911713
TlAgPdBO6,1.4419961332543263
SbTmSnPdO6,1.4820427097919286
SbTlSnPdO6,1.4505613212535966
TaAgSnPdO6,1.4194169733937982
CaTlSbPdO6,1.4492341793825056
TaTiPdCoO6,1.4604495877253245
TaTiPdCoO6,1.464089529425418
MoTePdCoO6,1.4720223613592784
YbDyTmPdO6,1.4601273168383293
LaTlPdCuO6,1.4157312552915813
TaTiPdCuO6,1.4953249429206619
TbInPdTiO6,1.461546154274555
YAgTaPdO6,1.442509292886002
NdSmPmNiO6,1.4482345452495489
LaTlPmFeO6,1.4916102220775393
LaTlPmCuO6,1.4446029658196973
SmDyHoMgO6,1.4594752983231516
SmYHoMgO6,1.4894965035070455
NdTmHoMnO6,1.4153357796864006
CeTbHoMnO6,1.4496081673190475
CeYHoMnO6,1.4728994041247552
TbDyHoMnO6,1.492761561641793
SmTbHoZnO6,1.4648464878009908
TbYbHoZnO6,1.4704755675705945
SmLuHoNiO6,1.4133531607530556
TmTbHoNbO6,1.4405955793965595
YTmHoNbO6,1.4761132988623566
TlTbHoNbO6,1.4825178419230634
LuYbHoNbO6,1.4366970687229899
SmDyHoFeO6,1.4136220803461572
CeYbHoBO6,1.4017369354849398
TbYbHoScO6,1.4824516707889397
CeDyHoSbO6,1.4253095500529531
CeYHoSbO6,1.492427292664248
LuYbHoSbO6,1.4245038646974466
LaTlCeHoO6,1.4724031447329209
TlYHoCuO6,1.4393010192586002
EuYbHfHgO6,1.472829023448789
YbAgHfHgO6,1.4885344822741775
CeYbHfMgO6,1.423644996219771
EuTmHfMnO6,1.4441145378218778
YLuHfMnO6,1.4904641083340808
ScAgHfZnO6,1.4840323083248852
TmYbHfZnO6,1.4445087005047474
TlNdHfNiO6,1.4964727466906012
NdYbHfNiO6,1.4485422031370885
NdCaHfNbO6,1.4015518253625534
TmAgHfFeO6,1.428624046968435
TbInHfFeO6,1.4628362824867518
TlTmHfBO6,1.4242997435397093
TmYbHfSiO6,1.444413942391005
SmCaHfSnO6,1.410692584975349
TmAgHfSnO6,1.4043315508353542
ScAgHfVO6,1.4190794240060176
LaTlHfVO6,1.4594322629369165
CaAgHfSeO6,1.4869105770560849
CaDyHfCoO6,1.4090974734648187
LaTlHfCdO6,1.4649085862609705
YbDyHfCdO6,1.4157488749155165
YbInHfCdO6,1.4895605933151967
TlInHfCrO6,1.429335617103283
TbAgHfCrO6,1.4959240236586406
TbYbHfTiO6,1.4969868746351258
TbAgHfTiO6,1.4929447050888633
SmScHgZnO6,1.4423773667867028
SmTbHgZnO6,1.4303724847019557
CeLuErHgO6,1.4364129645192536
SmYbHgNiO6,1.4726753419283605
TbZrHgFeO6,1.4399479058685398
CeZrHgVO6,1.4581794115436033
SmTbMgMnO6,1.4773480170426356
FeCrMnZnO6,1.40703006910873
SnTaMnZnO6,1.4076504169788817
SmLiMnZnO6,1.4275797105197034
CeScMnZnO6,1.4375196618588313
SmTlEuMnO6,1.4615615297457667
SmTmErMnO6,1.4092572384980595
TbYbErMnO6,1.4294078590576749
NdAgNbMnO6,1.4276012501189632
ScYbNbMnO6,1.4434386063216635
SbMoNbMnO6,1.4568051860576094
DyInNbMnO6,1.404103226987273
YInNbMnO6,1.4382977688344198
TlCaMnBO6,1.4250955490912793
TlTmMnBO6,1.4019874857708563
LuLiMnBO6,1.4723847957810767
LuInMnBO6,1.4908821003405348
TmLuSnMnO6,1.442198098894512
TaInSnMnO6,1.4225358775846693
TlTmMnVO6,1.4585016461264548
CrTiMnVO6,1.4447190842534303
AgCrMnVO6,1.403140820117349
TmLaScMnO6,1.467785690649026
TaInSbMnO6,1.4006957536457414
CaCrMnSeO6,1.4578078265830992
YbLiMnSeO6,1.4654671648035726
LaAgMnCrO6,1.4103032421145814
ZrTaMnCrO6,1.4566381548830512
TbYbLuMnO6,1.495519408677789
ZrNiWZnO6,1.4593169055731612
NbCuWZnO6,1.4745645104490315
NbAuWZnO6,1.417167474224689
NdMoWZnO6,1.409801280565367
SnAuWZnO6,1.4469839488556484
SmCoWZnO6,1.4185660075820752
VCoWZnO6,1.4004711393119158
VCoWZnO6,1.4120415023423079
CrVWZnO6,1.4377160220939584
TaVWZnO6,1.4307752373202616
VAuWZnO6,1.461336427386476
LaScWZnO6,1.447288201458123
TbSbWZnO6,1.4554528662377213
MoCoWZnO6,1.49378726700202
TbCrWZnO6,1.412462243220552
LuCuWZnO6,1.4189408232968046
LaIrWZnO6,1.4887680717401186
TlTbWZnO6,1.4712836165887537
ZrAuWZnO6,1.484654076364555
NdFeWNiO6,1.4320406332834623
NdCoWNiO6,1.421192803071843
NdCoWNiO6,1.4815911531687618
NdTiWNiO6,1.4286825949685091
NdAgWNiO6,1.4102970887841546
SrFeWNiO6,1.4855144993998064
LaFeWNiO6,1.4841916479945794
YbVWNiO6,1.4780128613202475
YVWNiO6,1.4602703137215365
SbCrWNiO6,1.484942697342315
YbSbWNiO6,1.490996147661358
CaTiWNiO6,1.4164081574265266
TmCuWNiO6,1.4178359236998965
TlTmWNiO6,1.4043824010313901
CrCuWNiO6,1.4005928671922998
LuCrWNiO6,1.4924466506147844
LuCrWNiO6,1.4355887873253055
TbCrWNiO6,1.4931687477544036
TaCuWNiO6,1.468491267595416
TaCuWNiO6,1.469088922492562
YTiWNiO6,1.424182351410483
YbTaWNiO6,1.4725289844613922
CrYbFeWO6,1.4670443777480746
TiYbFeWO6,1.4667821601000732
VCuWBO6,1.4706861297625757
SbCrWBO6,1.466516437204977
CdCuWBO6,1.4632810915693093
TaCuWBO6,1.454129509965731
SbLiSnWO6,1.411231283403469
ScCoWVO6,1.4766471849840148
ScAgWVO6,1.473522525469927
SbCuWVO6,1.4943357142765612
LaCoWVO6,1.4133646963812438
CrCuWVO6,1.4156488703146344
LuCuWVO6,1.4636231434491236
AgLiWVO6,1.4307486682170771
TlMoWVO6,1.457649099222876
TcAuWVO6,1.4591240543498145
ZrAuWVO6,1.4703537723651572
CeAuWCoO6,1.423310697507619
CrCuWCoO6,1.4898123190381234
LaTlWCoO6,1.4769453503821595
DyTiWCoO6,1.46599953785801
LaTlCrWO6,1.4238533570277523
LaAgWCuO6,1.4234812923889977
TbAuWCuO6,1.4005438001728188
TbAuWCuO6,1.4666430775453714
MoAuWCuO6,1.4624189961116179
ScTlNbZnO6,1.4625335601277136
ScAgNbZnO6,1.4390659162927348
SbAgNbZnO6,1.4651350184122227
CeLaNbZnO6,1.4079600786477036
LaAgNbZnO6,1.4397603215518198
TaInNbZnO6,1.4485243167663677
ScAgSnZnO6,1.4553501592137341
TaCoZnVO6,1.4731053484868692
MoTiZnVO6,1.4156235556491072
ZrIrZnVO6,1.410161584770796
TaYbSbZnO6,1.4514584156230983
CeIrZnCoO6,1.4035825320894864
TbTaCrZnO6,1.4191433513698026
TaYbCrZnO6,1.4838040628544023
YbYCrZnO6,1.4176463998885942
TiTeZnCuO6,1.4657322283358702
ZrTcZnCuO6,1.4884434108176705
MoAuZnCuO6,1.4704311329344433
TeTaTiZnO6,1.4100497806943773
TbDyTiZnO6,1.42210949082617
TbMoTiZnO6,1.452316372461133
TaYbTiZnO6,1.4787856468279956
DyMoTiZnO6,1.4566978726726187
TaAgTeZnO6,1.4228538288755994
TlNdErNiO6,1.4745574539757393
TlYErNiO6,1.4284681853822976
YLuErVO6,1.4701417395865146
CeYbErScO6,1.416332952035461
YTbErSbO6,1.4058697637020947
LaTlCeErO6,1.462449404100656
YLuErCrO6,1.4714706029298
TbDyErCrO6,1.436761793099084
SnLiNbNiO6,1.4539466505236673
SnMoNbNiO6,1.479988043173532
SmCsNbNiO6,1.4111813785651575
ScMoNbNiO6,1.4865455956894185
YInNbNiO6,1.4111296439926737
CrAuNiVO6,1.475814912968343
MoAuNiVO6,1.440308592248524
TbYbScNiO6,1.4550902252586124
TiTeCrNiO6,1.4927180262188018
TeTaTiNiO6,1.459530715509892
TeMoTiNiO6,1.4114922907072043
YAgTaNiO6,1.4306091973346
LuAgNbFeO6,1.4811621409230575
YAgNbFeO6,1.4183022522754658
SrSmNbBO6,1.4411656236202701
SmCaNbBO6,1.487188298967933
LuScNbBO6,1.4562301700917444
TlSbNbBO6,1.4024353960706342
TmAgNbBO6,1.49328150667821
LaTlNbBO6,1.4829055963724018
LaAgNbBO6,1.42031224790773
YbDyNbSnO6,1.4387451783695808
CeSbNbVO6,1.4288440829016178
LaSbNbVO6,1.478885444146893
TlSbNbVO6,1.4156710007388085
TlLiNbVO6,1.4579089504519147
LaYScNbO6,1.4023041221048866
TbAgScNbO6,1.42267565257499
YbTaNbSbO6,1.4689686315451056
LaLuTmNbO6,1.4394066232912055
TlTaNbCrO6,1.4956809080575346
TlDyNbCrO6,1.4591218281190064
TlAgNbCrO6,1.4251493324794395
YbAgNbCrO6,1.4377937866725359
YAgNbCrO6,1.4782404647650933
TlInNbCuO6,1.4512928356970647
TlMoNbCuO6,1.458659863952085
TaMoNbCuO6,1.455504271282996
YbAgNbLiO6,1.4233423749472671
CdTiFeSiO6,1.4488065645011956
LaLiFeSiO6,1.4706815596521499
CeLaSmFeO6,1.4958798532588775
SbMoFeVO6,1.4712979848094483
ZrCrFeVO6,1.4974709407042568
TiTeFeVO6,1.4975600297053542
AgTiFeCrO6,1.4580265258678111
AgMoFeCrO6,1.4802644664080278
TbYbLuFeO6,1.468162549366346
TbDyLuFeO6,1.43184516460568
TbYbFeTiO6,1.4143783836983708
CoCuVBO6,1.4902808953281166
CoTiVBO6,1.4404849429066036
CeLiVBO6,1.4744610057268968
CdDyVBO6,1.4079845430967637
CrCuVBO6,1.475888624073463
CrLaVBO6,1.4173593504370252
TlDyVBO6,1.445076431529188
LuYbVBO6,1.4004718068570796
LuAgVBO6,1.4381661970574071
TaYbVBO6,1.4485120003627114
LaYCrBO6,1.4754007023300835
TlTiCrBO6,1.4354509444969457
LuTiCrBO6,1.4106282028972648
LuAgCrBO6,1.4588227322652907
TiTbCrBO6,1.475168707959622
YbYCrBO6,1.4180328503588489
DyAgCrBO6,1.4071091704723755
YbDyLuBO6,1.406143730931868
TbYbTeBO6,1.43873808758292
YbAgTcBO6,1.4051784338202917
DyInSnVO6,1.4261521578743226
LaTlSmVO6,1.469425467395644
LaTlSmVO6,1.472775628579277
CsAgSbVO6,1.4182433410581232
CrCuVSeO6,1.4512573812561547
TmAuVCoO6,1.4261018952602502
CrCuVCoO6,1.4261282479972766
CrCuVCoO6,1.495837250973262
TaCrVCoO6,1.4951523974917504
CrAuVCoO6,1.455973744942119
TbIrVCoO6,1.465169945732564
ZrTaVCoO6,1.4665726379649704
YbYTmVO6,1.4368685894437505
TaTiVCuO6,1.4364595087101155
MoTcVCuO6,1.421817043913146
TaMoVCuO6,1.409734709269325
TbYbLuVO6,1.485434430346931
TbAgTiVO6,1.494834771988606
TaYbTiVO6,1.4066985422533889
YbAgTaVO6,1.4240052623782908
MoAuVIrO6,1.42503822770782
YYbScSbO6,1.428577312539342
CeYScCoO6,1.4589398136142921
LaTbScCoO6,1.405784058717554
TlYScCoO6,1.4255244732467156
LaTbTmSbO6,1.4059903664496134
LaDyTmSbO6,1.4443077522830816
LuYbTmSbO6,1.4161426106246155
AgTaSbCrO6,1.450595977444932
LuAgSbLiO6,1.4282424787471273
DyAgSbLiO6,1.428350489387884
TbInSbTiO6,1.4296485904349385
TaInTiCoO6,1.4374655721898622
DyYTbCoO6,1.4638170192615358
YbAgTaCoO6,1.486430479237108
YMoTaCoO6,1.4984838789078592
LaTlCrCuO6,1.4229989205943547
MoTiCrCuO6,1.4522206509381985
TbYbLuCrO6,1.4920004846400008
InMoTaCrO6,1.4092628917372707
TeZrTiCuO6,1.4981710880927008
TaAgTiCuO6,1.4673137281234934
YbDyTbCuO6,1.41117859466013
DyYTbCuO6,1.4721995776587742
YAgTaCuO6,1.435505830677509
YMoTaCuO6,1.4890204476297373
YbDyLuTiO6,1.4509869492116336
RbCsMoRuO6,1.4450887832258095
RbLiTaRuO6,1.4166451479774516
BaSrTaRuO6,1.4961530064277881
BiPdTeRuO6,1.4489291705919243
BiMgTaRuO6,1.4172934808009579
BiKWRuO6,1.4104024031733287
BiKZrRuO6,1.4928571724627346
BiYbZrRuO6,1.4118486515694764
GdTmTaRuO6,1.4349201719524212
GdLiTaRuO6,1.4356574460760663
PrNaTbRuO6,1.4635701827531555
PrNdYRuO6,1.438478962724913
PrCsTbRuO6,1.4897042657880686
PrTlTeRuO6,1.4112172229175308
PbKNbRuO6,1.4562096837579206
PbEuTaRuO6,1.4113046870561947
PbNdTbRuO6,1.4403897146867377
PbNdTaRuO6,1.413386446087058
PbSrLuRuO6,1.424109094119334
PbAgZrRuO6,1.4543602455380555
PmKTbRuO6,1.4116279965022702
PmEuYbRuO6,1.4702765245396836
PmNdSmRuO6,1.4047706381027656
HoTlTaRuO6,1.459621562102833
HfAgZrRuO6,1.4624166812068924
EuCaTaRuO6,1.4526808055889713
EuTmLuRuO6,1.4921451230992122
EuCsTaRuO6,1.4091674648212014
ErNdLuRuO6,1.4184251926937255
ErNdTbRuO6,1.4606105189971417
NaCsCrRuO6,1.4636824597621312
NbCdTaRuO6,1.4503405994747547
NbLiTaRuO6,1.4007776347901457
NbLiTaRuO6,1.407573347938055
NdTmLuRuO6,1.4081594388582688
NdTlTaRuO6,1.4785035660231938
SrSmZrRuO6,1.4228963645468258
SmCsTbRuO6,1.4571326903745843
TmYbZrRuO6,1.4315822239260492
TbLiRuAsO6,1.4333783516346426
LuAgZrRuO6,1.4660668613388612
BiRhReGeO6,1.464012659349694
BiRhReCoO6,1.4411994859335178
RhPtReZnO6,1.4786263093929155
PmRhReCuO6,1.426567497492628
SbRhReCuO6,1.4459188962984804
BaPbNbReO6,1.4902837932733084
BaPbTbReO6,1.4923302776254932
BaMgReSiO6,1.4950916571640727
BaNaReSiO6,1.4093486334468843
BaFeReBO6,1.4816722832985665
BaSrSnReO6,1.403011978495385
BaSmReSeO6,1.4323619690934741
BaSmTbReO6,1.413956626398648
BiMnReCuO6,1.4746606648653182
GdNaReBO6,1.4909085204754837
PrPbReCuO6,1.4064483779536292
PrMnReCuO6,1.462312946089729
PrNaReBO6,1.4821764465035765
PrAgReAlO6,1.4943388832534874
PrAgReAsO6,1.437412776026519
HfPtReCuO6,1.4141840494226567
NdPtReBO6,1.4452333515228626
FePtReVO6,1.4250349197184211
SrPtReAlO6,1.4870370941842046
PtVReCuO6,1.4454913688605304
SbPtReAlO6,1.4683746813462457
DyPtReAsO6,1.403553879277256
PbPdReCuO6,1.4049258853258053
PbMnTeReO6,1.4103367899393842
PbNiReAlO6,1.4229530410358975
SmPbReCuO6,1.4502724517653978
HoPdReZnO6,1.4592881859064624
NdPdReVO6,1.4520332875768067
ScPdReCoO6,1.4259220083487574
TmPdReCuO6,1.469074313286315
HoSbReCuO6,1.4389291748205946
HoCoReCuO6,1.4086185721293465
HfMnReCuO6,1.4473135708621343
HfFeReCoO6,1.4989510274642828
HfCrReCuO6,1.4230734946351746
SrHgReAlO6,1.4986241358382493
MgCdTeReO6,1.4631135878013393
YbMgReAlO6,1.41828903438821
MnZnReCoO6,1.4342383025061318
ErMnReVO6,1.47518894217353
NdMnReAsO6,1.4540142817776023
SrMnReSiO6,1.4587089712220047
MnCrReCuO6,1.4161637590631169
DyMnReAlO6,1.4575707564286662
ZnNiReAlO6,1.4677565086525688
FeZnReBO6,1.493680838632827
YbZnReAsO6,1.4584669802913706
EuNiReAlO6,1.4443969891229316
EuNaReAlO6,1.4761724223224435
EuVReCuO6,1.4065971052507378
EuCoReAsO6,1.4362418542467665
NbNiReCuO6,1.4305030043463223
SnNiReCuO6,1.476579081786796
NiVReAsO6,1.466810293214126
ScNiReAsO6,1.472516013061102
CrNiReCuO6,1.4955450190116002
YNiReAsO6,1.4500229944064345
SrNaReSiO6,1.4452412576525808
NbFeReCuO6,1.4062124762908552
NbSbReCuO6,1.4914505627802472
NdFeReAlO6,1.4568514814157354
NdCoReCuO6,1.4616885875358276
NdCsTbReO6,1.4794944532726957
FeCrReAlO6,1.4764421848999794
SrSmReSeO6,1.4309238678245861
SbVReCoO6,1.4503979691750772
ScLiTaReO6,1.4585760631240656
SbCuReAsO6,1.4750130786645281
TiCoReAlO6,1.4214038829386475
LaCuReAlO6,1.470127881493323
BaPdMnRhO6,1.4250779889238683
BaMgTeRhO6,1.4396914657698001
BaKSmRhO6,1.441884059290835
BaSrSnRhO6,1.4406583303972007
BiHgTaRhO6,1.4288080588571592
BiKNbRhO6,1.4798070967455381
BiNaFeRhO6,1.4649190817380164
BiNdTaRhO6,1.4111292488483476
BiYbZrRhO6,1.4660636515293592
GdLaYbRhO6,1.4985561774229919
PrMgRhBO6,1.4406767946245858
PrKNbRhO6,1.41838847465718
PrKMoRhO6,1.409618807987351
PrEuCeRhO6,1.4371506338774598
PrSrTaRhO6,1.4313167413716084
PrSmInRhO6,1.4236746675495884
PrTmTaRhO6,1.4136982279648298
PrTlTbRhO6,1.4728988545996045
PrTiRhAuO6,1.40066306120383
PrTbRhAuO6,1.4615719107015273
PrTaRhAuO6,1.410494564316806
PrDyZrRhO6,1.489613899340349
CrPtRhAlO6,1.4248004615823266
PbHgNbRhO6,1.49595526877186
PbMnRhBO6,1.4137722907701096
PbEuTaRhO6,1.4761400919678596
PbNaMoRhO6,1.4217009930473619
PbSmYbRhO6,1.4532551266408968
PbLiTeRhO6,1.4302678475109443
PbLiTaRhO6,1.4652243355192978
PbAgInRhO6,1.4404033634673874
PdMnRhAuO6,1.4628616238828152
SbPdRhCoO6,1.45237154697619
TmPdRhAlO6,1.436381742423164
PmHgRhBO6,1.4775364545064384
PmKSmRhO6,1.4753391447009279
PmMnRhCoO6,1.476934248787813
PmEuLuRhO6,1.4738788387081172
PmEuTaRhO6,1.4927219679650936
PmCsTeRhO6,1.4664566833323007
PmTbInRhO6,1.4180521832222084
HoHgTaRhO6,1.4691871503546667
HoEuLuRhO6,1.4846116702825995
HoErNbRhO6,1.4746335453360448
HoTmZrRhO6,1.4276352267403045
HoYbDyRhO6,1.4921398322416395
HoDyZrRhO6,1.4199621377180922
HoAgRhAlO6,1.4597986116728447
SrMgRhAlO6,1.4479770406874197
TlMgRhAlO6,1.4589404912356718
MnZnRhCoO6,1.469544080754669
NdMnRhCoO6,1.4694643747746636
WNiRhCoO6,1.4065655555599925
WVRhAuO6,1.4786798775709995
EuNiRhBO6,1.4553315433926466
EuCdTaRhO6,1.494228750119791
EuTmTaRhO6,1.4722483193223637
EuCsCrRhO6,1.4451740228888854
ErLaYbRhO6,1.411300360693341
ErYbZrRhO6,1.45911617565134
FeNiRhBO6,1.4183917086205233
NbSbRhCoO6,1.4179801935865495
NbTbTaRhO6,1.4743791430559705
NdSrCeRhO6,1.4834801018525554
NdCaTaRhO6,1.4923284666480252
NdTmRhAlO6,1.4659325694264091
NdLuInRhO6,1.4190513068328359
NdYbRhAlO6,1.4190922299027606
SmFeRhAuO6,1.4802655269186995
SrSmRhAlO6,1.469612205775955
SrTmTaRhO6,1.4088417317735524
SrTmTaRhO6,1.4147007926265731
SmCdZrRhO6,1.4791174533873277
SmTmTbRhO6,1.4756141942246004
SmTmYbRhO6,1.4600133725092976
SmTmRhAuO6,1.4898958310240171
SmCsInRhO6,1.4450713144692957
SmTlTaRhO6,1.4061650268191388
SmAgZrRhO6,1.4923847682545885
VCuRhAuO6,1.4891944826494243
SbLiTaRhO6,1.4804295665637175
SbTlTaRhO6,1.4460389395463435
SbTlTaRhO6,1.4150797311335552
YCoRhAlO6,1.4394819128848373
CeTmLuRhO6,1.4209091685641464
YTmRhAlO6,1.4824476816442007
CrLiTiRhO6,1.4473920268648575
TbCrRhAuO6,1.480762738592841
TbCrRhAuO6,1.4484133431729622
LuTbInRhO6,1.4576547042141306
DyTiRhAuO6,1.4226919965157903
TbYbInRhO6,1.4094282922470407
BiGdPdBeO6,1.4130153936123448
BiPrNiBeO6,1.4354146812770108
BiPdVBeO6,1.432792201510483
BiPdVBeO6,1.408390360404735
BiPdAsBeO6,1.4718812394906076
BiPmZnBeO6,1.4174732548829863
BiPmSeBeO6,1.464939191486817
BiHoCoBeO6,1.478836961103741
BiHoCrBeO6,1.4152998435557156
BiMgVBeO6,1.40853383062577
BiMnVBeO6,1.486960478805259
BiEuNiBeO6,1.4511565986986583
BiEuCrBeO6,1.4021975082227935
BiNiCuBeO6,1.4200121423691183
BiNiTcBeO6,1.4525623757666237
BiNiTcBeO6,1.442944465834047
BiNiAsBeO6,1.4686553340191992
BiNbCrBeO6,1.451069662950498
BiNdCdBeO6,1.4732661636181867
BiNdCuBeO6,1.4660965758996143
BiNdMoBeO6,1.4798134279102457
BiSmVBeO6,1.4037896507169267
BiCoIrBeO6,1.4823495985634987
BiCaCuBeO6,1.4366158983582877
BiCaAsBeO6,1.4422032936169726
BiCaInBeO6,1.4029914016139737
BiCdCrBeO6,1.474472636217369
BiCdInBeO6,1.4708543749730751
BiTmCrBeO6,1.433723417917134
BiCsMoBeO6,1.4382929234540567
BiCrIrBeO6,1.4697960397588115
BiLaTeBeO6,1.4394050149904256
BiAgIrBeO6,1.413671501720248
OsPdSeBeO6,1.4006562285844146
OsSbAsBeO6,1.466028686256385
GePrAlBeO6,1.4917157096198224
GePtSiBeO6,1.4327878462219656
GeNiAlBeO6,1.4475501447099748
GeTbAlBeO6,1.4584247082727941
GdPbIrBeO6,1.4118242840708155
GdErTaBeO6,1.4759799219871907
GdNiAuBeO6,1.4257190872589676
GdSbCrBeO6,1.4975942042176003
GdCaCrBeO6,1.407427595101791
GdLuZrBeO6,1.4400226941847818
GdYbZrBeO6,1.4794657015249852
GdAgIrBeO6,1.4605817320861518
GaMnAsBeO6,1.4670345086508214
PrPtWBeO6,1.4444625415919974
PrPbZnBeO6,1.470506606615725
PrPbCrBeO6,1.4726143459128576
PrPdVBeO6,1.4557394267976436
PrPmYBeO6,1.428292056434596
PrMgTcBeO6,1.4687709648880898
PrKIrBeO6,1.4654688847466986
PrMnVBeO6,1.4681490305199971
PrEuTbBeO6,1.4517489771426948
PrNdIrBeO6,1.4723335595348295
PrFeSeBeO6,1.4973443358369238
PrSrTcBeO6,1.4649961393021174
PrSrAuBeO6,1.4037545618520557
PrSmMoBeO6,1.4697095096283306
PrCoCuBeO6,1.4544404745195703
PrTmTiBeO6,1.431075469492301
PrTlDyBeO6,1.4716621322156889
PtPdIrBeO6,1.4469062314609806
PtHgNiBeO6,1.4716725420922767
PtHgVBeO6,1.4654882582961837
PtMnIrBeO6,1.4557313901973334
PtZnSiBeO6,1.440305920418879
PtEuNiBeO6,1.4552370255887963
PtEuAsBeO6,1.4393772528775706
PtNdSeBeO6,1.4434284149865595
PtFeVBeO6,1.4904363177561146
PtFeIrBeO6,1.4147053474848057
PtCoCuBeO6,1.436587729970539
PtCoAlBeO6,1.4708424747480766
PtCuAlBeO6,1.4235269383493403
PtLiIrBeO6,1.4858407665120401
PtTaIrBeO6,1.4123113417825954
PtTaAuBeO6,1.4197508479021312
PbPdAsBeO6,1.4561483459582414
PbPmTaBeO6,1.47387928002255
PbPmDyBeO6,1.4365527499174968
PbHoYbBeO6,1.4038258739481495
PbKAsBeO6,1.4979944342972402
PbMnCoBeO6,1.4025608779786798
PbZnVBeO6,1.4332237903500622
PbEuNiBeO6,1.4872741429424952
PbNaVBeO6,1.4729640995167532
PbNbCuBeO6,1.4872102913257232
PbNdTiBeO6,1.4340625764511472
PbNdZrBeO6,1.4937347463767199
PbFeCuBeO6,1.4608316065468894
PbSmCrBeO6,1.4822299541950361
PbVCuBeO6,1.4539989942078189
PbSbIrBeO6,1.4173612814471015
PbTmTcBeO6,1.4977309257763143
PbLaAuBeO6,1.4378253806118642
PbTlAuBeO6,1.4983565337536005
PbTiTeBeO6,1.4163756564911003
PdHoIrBeO6,1.411262551779217
PdMnNiBeO6,1.4867637419436346
PdNiCuBeO6,1.449223967383565
PdNiTcBeO6,1.4132175930401745
PdNiIrBeO6,1.4305743548260743
PdNbFeBeO6,1.4612293212791558
PdSmSeBeO6,1.4096439842673814
PdScAsBeO6,1.4246399949447273
PdSbTiBeO6,1.4864398594057464
PdSbIrBeO6,1.450321973040081
PdTlIrBeO6,1.4399675265981369
PdAgAuBeO6,1.4983208632812302
PmMgVBeO6,1.4583672797718106
PmVIrBeO6,1.4264883436879114
PmAgIrBeO6,1.4297272958154192
HoHgCrBeO6,1.4403320518168072
HoNdCrBeO6,1.4632437118625974
HoSmCoBeO6,1.4914415875364064
HoCrIrBeO6,1.4945067837512591
HoCuTcBeO6,1.4101126198587026
HoYbIrBeO6,1.4378767575348945
HfMgCoBeO6,1.4286959921258617
HfMnAlBeO6,1.4374277735633796
HfEuVBeO6,1.4027066125411793
HfSmTiBeO6,1.4928245921816203
HfCeTiBeO6,1.4110209456990885
HfCdTiBeO6,1.4345274915808384
HfTmTiBeO6,1.495276388190871
HfTlAuBeO6,1.4169454965182078
HfYAsBeO6,1.4149976829152604
MnEuIrBeO6,1.4417494932762662
MnNiCoBeO6,1.4704906359136674
MnNdIrBeO6,1.485497852001185
MnSrCoBeO6,1.4976846859294317
MnSrCrBeO6,1.475126214928648
MnSmTiBeO6,1.4780049576303078
MnCdIrBeO6,1.4160073996507165
MnLuTiBeO6,1.4210904276365692
MnDyIrBeO6,1.4994459534853768
MnDyAuBeO6,1.472165852698349
WNiSiBeO6,1.4985489899733841
WNaIrBeO6,1.4669878952016515
WSrTcBeO6,1.451310707957295
WVIrBeO6,1.4204068160262522
WCrIrBeO6,1.406462918405817
WTiIrBeO6,1.4613126051282395
WTaIrBeO6,1.4242148237176786
EuSrMoBeO6,1.409204410530038
EuTmMoBeO6,1.4568829125191118
EuCuAuBeO6,1.4682176056460492
EuLuTeBeO6,1.4460895014871173
ErNiSeBeO6,1.4444522355550877
ErNdTiBeO6,1.4539665490076754
ErSrVBeO6,1.4066970378963335
ErSrTcBeO6,1.4645547512479342
ErSmCrBeO6,1.497659641304879
ErScTeBeO6,1.4052698997633988
ErCrAsBeO6,1.4573063231334618
ErCuAsBeO6,1.4486750761298577
ErTlTiBeO6,1.4942036126248055
ErDyMoBeO6,1.4450169818203265
NiSrAuBeO6,1.4089097897665375
NiSmCoBeO6,1.4441860405244775
NiSmAuBeO6,1.4997909411736172
NiVSeBeO6,1.411002196809379
NiCoIrBeO6,1.4401854744063196
NiCdIrBeO6,1.4023005909923314
NiCuTcBeO6,1.4473571085987949
NiLaAsBeO6,1.4995161753629975
NbNdVBeO6,1.4249685984040579
NbFeCrBeO6,1.4761627796040477
NbFeAuBeO6,1.4289785847414855
NbSrVBeO6,1.4114295946792161
NbScCrBeO6,1.4998309485672001
NbSbTaBeO6,1.4552513986778517
NbCoAlBeO6,1.4833810581909015
NbCaIrBeO6,1.4244775306791078
NbCeAlBeO6,1.4136616432549323
NbCeAsBeO6,1.4564952345247177
NbCdAuBeO6,1.4887199110633649
NbCuAuBeO6,1.4473617029394006
NbTlMoBeO6,1.4383309728064866
NbLuIrBeO6,1.4699706642425274
NbYbIrBeO6,1.4851809331610788
NdFeIrBeO6,1.4448292164595133
NdVTcBeO6,1.4725020624749832
NdTmMoBeO6,1.4494096958438618
NdLaZrBeO6,1.4108186288300837
NdTlTbBeO6,1.4691773320781283
NdTlTcBeO6,1.454095040520332
NdTbIrBeO6,1.463855544813558
FeSrCrBeO6,1.4976152834754148
FeSmCrBeO6,1.42285293925782
FeVCoBeO6,1.490615720142573
FeCeAuBeO6,1.40710214845492
FeTmIrBeO6,1.416523959357875
FeTmAsBeO6,1.4733495310117373
FeCsTcBeO6,1.459663190432985
FeCuAsBeO6,1.4882925381633902
FeAgIrBeO6,1.4553233469390328
FeIrAlBeO6,1.4857059560807064
SnSmTaBeO6,1.4760099061276355
SnSmMoBeO6,1.494629859444091
SnVCoBeO6,1.4303570980043312
SnVCoBeO6,1.4390963922230053
SnCaTeBeO6,1.4992479848900688
SnCeAlBeO6,1.4202692567388397
SnCsCrBeO6,1.4747759047089104
SnLiTcBeO6,1.4012354437883827
SnTaAlBeO6,1.4626643522847604
SnYbMoBeO6,1.4376046331135772
SmVSeBeO6,1.4288659331761573
SmVAuBeO6,1.4909317691503898
SmScCrBeO6,1.4970402029555512
SmCoIrBeO6,1.4233334664952528
SmCoAsBeO6,1.4381651006050207
SmCdTiBeO6,1.4759669411457672
SmTmIrBeO6,1.430248163398564
SmTmIrBeO6,1.49949479186958
SmCsIrBeO6,1.4898714129235624
SmCsZrBeO6,1.4333884893962507
SmCrTeBeO6,1.4522886417819854
SmLiTcBeO6,1.4848039498783978
SmLiIrBeO6,1.4114394719114198
SmLiMoBeO6,1.4645409347969975
SmTlIrBeO6,1.4009230173596312
SmTlIrBeO6,1.453865418114159
SmTlMoBeO6,1.4036921119788988
SmLuYbBeO6,1.4516449424970925
SmTbYbBeO6,1.456839855529406
SmYbAsBeO6,1.436185956266065
SmDyMoBeO6,1.4793560066788733
SmAgIrBeO6,1.4825921215379259
SmIrAlBeO6,1.4158340348294978
VCdTcBeO6,1.489358435466429
ScLuTiBeO6,1.4422795480054194
ScLuTeBeO6,1.4840424284720648
ScYIrBeO6,1.4126229373546717
ScAgIrBeO6,1.4845992518805784
CoTmIrBeO6,1.4247766741306698
CoCsTcBeO6,1.4404030983784235
CoCuTcBeO6,1.4592641274322362
CoTiIrBeO6,1.4546866314112858
CoAgAsBeO6,1.4462538461346088
CeCrAuBeO6,1.4625210991978845
CeCuIrBeO6,1.4103283240198656
TmDyAsBeO6,1.4823375043314349
CuDyAuBeO6,1.4891323573296187
TlYbAsBeO6,1.421325619651464
LuDyIrBeO6,1.4763957680326119
TiYbIrBeO6,1.405242289113232
TiYbAuBeO6,1.4775574628349066
TeTaIrBeO6,1.4272924470516961
TaYAsBeO6,1.4247460236891158
TaYAuBeO6,1.4569381285063983
DyAgZrBeO6,1.4226038447113547
PrGdBiCrO6,1.4672359002947324
EuGdBiAuO6,1.4930432492922139
GdNdDyBiO6,1.484880687515378
GdLuBiTaO6,1.413314665135728
PrPbBiLiO6,1.4130705935037935
PrPmNdBiO6,1.479631244816852
PrEuBiFeO6,1.4719398990611152
PrEuTbBiO6,1.4153695455861013
PrEuBiAuO6,1.4992227850683288
PrErBiScO6,1.4267613534485966
PrNdBiTaO6,1.4761487695353224
PrSmBiVO6,1.402203417240498
PrCeTmBiO6,1.4237036885982275
PrAgBiAuO6,1.4626903207986763
PbNaBiNbO6,1.4166502714507823
PbNaBiTcO6,1.4046054967139
PbDyBiMoO6,1.478972610020305
PmCeYBiO6,1.427271519118311
HoEuErBiO6,1.4455583459206982
HoErBiVO6,1.4152035550468594
NdHoBiLiO6,1.4297357683896823
TlHoBiAuO6,1.4424858248344286
TlHoBiMoO6,1.4666557153927395
CsKBiMoO6,1.4917184758686393
EuNaBiMoO6,1.4215711470283936
EuSmBiVO6,1.4104425968583052
EuCaTbBiO6,1.4082509726443724
EuTlYbBiO6,1.4378813495024518
NdErBiSbO6,1.4796542149818233
ErSmTmBiO6,1.487654363195906
ErTmLuBiO6,1.4591231133930802
ErTmBiTiO6,1.4676637036058118
ErTmBiTaO6,1.451884841047997
ErLuTbBiO6,1.4557967612530862
NdTmTbBiO6,1.4823791153833084
SmCeBiCrO6,1.4222469245215013
LaScBiAgO6,1.4439007543851237
TmTlDyBiO6,1.4429943150163116
TmAgBiAuO6,1.4294021732915445
GdNaTaOsO6,1.4872404012688287
PrTlTbOsO6,1.4057655780126033
PrAgOsAsO6,1.4588920317648812
PtZnOsBO6,1.4930459176873125
NdPtOsAsO6,1.4283495758901255
PbNaOsSiO6,1.4384687231814235
NdPbOsAlO6,1.42934509009737
SmPbOsSeO6,1.4550025739318517
PbCoOsAsO6,1.480835861681121
PdMnTeOsO6,1.4632493374537938
PdTiOsAsO6,1.423567794356366
PmNaTbOsO6,1.4409062295464177
HoMnOsAsO6,1.4310656304700176
HoCsTeOsO6,1.4556666916552887
HgMgOsAsO6,1.4840577007471167
MnZnOsBO6,1.430942128469653
EuZnOsAsO6,1.421998556715118
SmZnOsAsO6,1.4495801818914456
SbZnOsAsO6,1.4922744736379105
EuSrTaOsO6,1.4502899676488077
EuCoOsAlO6,1.4321835130666254
ErCsTbOsO6,1.4108571134367254
NbNiOsAlO6,1.4411382389233909
CdNiOsAsO6,1.4772488566290651
NdNaOsSeO6,1.414712155335127
LaNaOsAlO6,1.4651342000983292
NbCuOsAsO6,1.466690818848353
NbLiOsAsO6,1.4648071567868768
NdVOsAsO6,1.4479006082055748
FeCrOsAlO6,1.4631996011983022
SrCaOsAlO6,1.4893274369890803
SrTiOsAsO6,1.4865798734557176
ScTlTaOsO6,1.4278063449546576
LaCoOsAsO6,1.4812719003798924
CeCdOsAsO6,1.47371991266032
TmLiTeOsO6,1.4371275658157565
TmAgOsAsO6,1.4438251894340615
YbCuOsAsO6,1.4699985703376497
YbDyOsAsO6,1.426397313735719
GdErZrGeO6,1.4838771883408588
GdScZrGeO6,1.4025573218097416
GdTmTaGeO6,1.464111059593349
PrPbFeGeO6,1.4917130484823318
PrPbAgGeO6,1.469347649380814
PrMgTaGeO6,1.4561025857643555
PrKVGeO6,1.49599208866478
PrMnFeGeO6,1.4469456360150945
PrNaVGeO6,1.4989897888413248
PrLiTcGeO6,1.4732229965026276
PrInMoGeO6,1.4409791660458904
PtPbVGeO6,1.4757296914884863
PtKTcGeO6,1.4784083135279789
PtNbVGeO6,1.4228392671356764
PtNbIrGeO6,1.4087742054683716
PtCuTcGeO6,1.4572102104035025
PtTiTcGeO6,1.4258000309410799
PbPmYGeO6,1.4919711604853099
PbHoScGeO6,1.4523734173925469
PbHfCrGeO6,1.451136259445483
PbMgWGeO6,1.4912186966443457
PbEuTiGeO6,1.4260334734618711
PbNdTbGeO6,1.4370283574089027
PbLiMoGeO6,1.4190220824675814
PbTlTaGeO6,1.4833858496522383
PbLuTiGeO6,1.4320425464400623
PdMnTiGeO6,1.4327555139414725
PdEuTiGeO6,1.4712458058264737
PmCsTbGeO6,1.414995662552307
PmTlMoGeO6,1.4425057394914576
HoLuTbGeO6,1.4038189385970545
HfMgTcGeO6,1.4007268840550375
HfWZnGeO6,1.4757683961399517
HfFeCrGeO6,1.468274567035225
HgMgTaGeO6,1.4930475839327781
HgCsCrGeO6,1.4759855340426236
MnEuVGeO6,1.4980015233289876
MnEuCrGeO6,1.4380465894968686
MnErTiGeO6,1.4322254917084714
MnNdVGeO6,1.4449584893496343
MnFeCoGeO6,1.4924085711182702
MnTiTcGeO6,1.4073642531396933
WSmVGeO6,1.481157515421144
EuTmTbGeO6,1.4378698317059917
EuCsMoGeO6,1.4689770766746209
EuTlTiGeO6,1.4569005089211589
EuYbZrGeO6,1.4873058853814816
EuAgMoGeO6,1.4074373496787544
NbSrTaGeO6,1.4268969068566695
NbSrMoGeO6,1.4542185122991804
NbTmTaGeO6,1.4249551849235147
NbLiTcGeO6,1.4593556562684156
NdAgMoGeO6,1.4551446821179508
SmTlTcGeO6,1.4196899570456594
SbCrTcGeO6,1.41627569195295
SbLaTcGeO6,1.4302355850383384
CoLuTcGeO6,1.447081983180033
CoTiTcGeO6,1.4855154115554525
CrCuTcGeO6,1.460158747870435
CrLiIrGeO6,1.4401165661076192
TlLuTcGeO6,1.492642408087993
TlTiTcGeO6,1.4025796792144518
LuDyZrGeO6,1.4993493698304585
TbYbZrGeO6,1.4714277087106238
TaInMoGeO6,1.4026248651661957
PrPbGdAgO6,1.4343445975829392
PrNdGdCuO6,1.4548975002922715
SmPbGdVO6,1.4784757682445797
SmPbGdCuO6,1.4399541850552975
PmSrCeGdO6,1.4972207064904515
TlPmGdIrO6,1.4585116426632974
EuNdGdCoO6,1.4114829423489643
EuSrCeGdO6,1.4236922609471234
EuSmGdIrO6,1.4687320822684633
TlSmGdAgO6,1.4517968417381961
PrPbCrGaO6,1.4674630113367189
PrPmTaGaO6,1.4637794627587724
PrNaZrGaO6,1.4150666148986928
PrNaMoGaO6,1.498938215235293
PrSrCoGaO6,1.4992271906715176
PrSrTiGaO6,1.4232955160499783
PrSrAuGaO6,1.4061201009333046
PrAgAuGaO6,1.438242091100888
PrAgMoGaO6,1.451615592963608
PbPdIrGaO6,1.4018212448973018
PbMgTaGaO6,1.4072143941326374
PbFeTiGaO6,1.4914791738333963
PbSmTaGaO6,1.4584861193621859
PbTlMoGaO6,1.449855268707948
PbAgMoGaO6,1.470793744208426
PdPmTiGaO6,1.4787455883277993
PdMgVGaO6,1.4905894723727848
PdMnWGaO6,1.4899728351807793
PdMnVGaO6,1.4691128221417806
PdFeIrGaO6,1.4584224269071158
PdCrTiGaO6,1.4995539383325547
PmKIrGaO6,1.4371546642308717
PmNaCrGaO6,1.449111604567902
PmSrTiGaO6,1.4465188299933398
HoMnNiGaO6,1.4156874945006857
HoEuVGaO6,1.454114343232133
HfHgNbGaO6,1.4916825009347248
HfKCrGaO6,1.4150212913196782
HfEuTiGaO6,1.4248535317111226
HfAgMoGaO6,1.4395546634224008
MnNdIrGaO6,1.4745423112491907
MnSmIrGaO6,1.4585318784961363
MnLiTiGaO6,1.439838719547094
EuNaTaGaO6,1.4813989896414996
EuLaTiGaO6,1.4164716598682654
EuLaAuGaO6,1.4401131370939393
EuYbAuGaO6,1.4179785492081927
ErSmZrGaO6,1.4604505937587489
ErScMoGaO6,1.488663426939467
NiFeVGaO6,1.4424333622331071
NiCaIrGaO6,1.4542319339989798
NbFeVGaO6,1.4279417869466668
NbFeVGaO6,1.40002327568463
NdScTaGaO6,1.4380356371194698
NdCaTaGaO6,1.4424076900982419
NdCaZrGaO6,1.4925398373729855
NdTlTaGaO6,1.4106841313757024
FeLiTcGaO6,1.424898216415837
SnLiIrGaO6,1.4909538905902002
SmTlMoGaO6,1.4437531600286977
SmAgMoGaO6,1.4890354190753257
CeCdMoGaO6,1.4009431322689785
CeAgZrGaO6,1.4575505935194524
TmLaTiGaO6,1.4308608500469198
LaTlMoGaO6,1.4968027075281491
TiAgIrGaO6,1.4507185680318588
PmEuPrCuO6,1.4806428692057447
PmEuPrTaO6,1.471505043016372
PmEuPrAsO6,1.4693605428677894
EuSmPrSbO6,1.4488833689001195
EuSmPrTcO6,1.4197390260829468
NdSmPrCoO6,1.4765713837855832
TlNdPrAgO6,1.4224662329305668
SmCePrAgO6,1.4893556497290452
LaTlPrTiO6,1.447451978002258
PbPdMnPtO6,1.4925419686972468
PbVPtAsO6,1.4473135609925858
PbCaTbPtO6,1.4522203933123867
PbTmLuPtO6,1.4137197677832654
PbTmTbPtO6,1.482100366769782
PbTlLuPtO6,1.4806738360842289
PdPmMnPtO6,1.4749378167837581
PdMnPtZnO6,1.4451992257491075
PdMnFePtO6,1.454261315632884
SbPdPtAsO6,1.4838698048701437
HgMnPtAsO6,1.42731827583931
CsHgPtAsO6,1.4143145261140093
MnWPtCoO6,1.4093976126156837
EuCsCrPtO6,1.451983782957003
NaCsCrPtO6,1.404547107220886
NbTmCrPtO6,1.4602147171655278
FeLuTePtO6,1.4724245038539874
SmCaTbPtO6,1.4246297647946644
SmCsTbPtO6,1.4467513730112083
ScTlTePtO6,1.4320905698436033
SbLuTePtO6,1.4102913672963282
CsLiPtAsO6,1.4509090398019056
LaLuTbPtO6,1.4591468822209341
TbLiPtAsO6,1.4731076157402174
YLiPtAlO6,1.416738666549201
AgLiPtAsO6,1.4682773182585966
LuAgPtAlO6,1.4315022563803317
TbYbPtAuO6,1.433854977479156
PmCaPbDyO6,1.4661957151059104
EuNdPbCrO6,1.450988728759685
EuSmCePbO6,1.4306329069965247
LaNdPbTbO6,1.4368528630151625
TlCaPbMoO6,1.434080342541684
PmErDyPdO6,1.4400825551486236
PmNaTbPdO6,1.4436127507348249
PmYZrPdO6,1.4518520075980321
HoKTaPdO6,1.406126620946901
HoErTaPdO6,1.4283272296882543
HoCaTbPdO6,1.4871772707667459
HoTmInPdO6,1.4574162963405015
HoLaTaPdO6,1.4573762888057409
HoTbPdAlO6,1.4171004577932433
HfHgPdBO6,1.431873699364758
HfNaNbPdO6,1.4603441150071252
HfScZrPdO6,1.4743826250602643
HfTmTaPdO6,1.4116045593073874
HfDyZrPdO6,1.499748091968432
HfDyInPdO6,1.4614300430495575
NdMnPdBO6,1.4208684810146868
MnFePdCuO6,1.4805234357955137
EuSrTbPdO6,1.4608859828423477
EuSmLuPdO6,1.468425008087332
EuCaPdAsO6,1.4486945971613532
EuDyInPdO6,1.4017774624336228
ErNaTbPdO6,1.4456455255640714
ErSmTbPdO6,1.424899880847363
ErScPdAlO6,1.406858506336034
ErLaTbPdO6,1.447907997370395
ErLaInPdO6,1.479691593145637
SmNaPdTeO6,1.457873619408188
NbNdTaPdO6,1.431400111967672
NbSmTaPdO6,1.4932226303243867
NbLiTaPdO6,1.4870831959288506
NdSrCePdO6,1.4352038685957909
NdScZrPdO6,1.4111355538449593
LaNdPdAlO6,1.4379597634231056
SmSnPdCrO6,1.4679910263927791
SmTmLuPdO6,1.4612977625975563
SmTmLuPdO6,1.4589588056951641
SmTmInPdO6,1.409323668025889
SmCsZrPdO6,1.4607525464219846
SmTlInPdO6,1.4677430547608512
SmLuYbPdO6,1.4881174383683053
SmTiPdAuO6,1.4530954366019326
SmTbInPdO6,1.4156509676850513
SmTaPdAuO6,1.4871963711758331
SmYbDyPdO6,1.4623445546380736
SmYbInPdO6,1.4431495071407456
SmYbInPdO6,1.488491692941125
SmAgInPdO6,1.434326434872614
ScTiPdAlO6,1.4285599711463115
SbCsTaPdO6,1.498936388263133
SbTlMoPdO6,1.4414736817048663
SbLuTaPdO6,1.4777139834922721
SbAgMoPdO6,1.4434991190006672
CaTiPdTeO6,1.4389264879529418
CeLaZrPdO6,1.4519249231009885
CeTbDyPdO6,1.480488413924269
LaLiPdTeO6,1.4392226012565434
TlTbYbPdO6,1.463661962604076
TaTiPdAuO6,1.415721139793245
TbYbDyPdO6,1.4176256424887548
TbYbDyPdO6,1.408165613345028
TbYbPdAsO6,1.4800122099679793
TbYbMoPdO6,1.480649875264593
YbAgPdAsO6,1.4246814067321523
YbInMoPdO6,1.4378768909353592
EuSmPmAgO6,1.4049942890190685
TlEuPmTaO6,1.4251886491467616
EuErHoNbO6,1.4658433362823116
EuLuHoTiO6,1.4589922128374906
SmErHoCuO6,1.4265298682975596
LaErHoTiO6,1.4746751861088254
NdYHoAgO6,1.493204840795321
SmCaHoCdO6,1.409229348931065
SmTmHoCuO6,1.4444580352460474
CeYbHoIrO6,1.462546752071075
CeYHoAuO6,1.4131484075883147
TmYbHoAuO6,1.4475282856863334
TlYHoMoO6,1.459723842384324
TlEuHfAlO6,1.4681182535011017
EuAgHfZrO6,1.4146976776653193
ErYbHfMoO6,1.4310361603878996
SmNaHfAsO6,1.4059024498743034
LaNaHfZrO6,1.4270384672102296
SmAgHfZrO6,1.4614885441855225
CaTmHfMoO6,1.4766812042314976
TlCaHfMoO6,1.403107468689859
LuCdHfTiO6,1.4257850793398277
TmYbHfZrO6,1.4986064651702198
TmDyHfAlO6,1.4443258291762082
TmAgHfZrO6,1.4002823248393543
LaDyHfMoO6,1.4712916812685939
EuLuZrHgO6,1.4557450662660187
ErTlTbHgO6,1.4014452821352685
SmCeHgLiO6,1.4250353932845534
SmCeTbHgO6,1.463741717810221
SmTlLuHgO6,1.494814175189327
SmTbAgHgO6,1.4546427206754007
CeLaDyHgO6,1.4898057376270628
CeLuTbHgO6,1.4198036067160158
CeTbDyHgO6,1.428567748161547
CeTbZrHgO6,1.4888103209608659
LuDyZrHgO6,1.4482034089589533
ErLaZrMgO6,1.428717881214319
SmCaZrMgO6,1.4501988219609732
SmTmTbMgO6,1.4640884587060523
SmTmInMgO6,1.484876064573025
SmTlZrMgO6,1.452548091745802
SmTbDyMgO6,1.4824285035929943
CeAgZrMgO6,1.4386973238267564
EuNdTbMnO6,1.4009671972411484
EuSrSmMnO6,1.4798103393802646
EuSmCeMnO6,1.4507815023719899
EuCrMnAsO6,1.4474986458675287
EuTaMnAuO6,1.4449796388305838
SmErMnCrO6,1.4815377353541943
NbSbMnCrO6,1.426365201342522
NbTmMoMnO6,1.4894681539136843
NbCrMnCuO6,1.4956504038374423
NdCdMnAlO6,1.458162564445346
NdTmTbMnO6,1.4978155108136373
NdTlTbMnO6,1.4351871759501291
NdTlDyMnO6,1.4509087421574616
FeCrMnTiO6,1.4206307193320167
SnAgMoMnO6,1.4588174803036464
SmCeMnAsO6,1.46296838559342
SmTmDyMnO6,1.4443350139280344
SmLiMnTiO6,1.4665285621140343
SmLiMnTeO6,1.4461538523761694
SmLiTaMnO6,1.4814716677615942
SmTlMoMnO6,1.476602277345838
SmTiMnTeO6,1.4431890689434697
SmTiMnAsO6,1.4215889349942805
SmDyMnAuO6,1.452012776013082
LaScMnAlO6,1.4811450532586334
TbScMnAuO6,1.4353069770214466
SbLiMnAsO6,1.4915108385314988
SbTiMnAsO6,1.4164306787106213
CaCdMnAlO6,1.4701037931336915
TmCdMnTiO6,1.418481360688105
TmLiMnAsO6,1.4625739714566297
TmTlMoMnO6,1.4668818578153577
TmLuZrMnO6,1.4689996399745793
TmTbMnAuO6,1.4363605776610087
AgLiMnAsO6,1.4801840622996625
ZnNiWBO6,1.450378998672793
EuNiWCuO6,1.4552985178056983
EuLiWAsO6,1.4147399858357073
EuTiWAlO6,1.473573861589297
NbNiWCuO6,1.4300032759943462
SnNiWVO6,1.4598713064944684
NbFeWCoO6,1.4608207706757017
NdVWAsO6,1.4464562004043386
NdCrWAsO6,1.4783236594045195
NdTiWAsO6,1.4431943033189962
ScFeWCuO6,1.4224453128027381
FeCuWAsO6,1.464143690258627
FeTiWAsO6,1.467891745534874
SrSmTbWO6,1.4156918045102624
SrTmTbWO6,1.4639131013823465
SbVWCoO6,1.487684256223314
SbVWCuO6,1.409688195112787
YbVWAsO6,1.406606055585042
ScCoWCuO6,1.4274447249308608
TmSbWCuO6,1.4505871625694127
TmCrWCuO6,1.4393413771479393
TmAgZrWO6,1.4186791858308132
LaTiWAlO6,1.4661440236121135
LaAgZrWO6,1.408495511366123
AgLiWAsO6,1.4479109804076589
LuAgWAsO6,1.4665731963450632
LuAgZrWO6,1.4295253906426644
TbDyWAuO6,1.4343667259190693
YYbWAsO6,1.404327140800505
EuLaTeZnO6,1.407250539451985
ErLaTeZnO6,1.4281270452459918
ErAgZrZnO6,1.4679285845219043
NbNiZnVO6,1.443033197550207
NbSrCrZnO6,1.4012937539559076
NbTmTiZnO6,1.4379753842997354
NbTmMoZnO6,1.4445075890309818
NbLuTaZnO6,1.4773154436726803
NdSbTaZnO6,1.4820190571830172
NdCrTeZnO6,1.4872043264380113
SmCaMoZnO6,1.4852397835105529
SmTmLuZnO6,1.4527074372925122
SmTmTaZnO6,1.4381768981470724
SmCsZrZnO6,1.4613311137984302
SmCrTiZnO6,1.496811278847177
SmTlTeZnO6,1.4664742417868368
SmTlZrZnO6,1.484636431206801
SmTlMoZnO6,1.417657818441868
SmLuYbZnO6,1.4048247285533684
ScSbTaZnO6,1.4383863115429707
ScLaZrZnO6,1.4812172098674075
SbCeTiZnO6,1.4392088223813477
CeTlTeZnO6,1.4442289555870487
TbDyZrZnO6,1.4909618065251304
NdCeEuAuO6,1.410469875017707
SmCeEuCuO6,1.4895013861477902
LaSmEuMoO6,1.449798964286001
TlSmEuMoO6,1.44595235257412
NdSmErCoO6,1.436868910440772
NdTmErMoO6,1.485237185665277
SmCaErCrO6,1.4114454425860024
SmTmErMoO6,1.4913323941911383
SmYbErIrO6,1.4224572760906111
SmYbErMoO6,1.4213898461981433
SmYErAgO6,1.461969283692584
LaTlErTaO6,1.490211184471738
LaTbErIrO6,1.4248469483352508
LaYbErMoO6,1.4684885008290798
TlLuErAgO6,1.4600022117532208
TbYbErAuO6,1.421775675637124
NbSrTaNiO6,1.465747569255965
NbSmTaNiO6,1.4889503794591452
NbCuNiAuO6,1.4799214846408277
NbLiTiNiO6,1.4732228421652596
NdTlDyNiO6,1.4661680950785825
FeScTiNiO6,1.465076711911969
SnTeNiAuO6,1.4867460433409376
SmTmZrNiO6,1.430059036944984
SmCsTbNiO6,1.4669407596132475
SmCsTbNiO6,1.4341593703417856
SmLaYbNiO6,1.4277515163071213
SmTlDyNiO6,1.417475859956614
SmTiNiAuO6,1.4960847476914294
SmTbYbNiO6,1.4947975721076656
VIrNiAuO6,1.4689859317066183
ScTbZrNiO6,1.4628739487568505
TaCoNiAsO6,1.4763556369686226
TmTlTiNiO6,1.4441230862413088
AgCrNiAsO6,1.4991494775890268
TaCuNiAsO6,1.4865124081913208
TlLuYbNiO6,1.451389977074394
TeIrNiAuO6,1.4712870627177368
NdSrSmNbO6,1.4262071790667112
SrNdNbTaO6,1.458851674580119
NdScNbIrO6,1.458801410755177
NdCaNbTaO6,1.470010709191379
NdTlTbNbO6,1.4982700280963377
NdYbDyNbO6,1.4653000806673002
NdAgInNbO6,1.4342596128767267
SmScNbIrO6,1.4645812036377903
SmCaYbNbO6,1.432212835559922
SmCaDyNbO6,1.4619141220211134
SmCdNbLiO6,1.4834759337892884
SmTmNbTaO6,1.4086055384564722
LaSmNbIrO6,1.4020010638413785
SmLiNbTaO6,1.457299164780244
SmTlYbNbO6,1.4538385664185383
YScNbAlO6,1.4787033614897163
ScAgZrNbO6,1.4600340270385601
TmSbNbCrO6,1.4205025855576638
CeTmNbLiO6,1.4072443056428383
TmLiNbTaO6,1.4973471051932903
YTmNbAlO6,1.4737046191678975
LaLiNbIrO6,1.4761104873481787
LaTlLuNbO6,1.4590336784531315
TlLiNbAsO6,1.4207288503232491
TlLiNbAsO6,1.4961697693390539
YLuNbAlO6,1.4832105541827534
TbYbNbAuO6,1.4191952893808992
TbDyNbIrO6,1.467020224764651
YDyNbAlO6,1.4834499566284924
DyAgNbIrO6,1.4202885325470855
SmCeNdCuO6,1.4593405690434773
SmCeNdAuO6,1.4864404139892282
SnSmTaFeO6,1.477502155205618
SnCaTaFeO6,1.4336352581497698
SmSbFeAsO6,1.4884845687162291
SmCeFeTiO6,1.4966343345100799
SmTmDyFeO6,1.4527267883641068
SmCrFeTiO6,1.4000072967277295
SmLaYbFeO6,1.4711010953928616
SmTlTbFeO6,1.4336419103700175
SmTlYFeO6,1.4070030680769556
SmYbDyFeO6,1.4297688942121394
YSbFeAsO6,1.4960279264728567
CaYbZrFeO6,1.409704388177823
LaAgZrFeO6,1.4132559981105897
TlLuFeTiO6,1.4770507473080614
TlDyZrFeO6,1.4362613747974375
TbYbDyFeO6,1.400827781635813
TbInMoFeO6,1.4227458293230142
TaAgMoFeO6,1.4365980226749517
SnTlTiBO6,1.4519605549604109
SmTmTiBO6,1.4109220450815099
SmTlTbBO6,1.4633326617212439
ScSbAuBO6,1.477098172391694
CoCsTcBO6,1.4751827689761166
CoTiIrBO6,1.4806047090094065
CeCrAuBO6,1.4200292112731698
CuAgAuBO6,1.4736643705040726
LaLiTaBO6,1.4127826936680186
SmTlTaSiO6,1.4914098948296304
SbLiTaSiO6,1.4976225340371727
SmScSnTiO6,1.4008103966346317
SmSbSnLiO6,1.405849892902704
TmAgSnMoO6,1.4873778735828669
TbLiSnMoO6,1.4615020154646055
TlYbSnMoO6,1.4550645758401188
ScCaTaVO6,1.4615464737783845
ScCeInVO6,1.445624385565391
ScTmMoVO6,1.4693738628809667
ScAgVAlO6,1.4859194986943765
ScAgVAsO6,1.4137709766352216
SbLaTiVO6,1.4289644146656477
SbIrVAlO6,1.4352842189178072
TiCoVTcO6,1.469320873595619
TeCoVAuO6,1.4751353011433972
TaCoVAuO6,1.4986374929942927
YCoVAlO6,1.4497465451433447
CeCaVAlO6,1.4540989070773782
CeTiVAlO6,1.4070752677275753
CeAgInVO6,1.4870053297339159
TmYbVAlO6,1.4352790897946657
TmDyVAlO6,1.432495012041878
TmInMoVO6,1.4052608665281656
CsCuVTcO6,1.4902535125289882
LuCrVAsO6,1.496192208375336
LaCuVAlO6,1.4716540974693655
TeCuVAlO6,1.4739445771886108
TaCuVAlO6,1.4454357911252902
LaLuZrVO6,1.4596103223728936
LaTiVAuO6,1.4988672809489627
TlLiVTcO6,1.4336332593176786
TlTiTeVO6,1.437690640402888
TlYbDyVO6,1.4194336856443697
LuTaVAlO6,1.4850527782518703
LuAgVAsO6,1.4385074865439602
LuAgMoVO6,1.425046557455431
AgTiVAuO6,1.4505184650260046
TcIrVAuO6,1.4596773525108355
TaAgMoVO6,1.4279118485221318
DyAgMoVO6,1.4368170671342069
TmYbScMoO6,1.471461961225902
TbDyScAsO6,1.49435560481426
TbAgScInO6,1.4303073477060173
YYbScMoO6,1.4803357071842456
YDyScAgO6,1.44850687582127
TmAgSbIrO6,1.4158818555863075
LaInSbMoO6,1.4630706539004688
TlTbSbAuO6,1.4786885571411181
LuTbSbAuO6,1.4818072529820303
TbYbSbAuO6,1.4025223978315504
CoLiAuSeO6,1.4793923580866928
CaCdTaCoO6,1.4530085515294313
CeLaTbCoO6,1.4467223029783878
TaCuCoAuO6,1.4001829315550045
LaTlMoCoO6,1.4527087988509515
LuYbDyCoO6,1.441882176245517
TaTiCoAuO6,1.4743902468734076
TaAgMoCoO6,1.440676113424516
TlLuTmAgO6,1.4342272086240326
TbYbTmIrO6,1.4103634671862557
LaTlTbCrO6,1.4377568709225454
LuYbCrAuO6,1.4635633929811391
YbTiCrAuO6,1.432392635788072
TbYbCrAlO6,1.4137140610105026
TbYbZrCrO6,1.4530254560279463
YbTaCrAuO6,1.4453248573419397
TbYbAgTiO6,1.4815079858414124
TbDyTiAlO6,1.4742681394333013
TbYZrTiO6,1.4882383669231065
TbAgZrTiO6,1.4630324917400774
YbAgTiAsO6,1.469915860048229
YDyTbAgO6,1.4744234279800463
ReMgSeZnO6,1.4205637285273913
ReMnIrZnO6,1.43329375064319
BaRbOsHfO6,1.4040059859687417
BaRbOsZrO6,1.4403121794191263
BaRbTcSmO6,1.436371382413239
BaRbSbZrO6,1.436492216458362
BaRbTcCoO6,1.4870783567292307
BiRbOsHgO6,1.4998485119734082
BiRbGePtO6,1.4628020597855398
BiRbTeHgO6,1.4989909581669167
BiRbSiAgO6,1.4916387454827669
BiRbCrScO6,1.4658629195076673
BiRbSbAgO6,1.4022525529320047
BiRbCoCrO6,1.4360697103936488
BiRbAuCrO6,1.4996500191000113
BiRbAuCuO6,1.4463247974835203
BiRbMoTaO6,1.4683170280139284
BiRbAsMoO6,1.4129215398573913
GdRbVScO6,1.4390118125034161
GdRbMoScO6,1.4246640401995827
GdRbSbYbO6,1.4149224545349448
GdRbTcInO6,1.435295703593781
GdRbTaDyO6,1.464765431420144
GdRbAsDyO6,1.4300572043492725
PrRbPtScO6,1.4990031986586745
PrRbAuPbO6,1.417136103879379
PrRbVPdO6,1.4490939018573337
PrRbAuPmO6,1.4465763791484887
PrRbVHoO6,1.490853892403396
PrRbMoHoO6,1.4674529364095679
PrRbMnScO6,1.4832349969380907
PrRbMnCeO6,1.458435630525431
PrRbWEuO6,1.4602307585637535
PrRbWEuO6,1.4140555155085526
PrRbWScO6,1.4086952694497847
PrRbWCaO6,1.4130634457676903
PrRbVEuO6,1.4050632439731556
PrRbVNiO6,1.4075067962942378
PrRbSnNbO6,1.47352147763586
PrRbNbLuO6,1.4932292435398784
PrRbCrSmO6,1.4299336231517463
PrRbSbYO6,1.4347920366797948
PrRbCrYO6,1.4479604292035124
PrRbAsCrO6,1.4595143588472208
PrRbIrYO6,1.47146655808965
PrRbAsAgO6,1.4962860364636779
PtRbAuVO6,1.455132704773819
PbRbPdErO6,1.4530005458958393
PbRbTcHgO6,1.4916312135174123
PbRbTaHgO6,1.4519900442484897
PbRbMnLuO6,1.4214843482060056
PbRbMnZrO6,1.4384970429601853
PbRbWFeO6,1.4627276962939777
PbRbTcNiO6,1.4239768059016382
PbRbNiAgO6,1.429558450273432
PbRbSbNbO6,1.4957294645184573
PbRbTaNbO6,1.4157776949901009
PbRbFeTmO6,1.4410862113195222
PbRbSiYO6,1.4533004023567189
PbRbTiSbO6,1.4068084685274893
PbRbCrTbO6,1.4017405547389887
PbRbIrLuO6,1.4347826294384691
PbRbTcYbO6,1.4465198472790184
PbRbAsTcO6,1.4060593890555084
PbRbAuYbO6,1.435602208624038
PbRbAsAgO6,1.426997910778664
PdRbAuCrO6,1.425421388675656
PmRbTcHoO6,1.4134486613860384
PmRbNbSmO6,1.4009454009225393
PmRbNbInO6,1.4739231848110426
PmRbSbYbO6,1.4184344990151028
PmRbSbDyO6,1.4301410228743394
PmRbAuTmO6,1.429625010098337
PmRbAuTbO6,1.4093157214846976
PmRbIrDyO6,1.4579193338823488
PmRbAuInO6,1.4885996117240206
HoRbNbTmO6,1.4972576573006295
HoRbMoDyO6,1.4088710917149077
HfRbTcMnO6,1.4781618100810248
MgRbWFeO6,1.4663943948120162
MnRbTcCoO6,1.4298761010709653
WRbIrZnO6,1.4383435517815033
EuRbAsErO6,1.4907441291671997
EuRbIrNbO6,1.468201276134803
EuRbTcTeO6,1.4394964622527204
ErRbCrScO6,1.4776062763718274
ErRbAuLuO6,1.4063232361016338
NdRbAuVO6,1.4574953093583092
NdRbSbTmO6,1.4641830428424614
NdRbSbYbO6,1.454564055264732
NdRbTcTmO6,1.4822757767153187
NdRbTcTbO6,1.4495626559068522
NdRbAsMoO6,1.430729603134845
SrRbVSmO6,1.4191390021212213
SrRbTaSmO6,1.4353055807263486
SrRbTcCeO6,1.4564396742771528
SrRbTcZrO6,1.4558333484118344
SnRbTcCoO6,1.4179597763909904
SmRbSbDyO6,1.4938189591097553
SmRbSeIrO6,1.4851262887135923
SmRbCoCaO6,1.4338680421341112
SmRbCoDyO6,1.4044262708491322
SmRbTcLiO6,1.4416341889796167
SmRbIrYO6,1.4140524041350815
ScRbAsTiO6,1.4814915226103562
SbRbTcCuO6,1.4741453917536578
SbRbAsAuO6,1.4573616027120462
CaRbMoTbO6,1.461797075554606
CaRbAuZrO6,1.415857942837561
TmRbTcLuO6,1.4429247613227008
TmRbAsLuO6,1.4829351939155375
TmRbAsTaO6,1.4294767515596976
RhBaSeZnO6,1.4522599536137202
RhBaTcZnO6,1.454434043577127
RhBaTcCuO6,1.4882310925384672
RhBiAsPtO6,1.4744878027860122
RhBiAuCuO6,1.4387183112195814
RhPbIrZnO6,1.4869135521047478
RhPbTcNiO6,1.496065250589987
RhPdTcZnO6,1.4170265339411348
RhMgSeZnO6,1.4162178997689765
RhKVNiO6,1.438017701408245
RhMnTcNiO6,1.4952295392822683
RhMnAsVO6,1.4369980428634268
RhMnTcCoO6,1.463314113163494
RhEuTcVO6,1.4001386052375464
RhNaIrVO6,1.4429580661451948
RhNdCoVO6,1.4205483720179142
RhSrSeVO6,1.4408494990154135
RhCsTcCuO6,1.4904375739678049
BiBaSiPdO6,1.4931528652245443
BiBaSiAuO6,1.404378964257754
GdBaPtTmO6,1.4288626136015923
GdBaHfDyO6,1.4912689231736587
GdBaVMgO6,1.4449581130408904
GdBaMnScO6,1.418517746295217
PrBaPtLuO6,1.4486240322731287
PrBaSiHgO6,1.478580144103924
PrBaIrHgO6,1.456742491881505
PrBaMnEuO6,1.4395934397626666
PrBaMnSmO6,1.4091355504666088
PrBaFeErO6,1.488522577417273
PrBaNiYbO6,1.4910946664944655
PrBaCrNaO6,1.41146995997984
PrBaNbDyO6,1.4227093274763742
PrBaVTbO6,1.4741829343976385
PrBaCrScO6,1.413846431493276
PrBaCoYO6,1.4667466083948022
PrBaTiYbO6,1.4644314102611262
PrBaTeYO6,1.4194510510825011
PbBaHfTmO6,1.4337202554360868
PbBaCoMnO6,1.463981757268652
PbBaWNaO6,1.485600069230825
PbBaVNiO6,1.4059221897427636
PdBaWMnO6,1.4620790118712734
PdBaTcMnO6,1.490308912489801
PdBaWTiO6,1.425685488543201
PmBaIrHgO6,1.4741922365087041
PmBaNbEuO6,1.4081415458775917
PmBaTcEuO6,1.4501061942722901
PmBaZrSmO6,1.4361069539272417
PmBaTiScO6,1.4735820165508984
PmBaTiTmO6,1.486786275376529
PmBaTcDyO6,1.4514582266162535
HoBaZrErO6,1.4654103330765527
HoBaNbYbO6,1.4317453996975278
HoBaFeDyO6,1.4205641855226407
BaKMoSmO6,1.4955634191493972
BaKAsTbO6,1.4431118219530255
MnBaIrZnO6,1.4758494794598311
MnBaSeTiO6,1.4097724049962583
MnBaTcTiO6,1.481731595279257
EuBaNbDyO6,1.4253247524390047
EuBaSnSmO6,1.48710385075823
EuBaSeIrO6,1.4627405329493202
EuBaTbTmO6,1.432631372420495
EuBaTiDyO6,1.4990228801971242
EuBaTeYO6,1.4423881153517215
ErBaSiScO6,1.451354395215752
ErBaVYbO6,1.4385414622854134
ErBaTaSbO6,1.4931406684346618
NdBaSiTaO6,1.4033851578575396
NdBaVDyO6,1.4284881054203333
NdBaTcDyO6,1.4009166304749332
SnBaCrLiO6,1.4250151992122826
SmBaVCaO6,1.4191763620856754
SmBaVLiO6,1.4108048548941925
SmBaVDyO6,1.4371123508703512
SmBaCrCeO6,1.4912354043675666
SmBaCuYbO6,1.4578803567148866
SmBaIrYbO6,1.4407261388856767
CoBaAsAuO6,1.4356444747459836
TmBaIrLuO6,1.4541730438544591
TmBaTaYbO6,1.4618893175081946
TmBaAuDyO6,1.4222143095695496
BaCsTcTbO6,1.4634380640994176
LaBaTbTlO6,1.414184144408932
LaBaTcDyO6,1.4056765405043166
LaBaTaDyO6,1.416298412149188
LuBaTaYbO6,1.4032053110541407
LuBaIrYbO6,1.4250045849614508
TbBaAsYbO6,1.45023142548356
BiPrNbHgO6,1.4072769215924483
BiPrCrHgO6,1.4909576764132977
BiPrCuHgO6,1.4743234071407267
BiPrAsHgO6,1.4449461046889895
PrBiTiAgO6,1.46030997769844
PbBiPdAgO6,1.4523102482152308
BiPbBHgO6,1.4359169506135687
BiPbTeHgO6,1.4244046111115698
BiPbAsZnO6,1.4500079349471515
PdBiAuZnO6,1.4874729968302822
BiPmTiHgO6,1.4488285937571779
HfBiTiHgO6,1.4163103806521145
HfBiCoCdO6,1.491722375287199
BiKTaSbO6,1.423523050348648
BiKTcTiO6,1.4082590479500015
BiNaAsVO6,1.4725879953023415
BiNaTeCdO6,1.4954562905974924
BiNaAuLiO6,1.4076209491121643
BiNdTiLiO6,1.4278103590176234
BiSmAsCdO6,1.4577977032826193
BiTmMoLiO6,1.402614534663987
PrGdHfAgO6,1.4046168292627363
PrGdVCaO6,1.4112762345155905
PrGdScTmO6,1.4455526671916537
PtGdAsZnO6,1.4736665158705584
PtGdAlAuO6,1.4699071210935355
PbGdBHgO6,1.4308924593810934
PbGdTiMnO6,1.4072151672689093
PbGdSnAgO6,1.4564088236697414
HfGdSiLiO6,1.4603299676171375
HfGdMoLiO6,1.483415779120665
GdKIrTaO6,1.4356693740369546
GdEuTaTbO6,1.463096856321209
GdEuZrDyO6,1.4189542144322598
GdNdAsTmO6,1.4799564937016887
GdSmTaTmO6,1.400563773149717
SmGdTaAgO6,1.4435223409002136
PbPrPdCaO6,1.4721240224384256
PbPrHfNaO6,1.4062809585460525
PbPrBZnO6,1.4975513988741105
PbPrAsZnO6,1.4479593089181697
PbPrSiAgO6,1.4448049925355075
PbPrCoVO6,1.4156738026762903
PbPrSeAgO6,1.4505535874951427
PrKAsEuO6,1.4433599422750447
PrKNbErO6,1.4078329229855462
PrKTcNdO6,1.430936237745621
PrKCoVO6,1.4207368530346922
PrKIrVO6,1.4246939426960163
PrKAsYO6,1.4288593490655848
MnPrIrZnO6,1.4776396662686142
NbPrAlVO6,1.4476101295472732
PrSrCrScO6,1.401810334285412
PrSrZrScO6,1.4323080657575429
PrSrMoCdO6,1.442269444311021
PrSrZrLuO6,1.4527564969242295
SmPrCoDyO6,1.4779943411573042
SmPrAgCaO6,1.4680981433803357
SmPrCrCdO6,1.4262896757266077
SbPrAuLiO6,1.4271634004939855
PrCsTaTbO6,1.4506917839252043
PrLaAgYbO6,1.4526406232412172
PrTlAsYbO6,1.4327140595415078
PtPdSiZnO6,1.4062987763423591
PtHgAsZnO6,1.4111356896526461
PtMgAlVO6,1.4843771709888027
PtKTcNiO6,1.4973678482653663
PtKTcCoO6,1.4158401757730783
PtKAsCoO6,1.4738175039228387
FePtSiCoO6,1.447643219792589
PtCsAsTcO6,1.4591290981796174
PbPmZrNaO6,1.493967052067066
PbPmAlCaO6,1.4536130190470344
HoPbSnTmO6,1.4714501288611295
HoPbSeCrO6,1.4356467827976058
HoPbSeTbO6,1.4879450846752689
HoPbIrTmO6,1.4009267696525434
HoPbMoDyO6,1.4872188827516015
HfPbWMnO6,1.4912848128843161
PbKVMnO6,1.4243944138141176
PbKTiNbO6,1.4096583869343107
PbKTcNbO6,1.4649725018705395
PbKTcFeO6,1.4607947302416144
PbKTaSbO6,1.4499555720941002
PbKAuCuO6,1.4246408260029415
PbKMoTbO6,1.4965633440279813
MnPbSeZnO6,1.4732581544440864
MnPbSeTiO6,1.4204149126458674
MnPbAlTiO6,1.4608340241300954
WPbVNiO6,1.4053764639403976
PbEuZrNaO6,1.4628541551802756
EuPbSiDyO6,1.4166445020041714
PbEuAlVO6,1.4977414828668507
PbEuZrTmO6,1.423838449517372
PbEuAlCrO6,1.417320705159496
PbEuAuLiO6,1.402890359995538
PbEuAlYbO6,1.4585599702689158
PbEuIrDyO6,1.4535904769974983
NbPbMoLiO6,1.4927764690742518
PbNdTiFeO6,1.4673370404653892
PbNdTiFeO6,1.4647591349853666
NdPbSiYbO6,1.4401643404572069
PbNdTcVO6,1.4992448768776745
NdPbCoTbO6,1.4309763504315618
PbNdTcCaO6,1.467105749990804
PbNdTiCrO6,1.411488533649043
PbSrTaCaO6,1.4077991898699622
PbSrTcCuO6,1.4535704793858661
PbSrTcTiO6,1.4252870914925952
PbSrIrYbO6,1.4279339681026681
SnPbSeCrO6,1.4991415982429437
PbSmMoCaO6,1.4943175411432885
SmPbCrYbO6,1.484065460626019
PbSmTaLiO6,1.4773113490404604
SmPbTeTaO6,1.4712578702322636
SmPbTcDyO6,1.4805311221355586
SmPbAsAuO6,1.448137446229606
VPbTcCuO6,1.4057282118713654
ScPbMoInO6,1.4946847297799943
SbPbCoLiO6,1.4259862913500532
PbCsTaTbO6,1.4913976648353477
PbLaTiLiO6,1.4065801756108938
TlPbTeYO6,1.4308759931360582
PbTlMoYbO6,1.4075183029416123
PbTlZrYO6,1.4147667517552092
LuPbTaTbO6,1.4889901363421592
TbPbTaDyO6,1.4968616967553174
PdPmAsZnO6,1.4054321086007842
HfPdWTiO6,1.4122440707475272
PdKAsMnO6,1.4404171985059628
MnPdWFeO6,1.4256580031708346
MnPdWTiO6,1.4024961088158385
MnPdAlZnO6,1.4199540784999631
MnPdNiTiO6,1.452353378314525
MnPdVFeO6,1.4990783143419737
MnPdTeFeO6,1.405116717827077
MnPdTcFeO6,1.4675196069149654
MnPdTcVO6,1.4336600832745885
WPdCoVO6,1.404844058249219
NbPdVTiO6,1.410634716878478
FePdAsCrO6,1.4217448098699224
FePdTcCuO6,1.4659754514554169
SnPdSeTiO6,1.457276571947158
PdSmTcCrO6,1.4837498677349896
PdLiAsTiO6,1.4163993529776928
HfPmTaLiO6,1.494882065773473
HfPmAlTiO6,1.4120349446385774
PmKMoSbO6,1.4042182091954938
PmKAsTmO6,1.460873209696238
PmKMoDyO6,1.407314573202229
PmSrIrSmO6,1.4502429477616308
PmSrMoTmO6,1.4816796890335104
PmSrTaTbO6,1.4731923353515826
SmPmVTmO6,1.4993228402432384
SmPmAuVO6,1.411831763221471
SmPmTaDyO6,1.4048500693743693
TbPmMoDyO6,1.4998673136574188
HfHoTaHgO6,1.489757370195411
HfHoNiMgO6,1.4389233576569767
HoKIrDyO6,1.4671718301564365
HoEuTaScO6,1.407048369291014
SmHoVDyO6,1.4502289690575787
VHoSeAuO6,1.4671658239660437
HfNaIrCdO6,1.4900754103286393
HfSrSeVO6,1.4237172595499894
HfSrTiCdO6,1.4264370014027976
HfTmTaLiO6,1.4308395420015791
HfLaTaLiO6,1.491487396096637
HfAgMoInO6,1.4660994254446542
MgHgVWO6,1.4060734937789658
HgKVNiO6,1.4760706446623502
HgNaCrNbO6,1.448269895875156
FeHgTeCrO6,1.4081876582185215
FeHgIrTeO6,1.4456927904795982
TbHgAsAuO6,1.4453947413624832
MgKSbNbO6,1.495606296461779
MgKIrSnO6,1.4581789828684737
MnMgVFeO6,1.4984028240387615
MnMgTcFeO6,1.4511951499970404
MnMgAlCoO6,1.4663782074675265
ErMgCrTaO6,1.412001722011306
MgNaAsTaO6,1.457635277664463
NbMgBTiO6,1.4519506125811192
FeMgSiVO6,1.4445782617580243
VMgAsAuO6,1.4457328204869608
MnKWTiO6,1.4867030218837707
MnKTiFeO6,1.492545369256065
EuKTcErO6,1.467783922486391
EuKNbTmO6,1.4301717946415635
EuKVYO6,1.4934984684640753
EuKAuCeO6,1.4769690562308588
EuKTcTmO6,1.4932929008275546
EuKIrTmO6,1.4759777029954293
EuKTcTeO6,1.4577632491348023
ErKSbLuO6,1.4544129018269334
NdKTcSmO6,1.4668465042870158
NdKMoSmO6,1.46593407524607
NdKAuVO6,1.4627905230511293
NdKVInO6,1.4648840067723814
FeKAsTiO6,1.4134610338260274
SrKTaTbO6,1.4012129511823241
SnKIrCrO6,1.4264526886495221
SmKVCeO6,1.4610879698716255
SmKVYbO6,1.4743023292839796
SmKIrScO6,1.4247821315222202
SmKCrCeO6,1.4937148150511335
SmKAsCeO6,1.43995267507341
SmKTeCdO6,1.4901662676241667
SmKCrTmO6,1.4109073040495868
SmKIrTmO6,1.4132806323594673
SmKIrTmO6,1.43559543959509
SmKZrTmO6,1.4282323458434614
SmKCrYbO6,1.453523572899706
SmKTiAgO6,1.4686377602646397
SmKTcDyO6,1.4221376710279703
SmKMoYO6,1.4889930323004315
CoKAsIrO6,1.4968889636998968
CdKAuTeO6,1.4970360554123996
TmKTcDyO6,1.4662270266383464
CuKAsIrO6,1.4580933694430558
LaKIrTbO6,1.4168059988247317
LuKMoTbO6,1.4922343648528604
TiKIrTeO6,1.414048238643672
TbKIrDyO6,1.4235478190006337
YKMoInO6,1.4998321590092718
MnErAlVO6,1.4770390468325063
MnNbAlCrO6,1.445850185885147
MnNdTiFeO6,1.4682408502446558
FeMnTeTiO6,1.497102273227593
MnSrAlCoO6,1.482056236727223
MnSrTeCrO6,1.4926153452315059
MnSrTeCrO6,1.4319629686651214
VMnTcCuO6,1.4489559076465834
VMnAuCuO6,1.4928012296904984
MnCsAsTiO6,1.4634263365988636
CrMnAuCuO6,1.435255251377969
MnLiAuTeO6,1.4794797578263383
ErEuSeScO6,1.4397202501723887
ErEuSeDyO6,1.4415325944400446
ErEuMoDyO6,1.4370268066596412
NbEuBCrO6,1.4874396405340882
NdEuSiCeO6,1.4310754388048836
NdEuVScO6,1.4637252013255746
NdEuSbCaO6,1.4210487210728149
NdEuTeDyO6,1.403682161817053
EuSrTcCaO6,1.436413835398238
EuSrTaTmO6,1.4295857713932094
SnEuSeLiO6,1.4947554016265796
SnEuAlTiO6,1.4667557430156377
SmEuScCaO6,1.4858008965050438
SmEuSeCeO6,1.431755968672073
SmEuCoTbO6,1.411938020703073
SmEuCrTmO6,1.4160425053259038
SmEuCrLiO6,1.4306466754532876
SmEuMoDyO6,1.4418762567587977
SmEuZrYO6,1.4940602055006682
CeEuIrTmO6,1.4398925408806094
CeEuTeYO6,1.4339956886973362
EuCsAsTbO6,1.4371840417523625
CrEuAsTiO6,1.492955113577166
LuEuTeYbO6,1.4089398446689174
TbEuMoDyO6,1.415028053410324
ErSrTeScO6,1.4411262388940038
CeErTaDyO6,1.448209111317987
ErCsMoDyO6,1.489042496696113
VNiAuCuO6,1.470199722420461
VNiAsAuO6,1.401450883678365
NbNaTeTiO6,1.4046769845371438
NdNaVYbO6,1.438133940853352
NdNaSbTbO6,1.4627917256667058
NdNaCrTbO6,1.414669202891194
FeNaTcCoO6,1.4102188015823853
SmNaVYbO6,1.4464207290571136
SmNaSeAgO6,1.4666686451116846
TmNaIrLuO6,1.4278020557152449
TmNaMoTbO6,1.485178406092043
TbNaTaDyO6,1.4041286855688795
NbNdTiFeO6,1.4486835233021285
FeNbAuCrO6,1.4981277167399465
SbNbMoLiO6,1.469546681196494
NdSrAsVO6,1.468605563683434
SmNdVCaO6,1.4207484342985892
SmNdZrCdO6,1.4749246257707653
SmNdTiTbO6,1.4929826722539226
SmNdMoTbO6,1.4225318919585586
SmNdTcYbO6,1.469975547691595
SbNdAsTiO6,1.4634955699753274
CeNdAgDyO6,1.4134830554418034
TmNdTiDyO6,1.453192857150619
NdCsAsTaO6,1.4465660645596883
NdTlAuLuO6,1.4872200157627742
TlNdTaYO6,1.4179833179961472
LuNdAuYbO6,1.4230462044388827
TbNdTcDyO6,1.4542328821299038
FeScAlTiO6,1.4471051513616797
SmSrVCdO6,1.4384886511216146
SmSrVAgO6,1.4582517059459135
SmSrSbAgO6,1.4695683261039305
SmSrIrCeO6,1.4320477640882978
SmSrMoTmO6,1.4479652464978165
SmSrIrYbO6,1.4259846310170627
ScSrIrCdO6,1.4931773342368264
ScSrTcCrO6,1.476785432986709
SbSrCrLiO6,1.4500405541193582
TmSrTeDyO6,1.450951825700291
SrCsTaTbO6,1.4149728898145373
TbSrMoDyO6,1.433325420172685
SnScTiCrO6,1.4324414551219022
SnScTaLiO6,1.460949955950021
SnCaTaLiO6,1.4663062633277708
CeSmMoTmO6,1.4687776497308458
CeSmTiDyO6,1.4758364805307254
CeSmTeTbO6,1.4223434606737222
CeSmTaDyO6,1.478601407799573
TmSmIrDyO6,1.4500127615416065
SmCsIrYbO6,1.452700911671699
LaSmTeYO6,1.409335986156016
SmLaAsAgO6,1.4111471168844585
SmTlTaLuO6,1.4115862803313661
SmTlAsDyO6,1.4698888236969203
SmTlMoDyO6,1.480554976553107
SmTlMoDyO6,1.4774750883222627
TbSmTcDyO6,1.4823195639626296
TbSmTaDyO6,1.4852113566902645
TbSmTaAgO6,1.482852319519093
VCdTcCuO6,1.4849345925771802
SbCsAsTiO6,1.4042878077654646
CeCaTaDyO6,1.4308536913300118
TlCaTeTbO6,1.4530040219926446
TlCaTaDyO6,1.430372745345268
LuCaTcDyO6,1.4561295063755326
TbCaIrDyO6,1.4397221014750332
CeLaMoDyO6,1.407528643531794
TbCeTaDyO6,1.4435095446644468
TbCeAgDyO6,1.4536728952644036
TmCsAsCrO6,1.4576143638296206
TmCsAsAgO6,1.4932015387066861
LaTmTaInO6,1.450705949205113
TbTmTcAgO6,1.4182575282166123
CrCsTeTiO6,1.4927430745499644
LaCsIrLuO6,1.4237460125216985
LaCsTcYO6,1.4573477196354334
LaCsIrTaO6,1.4190349900262764
LaCsAsTaO6,1.455714403758828
LaCsMoDyO6,1.4192056156931445
LuCsAsMoO6,1.4414066059208561
TbCsTaInO6,1.4751556762776656
TbCsAuYbO6,1.4546409307066288
TbCsAuDyO6,1.470847162261161
AgCsMoZrO6,1.496488211826132
DyLiAsAuO6,1.4054914475805274
TbTlTcYbO6,1.4893330910646545
TbTlTaYbO6,1.4057559956727266
TbTlIrDyO6,1.4870304326688148
TcTbAlAuO6,1.4705148258293608
IrTbAlAuO6,1.4769002761689938
OsRuBBeO6,1.473047188125591
RuNdBBeO6,1.4243311602469297
BiReBeAuO6,1.4764834422045776
BaRbWRhO6,1.4180454611426814
PrRbRhScO6,1.486730836192459
PbRbRhZrO6,1.4208859336829285
PmRbRhTbO6,1.4948142767738215
HfRbRhHgO6,1.4841545787845438
NdRbRhTbO6,1.403706167688073
NdRbRhMoO6,1.403679160514221
FeRbVRhO6,1.4132735859814543
SnRbTcRhO6,1.4645682271494664
LuRbRhTbO6,1.4967849162018632
ErRbTaBiO6,1.4887091741030154
SmRbSbBiO6,1.47645626543363
TbRbTaBiO6,1.448016258786543
PrRbOsErO6,1.4746644459735763
PbRbOsZrO6,1.4174632110794876
PdRbOsMnO6,1.4029384753190104
MnRbOsZnO6,1.4844575273034764
SrRbOsTbO6,1.4664704293437287
SnRbOsCrO6,1.4811507717418213
SmRbOsSbO6,1.410775117293342
SmRbOsYbO6,1.4687953876688717
PbRbGeCrO6,1.4051447475183332
SmRbGeDyO6,1.4919493377783282
PrRbPbGdO6,1.4662408320315052
PbRbCrGdO6,1.4548531094728983
EuRbIrGdO6,1.4531235592570393
SmRbTeGdO6,1.467826435885366
SmRbAuGdO6,1.4353909535706602
PmRbWPrO6,1.4116084750359226
NdRbTaPrO6,1.4373193043766042
NdRbAuPrO6,1.4211777851277085
SrRbTaPrO6,1.448063347498035
SmRbAsPrO6,1.4057383403137254
LaRbTcPrO6,1.4353820878721482
PbRbPtSnO6,1.447849624565129
PbRbPtCrO6,1.4593157876065705
PbRbPtInO6,1.4539636439549322
EuRbPtDyO6,1.4722526424144238
NdRbPtScO6,1.463023481099046
NdRbPtTbO6,1.492856754923566
SrRbPtTeO6,1.472741932901014
LaRbPtYO6,1.4184672255880264
TbRbPtDyO6,1.4003609460812814
TbRbPtInO6,1.4844518263647697
HoRbVPdO6,1.405082440876789
SmRbPdCeO6,1.4717867022251403
TmRbAsPdO6,1.4873167235685258
NdRbVHoO6,1.486448140017304
CaRbTcHfO6,1.4033862724018349
ErRbMnTmO6,1.450915547955729
NdRbAsMnO6,1.4019237660427464
FeRbAsMnO6,1.4479029828187464
SmRbVMnO6,1.428941951096406
SmRbSeMnO6,1.4032466607670733
NdRbWScO6,1.4917807286629425
SmRbWScO6,1.459805868332216
TmRbWZrO6,1.4902751540459893
LaRbWYbO6,1.4140336033446275
LaRbWYO6,1.4464452254497082
TcRbAuZnO6,1.4269906024197807
NdRbAuEuO6,1.4839645726069746
LaRbAsEuO6,1.4633790269859264
SmRbNiYO6,1.4804136066416353
NdRbTaNbO6,1.4258422036022307
SrRbNbCeO6,1.4236512719089363
SmRbNbZrO6,1.4471229707945
SmRbSeNdO6,1.470095923404474
SmRbSiVO6,1.4611162261704005
CaRbTaSnO6,1.4548860789599365
TbRbSnAgO6,1.4566285973248718
CaRbVTeO6,1.4365073355474125
AgRbMoScO6,1.4850312923541076
TbRbTcSbO6,1.420437971477767
CuRbAsCoO6,1.4802437828671784
LuRbTcCoO6,1.4480397139026797
TbRbCoDyO6,1.4384046790273688
TbRbCrDyO6,1.403240345212135
TbRbAsCrO6,1.4843312339406496
DyRbCrMoO6,1.4696481516639195
DyRbAsTiO6,1.493949443699213
AgRbMoTaO6,1.4857006608961059
RhEuAuZnO6,1.426750083818111
RhFeAuZnO6,1.4163001817616285
RhSmSeZnO6,1.4807574932917649
RhAgAsZnO6,1.4162622431250096
RhSbIrVO6,1.4876445826551397
RhTlIrVO6,1.4478701377604937
RhCsAsCoO6,1.4244726800073033
RhTlTcCoO6,1.4960796110373735
TcRhAuCuO6,1.4492550464082483
GdBaPdBiO6,1.4409459551718193
EuBaSnBiO6,1.466253677642408
ScBaCrBiO6,1.4632971011021865
ScBaZrBiO6,1.4413512249826217
PrBaOsPmO6,1.47936465822477
PbBaOsCaO6,1.4170047459882231
HoBaOsDyO6,1.4770412162626516
ScBaOsCdO6,1.4708173350349154
PbBaGeYbO6,1.4649170254830433
PrBaTiGdO6,1.4561709612598894
EuBaTaGdO6,1.4592570587406193
LaBaZrGdO6,1.4820464177628145
PmBaIrPrO6,1.4244749955359308
LaBaTcPrO6,1.465441205638799
PbBaSiPtO6,1.4209272619698827
ErBaPtDyO6,1.495974511738924
LuBaPtDyO6,1.4598333901327039
LuBaPtDyO6,1.4586590461426092
SmBaCrPbO6,1.4127352926562908
TlBaTaPbO6,1.4313449500748876
NbBaSePdO6,1.4560220187004684
TiBaTcPdO6,1.4067520170489816
LaBaTePmO6,1.4882428361763032
EuBaCoHoO6,1.444727362424046
NdBaTaHoO6,1.4944131667870937
DyBaZrHoO6,1.4532228727095928
NdBaHfYbO6,1.486951480457312
SmBaHfScO6,1.403075209444567
TlBaHfLuO6,1.400902546120462
ScBaTaHgO6,1.4267694038425864
ErBaTaMgO6,1.4856751096717633
SmBaAuMgO6,1.4945238740845197
SnBaSeMnO6,1.4675989050767537
SmBaSeMnO6,1.4316951335281345
SmBaMnCaO6,1.490538574280743
TaBaAlMnO6,1.4607982750221833
TaBaAsMnO6,1.4818817148035461
NdBaWDyO6,1.4329480639864542
VBaAsZnO6,1.4022619714554996
TmBaAsZnO6,1.4086647493483109
CrBaIrZnO6,1.4625646943071464
TbBaTcZnO6,1.4155928098023658
YbBaAuZnO6,1.4073009075568033
TlBaNiLuO6,1.4362322064681337
SmBaTaNaO6,1.43444007648264
NdBaNbDyO6,1.4610604657971167
SmBaIrNbO6,1.4817685926627426
LuBaNbYbO6,1.40302495665531
SmBaAuNdO6,1.4089040260104553
TlBaTiNdO6,1.4044297101562009
TlBaIrNdO6,1.4954493798308535
TbBaFeYbO6,1.4397819375273497
SmBaSiCrO6,1.4469288681015826
SmBaSiAgO6,1.4180529316650425
LaBaSiYO6,1.4806684071769485
TbBaSiYbO6,1.4224130146995093
TlBaTcSmO6,1.4140897196643372
TbBaVYbO6,1.4312286763831443
TbBaAsVO6,1.4136682134110836
TmBaTeScO6,1.4587261881305253
TmBaTaScO6,1.4396113901564056
TlBaCoTaO6,1.4039861782123841
TlBaAuCaO6,1.4212995641417419
TlBaTaTmO6,1.4342473013647954
TlBaIrTmO6,1.4897093527657423
IrBiAsPtO6,1.4909757650681372
BiKMnPdO6,1.4129934060270755
BiEuSiPdO6,1.4699110908963062
BiNdTiPdO6,1.409220402954681
TaBiAsPdO6,1.4375376591644822
BiEuAsHgO6,1.475805427737403
BiErNiHgO6,1.4385753035984692
BiNdTiHgO6,1.4511941234613468
BiSmSbHgO6,1.4124613876955943
BiSmTiHgO6,1.4735371364721426
BiTlAlHgO6,1.4004382148664238
BiSrTaMgO6,1.4811785187004585
BiDyAsMgO6,1.4662790063200644
NbBiIrZnO6,1.425629168126002
BiNdVZnO6,1.4154619220636204
BiCsTcFeO6,1.4325559346963015
BiCaTeScO6,1.4328655741930167
TeBiAuCrO6,1.4903362934182616
TaBiMoLiO6,1.4804306841735315
PrGdGaMgO6,1.4722903509975263
PbGdGaCdO6,1.4696671405508448
MnGdTcPdO6,1.4432767032970724
GdEuSiPdO6,1.486177735251799
SmGdPdDyO6,1.437915372639584
GdSmTaHgO6,1.4787610261271182
GdSmAsHgO6,1.4807657024468854
GdSrAsMgO6,1.4643138934168127
TbGdTaMgO6,1.4591552873326505
NbGdAuZnO6,1.4251037039511596
FeGdAsZnO6,1.4307655270488544
TbGdIrZnO6,1.4552476361362048
GdNdTcErO6,1.4562937763354202
GdCsCrErO6,1.424248567517776
GdTlTaErO6,1.4555501418898023
NbGdNiTiO6,1.4122862190783347
SmGdNbCaO6,1.4719435263157215
TbGdFeAgO6,1.4932435087127047
SnGdBTiO6,1.4752671706846914
SbGdVLiO6,1.4596657898902587
GdCsTcVO6,1.4844201422498458
CeGdScYbO6,1.4547164892032105
TeGdAlTiO6,1.497716255325903
TbGdAlTiO6,1.4411118690894358
PrKSbPbO6,1.4950947735048283
PrSrVPbO6,1.4590420611331014
PrKAsPdO6,1.460096293502385
MnPrTiPdO6,1.4907456663530536
FePrTiPdO6,1.4330919532834219
PrSrAsPdO6,1.4508803373387797
SnPrCoPdO6,1.4503341698470726
SnPrPdLiO6,1.4354064546825838
SmPrAsPdO6,1.4876253972611577
CrPrTiPdO6,1.4381007045636023
PrTlAlPdO6,1.4808178855025864
PrKSnPmO6,1.4842435065788713
PrKMoPmO6,1.4949109150015893
PrSrCrPmO6,1.4250323640350664
PrCsTePmO6,1.474336583254592
PrKMnHoO6,1.4242747723378828
PrSrCrHoO6,1.4394313738653426
PrTlTaHoO6,1.4319383198708862
PrLaAlHgO6,1.411832164715991
ZrPrMoHgO6,1.4020559790989446
PrSrMoMgO6,1.4249648320681043
CePrAlMgO6,1.4194052331859697
FePrTiMnO6,1.4619094441686324
CePrWAgO6,1.415389737830508
NbPrVZnO6,1.4985237952724055
TcPrAuZnO6,1.4916432687068462
PrSrTaEuO6,1.4135194577050478
SmPrVEuO6,1.4642111546042966
PrLaAgEuO6,1.4609093439564322
PrTlIrEuO6,1.4604103443380505
PrCsAsErO6,1.4050401305385334
PrTlTeNbO6,1.4740178072987482
TbPrNbAgO6,1.4132432907103154
PrSrCoNdO6,1.4790080649091635
PrSrTeNdO6,1.4460058409719083
PrSrZrNdO6,1.44075345821756
SmPrAgNdO6,1.492446617008823
PrTlZrNdO6,1.4890574036776665
PrCsTcFeO6,1.4001007838450978
PrLaTiFeO6,1.4933274436886614
CePrBCrO6,1.4080208988096938
SnPrSiAuO6,1.4534532532727862
PrCsIrSmO6,1.4450094912622515
PrTlAuSmO6,1.4638749763029255
TbPrVDyO6,1.4892700001139114
PrCsCrScO6,1.4092830816848334
PrTlTaSbO6,1.4094820755819815
TbPrCoDyO6,1.4021405176964516
PrCsTcCeO6,1.4042673548097973
PrTlTaTmO6,1.437853130771535
TbPrAgTmO6,1.4616191795762803
TbPrTcLiO6,1.405403925624846
NiPtTcZnO6,1.4704852086634446
PtNbAsZnO6,1.4237377374184788
CoPtTcZnO6,1.484285037717227
TcPtAsZnO6,1.4459464500407935
PtDyIrZnO6,1.415552492640606
PtTbAlVO6,1.4111180071772758
PtYbAlVO6,1.432162966796138
PmPbPdErO6,1.4697562900353671
PbPmTcPdO6,1.4420383993033046
HoPbPdYbO6,1.4759526636937255
HfPbSePdO6,1.4999712421107794
NbPbFePdO6,1.4131522341262572
NbPbBPdO6,1.4240836447524303
NbPbCuPdO6,1.445997763979631
SmPbPdLiO6,1.4468464944011605
LaPbPdYbO6,1.433261103331001
PbKSiHoO6,1.4159740099463711
PbKTeHoO6,1.4758485512376265
PbCsTeHoO6,1.497860171272055
EuPbHfErO6,1.4769249483958988
PbEuCoHgO6,1.430333758196145
PbEuAlHgO6,1.4064132073588995
PbSrTeHgO6,1.4343343102062223
PbSmTeHgO6,1.4530498557595424
PbSmMoHgO6,1.4560655734480263
YPbAsHgO6,1.452628426685311
PbSmVMgO6,1.4434939867784948
PbSmCrMgO6,1.4894356388466115
TbPbTaMgO6,1.4022464517807947
YbPbAsMgO6,1.4892907060825213
YPbAsMgO6,1.4493255784965804
SnPbCrMnO6,1.4729963687599055
SbPbCrMnO6,1.4213725920011744
TmPbTiMnO6,1.4106419664718446
PbCsCrMnO6,1.4013954107697537
CrPbTcMnO6,1.4093819724549224
EuPbWFeO6,1.424610628480765
ErPbWSbO6,1.4360746077275983
ErPbWDyO6,1.4070066113558564
NdPbWYO6,1.4558013152407119
SmPbWLuO6,1.4912519387165017
TlPbWAgO6,1.4608946557938989
LuPbWTbO6,1.438713476390909
YPbWInO6,1.4467735660188032
PbEuAsZnO6,1.451985761900826
TmPbTaErO6,1.468658238024367
YPbMoErO6,1.4060189067620266
PbLaMoNaO6,1.449400936536998
NdPbNbTbO6,1.478973112828945
SmPbFeAgO6,1.4644221903722066
SmPbBDyO6,1.4594995913344608
LaPbSiMoO6,1.4653020768191118
ScPbTcVO6,1.4256104079756098
LaPbSeIrO6,1.4933182360027573
TlPbSeDyO6,1.4594104687989333
PbTlAuTmO6,1.4856750298819583
LuPbTaTmO6,1.4440400221291008
TaPbAuLiO6,1.4474887096031723
DyPbZrLuO6,1.4894955468408204
PdNdAsMnO6,1.4800861098075637
PdSbCrMnO6,1.4689437423810023
PdLuTiMnO6,1.403357516853123
SmPdWTiO6,1.4184279088665588
SbPdWCrO6,1.471036052891802
PdLiAsWO6,1.4167465902069716
PdEuAsZnO6,1.430550951441203
NiPdIrZnO6,1.4201843503862739
PdNdAuZnO6,1.4127421798669446
FePdVZnO6,1.4121677908757682
FePdAsZnO6,1.4792265286714803
FePdAsZnO6,1.4132338913022264
PdSbIrZnO6,1.413532885521489
PdCaTcZnO6,1.4115870159766821
PdCeAlZnO6,1.4502088130045243
CrPdAuZnO6,1.4829533888268323
TePdAuZnO6,1.4829375455040839
TcPdIrZnO6,1.4991921723394364
PdYbAuZnO6,1.4377998022308471
CoPdAuNiO6,1.4280808876358884
PdCaTiFeO6,1.4337551982258858
PdLiTcFeO6,1.4341515324671077
PdCaTcVO6,1.4020912742046374
PdLiTcVO6,1.4629809063225558
CoPdSeAuO6,1.465257669696988
PdCaTcCoO6,1.4262236003153446
CePdCoTiO6,1.474984048568029
PdLiTcCoO6,1.4726474268848175
PmSrIrHoO6,1.468001512075054
CePmTiHgO6,1.4345098876284235
NiPmVZnO6,1.4714283868085072
PmSrAsZnO6,1.4708963904958905
SmPmMoEuO6,1.4707076995522264
PmSrSnNbO6,1.444585743714334
CePmSiAuO6,1.4368017583043813
PmCsAsSmO6,1.422058855255432
PmTlMoScO6,1.494249725426049
PmTlTcSbO6,1.4531843504313695
HoSmAuMgO6,1.4944557525086883
TbHoAuMnO6,1.486178070204682
TaHoAuMnO6,1.4456322105894044
HoNaAuErO6,1.4313166239930668
SmHoNiLiO6,1.4756966643466334
CeHoNbDyO6,1.4185377869711997
HoCsTaNbO6,1.4688234259939075
CeHoBTmO6,1.4822336050063345
TbHoVDyO6,1.4162914267829778
TbHoCuYbO6,1.4694515396506975
HfEuSiHgO6,1.483679031355644
HfErVHgO6,1.492244271049715
HfErCuHgO6,1.4742726867481315
HfSmTiHgO6,1.4936839862426599
HfSmTcHgO6,1.44741676315043
HfCaAsHgO6,1.442436281817363
HfTlAlHgO6,1.448301747433589
HfLuTcHgO6,1.4671927709173558
HfKMoMgO6,1.403599875537094
HfEuTaMgO6,1.4929452879881804
HfLuTiMgO6,1.4862394835778356
HfYbMoMgO6,1.432040166570105
HfYAsMgO6,1.453327580419491
HfCaIrZnO6,1.455327081133019
HfCsAuZnO6,1.4583710145303952
HfSrTiFeO6,1.4818915484262871
HfAgAsFeO6,1.4778279718008605
HfYbAsCdO6,1.477710148008842
HfDyZrCdO6,1.447077339175986
HfYAsCdO6,1.449944046119152
HfAgAuCdO6,1.4711759132629136
HfLaAsCrO6,1.4006453776013923
HfYAlCrO6,1.433547752718194
HfLuMoLiO6,1.492204890893272
HfYbAuLiO6,1.4909314278186319
VHgAsZnO6,1.4844777505076352
CrHgIrZnO6,1.4278975473287172
TcHgAsZnO6,1.40315198546668
HgCsTcCoO6,1.491810611478983
NbMgVMnO6,1.420523575289099
CrMgAsMnO6,1.4573605392499323
SbMgIrZnO6,1.4278468261406445
MgCsIrSnO6,1.4981268142780706
SbMgVTiO6,1.4695598899515516
SbMgVMoO6,1.4733853554744298
TiMgTcCuO6,1.4968520937656375
NbKCrMnO6,1.480141734901401
NbKCrMnO6,1.4013243625663807
NdKMnTmO6,1.4099633669996743
NdKMnYO6,1.409181228774133
SnKIrMnO6,1.4330262101153277
SmKMnTbO6,1.4354108874345595
SmKMnYbO6,1.4651101731564133
SmKAsMnO6,1.4455770380644042
SbKMnLiO6,1.4083641350337615
TmKCrMnO6,1.423124228333862
LaKMnTaO6,1.4951428088325758
NdKWSbO6,1.4029581293792803
NdKWDyO6,1.4825416950358778
FeKWTiO6,1.4299213182153967
TiKAsZnO6,1.4925678989941378
SmKCrEuO6,1.4602014616028285
NdKTcErO6,1.4610281168759314
TmKIrErO6,1.4582366064442664
LaKMoErO6,1.4214408305561055
SmKVNiO6,1.4421724150582809
SbKNiCrO6,1.427843266157802
SmKVNaO6,1.497358599768607
NdKIrNbO6,1.4657514304943375
SmKSeNbO6,1.4415982862564953
SmKCrNbO6,1.4484743468789716
SmKIrNbO6,1.489067468576269
LuKIrNbO6,1.4884874381090751
YKNbAgO6,1.4951064311485633
SbKTcFeO6,1.4156792867293486
SnKSiCrO6,1.4832970011561748
SmKSiTiO6,1.4604901260086607
SmKSnCeO6,1.4909076001603738
TmKTaSnO6,1.40852045909956
TmKVLuO6,1.4986229713019203
TeKTcVO6,1.401087555613517
TbKTcVO6,1.47798946595608
TbKAuScO6,1.4088027147153548
LaKTaSbO6,1.4463641754794
CoKSeIrO6,1.4727944731469738
CrKSeTiO6,1.45844662326045
TbKIrLuO6,1.4419422005782352
SbMnWCrO6,1.4375982780656098
MnEuVZnO6,1.449678289783466
MnEuSeZnO6,1.4754019984804259
MnNdAlZnO6,1.465913974908194
MnSmAuZnO6,1.4456969177790817
VMnCoZnO6,1.4023013346448554
MnScAlZnO6,1.4201237656082921
CrMnAsZnO6,1.4072640410006534
CuMnAsZnO6,1.4840245856701417
MnLaAuZnO6,1.4718303291190717
MnYbIrZnO6,1.433426573231133
MnScAuNiO6,1.4433877259376022
MnCsTcNiO6,1.4450935428227578
MnCsAsNiO6,1.4282386163059935
MnSmTiFeO6,1.406584902085214
MnCaAlFeO6,1.4106191440723028
CrMnTcFeO6,1.438408213568119
MnCeAlVO6,1.4884653011621682
MnCdCuVO6,1.4374360655419807
TbMnSeAuO6,1.4858559145948727
MnCaTcCoO6,1.4699104491146457
CrMnTcCoO6,1.4250423909238203
MnAgAlCrO6,1.4502976551920823
WEuAuZnO6,1.427916372246147
WLaIrZnO6,1.4208427743078513
WDyAuZnO6,1.460116433034242
WAgAuZnO6,1.4387819094735272
TbEuMoErO6,1.4986468227664194
YEuIrErO6,1.4870497587213234
CrEuNiTiO6,1.402587376016155
ScEuSeNbO6,1.4174815525000042
EuCsTaNbO6,1.4520221127881672
SmEuMoNdO6,1.431800454121589
SnEuTiFeO6,1.4303372319736558
LuEuSiTaO6,1.4558217926972725
TcEuSiAuO6,1.4415920761434022
TaEuSiAuO6,1.413597519635531
LuEuSnYbO6,1.4140564826453896
CrEuVTiO6,1.4661835326764279
LaEuVYbO6,1.4874919116802814
LuEuSbDyO6,1.4419503967297271
TaEuSeAuO6,1.4890535806479461
TbEuIrCdO6,1.468840633670237
TbEuAuCdO6,1.4050938044412413
TbEuTaTmO6,1.4618323669190247
DyEuMoTmO6,1.4514383034527045
YEuIrTmO6,1.4871816043753132
TbEuTaLiO6,1.4204421932193991
TbEuMoLiO6,1.4907283820279054
YbEuTiInO6,1.4154137022830728
YEuIrTbO6,1.45546353448245
SbErNiLiO6,1.4689215320108284
ErCsMoNbO6,1.4122408194140394
TbErTaLiO6,1.436232894425322
TcNiSiAuO6,1.4380033518623474
CoNiTcVO6,1.4194697228943252
NiTiTcVO6,1.4256775952666965
SnNaIrNbO6,1.4460751208383877
SmNaNbAgO6,1.4892526554564114
ScNaTaNbO6,1.4698426178099613
LuNaNbInO6,1.446764971420133
TbNaNbInO6,1.4861283724309782
AgNaAsFeO6,1.4143973971361015
SnNaSiCoO6,1.4157919484030321
AgNaIrVO6,1.4962630407190123
CaNaAsCoO6,1.4317666258780641
TbNaTcTmO6,1.4110680314434925
TbNaTcTmO6,1.4343611902238207
LuNaCrInO6,1.490119949321092
TbNaMoLuO6,1.4453868800474616
AgNaIrTeO6,1.489804067387547
YbNaAsTaO6,1.4541634586206835
YNaMoYbO6,1.4359138103393734
NbSmTiFeO6,1.4318620567649198
NbCaTiFeO6,1.45616907383336
CeNbFeLiO6,1.4217122581396218
NbTmTiFeO6,1.4940200247556155
NbCaAsVO6,1.4169197983701503
NbYbMoLiO6,1.4998842841612952
NbAgIrLiO6,1.492749720009426
SnNdVFeO6,1.4991937249446066
SmNdBCrO6,1.464062004941762
TmNdSiYbO6,1.4209543736667603
LaNdSnYbO6,1.4444965231680642
CeNdCuSmO6,1.4496100739624744
LaNdVInO6,1.4918470408901372
TlNdVDyO6,1.469364012337788
NdTlTaScO6,1.4093988887484492
YNdZrScO6,1.4593573697210045
TlNdSeDyO6,1.4282957983770377
CeNdTiCaO6,1.4719269405648174
TbNdAlCdO6,1.4731592053569604
YbNdMoCdO6,1.4015675395194076
NdTlMoTmO6,1.4952903386766794
TbNdTaTmO6,1.457917745484863
TbNdMoTmO6,1.4216216710695635
YbNdIrTmO6,1.4050928080188263
NdTlAsCrO6,1.4087221500494518
YbNdCrDyO6,1.4117432667512781
TbNdIrLuO6,1.4998665293790285
TaNdAsTiO6,1.4963816020121539
FeCaAsVO6,1.4213869879296153
CrFeVTiO6,1.4535135262293677
FeLuAlVO6,1.4714348274123492
FeYbAsTiO6,1.4912934184713327
SrCsMoSnO6,1.4378246366430203
TbSrSnDyO6,1.4484250974207682
LaSrAsSmO6,1.434808256299193
LaSrVLuO6,1.4851478141937853
TlSrVInO6,1.405045893885729
TaSrSeAuO6,1.4879470400040227
TlSrTaCaO6,1.488666354743597
TlSrIrCeO6,1.4207115280690532
LaSrTcTmO6,1.450673630605404
LuSrTiTmO6,1.4776553997708528
TbSrZrTmO6,1.4191814075589313
YbSrZrTmO6,1.4044332336417467
LaSrCrYbO6,1.4093853342457672
TbSrCrYbO6,1.4074217270718967
YSrCrAgO6,1.4699232775783664
TaSrIrLiO6,1.4552664898722436
TbSrTeYbO6,1.495366359195035
SnTmAlVO6,1.42388745825413
SnCsCrSbO6,1.4540552296070672
SnAgMoSbO6,1.4582319826242232
SnTlTcCoO6,1.4342311798102252
SnAgAsCrO6,1.4340597083550564
SnYbAlTiO6,1.4521459841653308
SmCsIrVO6,1.417520021847674
TmSmTeScO6,1.4852528327295134
TlSmSbDyO6,1.4217762227766557
CeSmCoAgO6,1.478636911200761
SmCsAsCoO6,1.423898020280703
LuSmCoDyO6,1.4316735370072338
TbSmCoYbO6,1.4263727117011114
YSmAsCaO6,1.4845539839551434
SmCsTaCeO6,1.4850481056449587
SmCsZrCdO6,1.40075613226595
SmTlAsCrO6,1.453231464727695
YbSmCrAgO6,1.4710852515748671
TbSmIrLuO6,1.4903946140593765
YbSmTiDyO6,1.476197911290837
YbSmTcAgO6,1.4701287058604995
DySmAsYbO6,1.452426066524287
ScCsTcCoO6,1.4858395333064531
SbYMoLiO6,1.4443060312748226
TbCaAuCdO6,1.4261161948951082
YbCaMoCdO6,1.4919982117639774
YCaZrTmO6,1.4765958896175153
CaTlTcCrO6,1.4578817732181093
TaCaAuLiO6,1.446504651584026
YbCaTaAgO6,1.413230435732703
YCaZrYbO6,1.4131662661467894
YCaAuDyO6,1.4391570005500864
TlTmCrDyO6,1.460481894170654
LuTmAsCrO6,1.4937034699313787
ZrTmMoLiO6,1.4866289750963575
TbTmTiYbO6,1.4542600362265028
YbTmIrTbO6,1.4783636320717488
YbTmTaInO6,1.465710736802065
LaCsCrInO6,1.412081873134224
TeCsTcCrO6,1.4573929969065156
TbCsIrLuO6,1.419351214140609
YbTlTaZrO6,1.4217718155710413
DyTlAsTaO6,1.4938730295459643
LaSrRuBiO6,1.4870482302992245
YbCsRuBiO6,1.4887098948481645
TbTlRuBiO6,1.4639502342659712
EuKRuPrO6,1.4704635302451636
YbCaRuPdO6,1.4782139447077258
TmKRuHoO6,1.4847570034633564
SmKRuHgO6,1.408633135014593
ZrEuRuHgO6,1.4475920523458141
YbSrRuHgO6,1.409680931500327
YbSmRuHgO6,1.4670131998370577
ZrTmRuHgO6,1.4848294086801115
ZrTlRuHgO6,1.4992219594356901
ZrYRuHgO6,1.4542841212942894
TeNdRuMnO6,1.428708078837536
MoTlRuMnO6,1.4629835397778905
MoAgRuMnO6,1.4600880517013974
TiNiRuZnO6,1.4489868730971251
CoFeRuZnO6,1.4666581790445836
CrFeRuZnO6,1.4336655909269482
TaFeRuZnO6,1.4153702774557513
TeSmRuZnO6,1.4195857427697327
MoAgRuZnO6,1.4330815889441217
TlSrRuErO6,1.497131219154544
AuCaRuNiO6,1.4189442071623712
AuLiRuNiO6,1.4229388870804014
MoCaRuNbO6,1.4949827665049238
AuCaRuVO6,1.4812176998602868
TcCsRuVO6,1.4070842770795584
LuTlRuScO6,1.4236918313162024
PtKRhReO6,1.496159899730443
DyKReBiO6,1.423740770314592
SmSrReBiO6,1.4459976791299431
DyTmReBiO6,1.4021429364567333
TaNaRePdO6,1.44223828987362
AgTmRePdO6,1.404450445633221
MoYbRePdO6,1.474513471036631
DySrReHoO6,1.4569447160239193
YbCsReHfO6,1.434496654058449
SmNdReHgO6,1.4111191413004835
DyNdReHgO6,1.4427361336803988
DySrReHgO6,1.4823029964356438
AgTmReHgO6,1.4903096258986206
InDyReHgO6,1.450588461863588
ZrEuReMgO6,1.4934226826067294
CrSrReMnO6,1.432019518022687
MoTmReMnO6,1.4042978408908766
YNaReErO6,1.423562275051364
SnSrReFeO6,1.4143691377364753
AgTmReFeO6,1.4681787260609303
ZrTlReFeO6,1.4574062254115563
LuTlReScO6,1.4974447249933494
LaCaReSbO6,1.4126345089799905
TlTmReSbO6,1.4708547711857993
InTlReSbO6,1.4156822762878347
TbTmReCdO6,1.4121270415041554
DyYbReTmO6,1.405333584639507
MoDyReLiO6,1.4694655544883608
ZrAgReTiO6,1.4170461383077295
LaKRhBiO6,1.4491737683667654
SmSrRhBiO6,1.492700416972792
DySrRhBiO6,1.4617714296165858
LuTmRhBiO6,1.4939427365491278
CuPbGeRhO6,1.419476583059169
TiMgGeRhO6,1.4633888223237148
InSrGeRhO6,1.4035439501718987
TlSrRhGdO6,1.4971906403100697
SmKRhPrO6,1.4336713515345483
SmKRhPrO6,1.4754114446686726
SmKRhPmO6,1.491146247347476
TbNaRhHoO6,1.421726879768693
ZrMgRhHgO6,1.413695031510058
TbErRhHgO6,1.4198472486787397
ZrDyRhHgO6,1.4732963609400058
AgEuRhMgO6,1.4681901178464474
ZrTlRhMgO6,1.4691302071580423
ZrNaRhMnO6,1.4969367899409167
FeNdRhMnO6,1.4993087998533938
SbNdRhMnO6,1.449733509633516
SnSrRhMnO6,1.4163386213444729
InSrRhMnO6,1.4448171970392272
MoSmRhMnO6,1.4208700156728027
DyCdRhMnO6,1.475573581308213
TlTmRhMnO6,1.4086535289431124
TiLiRhMnO6,1.4477396289757962
TeLiRhMnO6,1.4930658168846442
MoTlRhMnO6,1.4214456142693594
MoCdWRhO6,1.4438548952014199
TlSmRhErO6,1.4503791575613285
SmNdRhNbO6,1.435657115964476
ScSmRhNbO6,1.454353174886144
AgTmRhNbO6,1.4840326783213886
MoLiRhNbO6,1.4844862913064905
ZrAgRhFeO6,1.4172074868859952
TbCsSiRhO6,1.4119573596918025
TbCsRhScO6,1.4794173349833701
YYbRhTmO6,1.4067010937392568
TaTbRhLiO6,1.4366410615989296
ZrDyRhLiO6,1.4312169304195044
SiAsBBeO6,1.46690828592852
TeSbBBeO6,1.417858101155575
AuCoBBeO6,1.485084107819973
HoNaOsBiO6,1.4203644633114683
HoCsOsBiO6,1.4395106105286553
TmKOsBiO6,1.4126035412246734
TmEuOsBiO6,1.4058576119354305
YbEuOsBiO6,1.4519843081981447
AgCaOsBiO6,1.4259013119684616
NdKBiPrO6,1.492911975219879
TmKPtBiO6,1.4339506427415085
ErCaPtBiO6,1.4669627735981414
TbCsPtBiO6,1.4284592602861133
YbCsPtBiO6,1.4922103475228408
LuSrHfBiO6,1.4731403445586007
EuSrMnBiO6,1.4121749304872284
TbCsMnBiO6,1.4075412742760172
DyCsMnBiO6,1.43038355441128
ErCsWBiO6,1.4693194422254536
ScNaWBiO6,1.433615901181866
NdTlWBiO6,1.4506099821370864
LuSrWBiO6,1.434477549815271
YbCsBiErO6,1.4809759714562993
SmNdNiBiO6,1.4317692075588486
TbCsNbBiO6,1.4933532493817585
TbTlNbBiO6,1.4385214262532087
DyYbNbBiO6,1.427285467418358
YbSmSnBiO6,1.4814224782786471
YbCsSbBiO6,1.474727700072651
TbTlSbBiO6,1.433679989047946
TbTmCoBiO6,1.495535445881055
LuTlBiTmO6,1.4907619535474295
TbTlBiTmO6,1.48634230410812
AgYbCrBiO6,1.4261916970604724
AgDyCrBiO6,1.4709638162573446
DyYbTcBiO6,1.439464741025909
SmPbOsGdO6,1.4936322581332455
LaSmOsGdO6,1.460858902041334
YSmOsGdO6,1.4534590309176982
TlSrOsPmO6,1.4359634339666567
NdNaOsHoO6,1.4468181901447863
LuNaOsHoO6,1.487442981929351
YbNdOsHoO6,1.4956793786843372
MoEuOsZnO6,1.4917887583764324
YbFeOsZnO6,1.4511399789502424
MoSmOsZnO6,1.4438311660619183
YbCaOsZnO6,1.4785716368958874
TbCdOsZnO6,1.4236930793926168
TbCrOsZnO6,1.4250850059494666
MoCrOsZnO6,1.4819656548134614
LaSrOsEuO6,1.4067805981143826
TlTmOsErO6,1.4020696968250284
YbCaOsVO6,1.4121429408809403
TiLiOsVO6,1.4499434955954469
LuCsOsSbO6,1.4351200578306267
TaCuOsCoO6,1.4578764721316402
TbTlOsLiO6,1.4568043561104298
LaNdGeGdO6,1.4450271903273864
YNdGeGdO6,1.4564784500289771
LaEuGePrO6,1.4340479407700997
CrMgGePdO6,1.4885610749982054
MoMgGePdO6,1.499202484102641
SmMnGePdO6,1.4838005462576713
CrFeGePdO6,1.4999762977651734
TiSrGePdO6,1.4762994672076846
TeTmGePdO6,1.40173788882687
MoTmGePdO6,1.4981101866816424
MoTmGePdO6,1.4663374801296356
TiLaGePdO6,1.465720269078336
MoTlGePdO6,1.4547867146281537
SmNaGeHoO6,1.4355238402331338
YSrGeHoO6,1.4126558485904994
DySmGeHoO6,1.448366385784108
CrNaGeMnO6,1.488219087102059
TiNaGeMnO6,1.4021958131153658
ZrNiGeZnO6,1.4640523121742004
TiSrGeZnO6,1.4651210399042398
ZrSrGeZnO6,1.4826778922539627
TiCoGeZnO6,1.466623413568256
TcCoGeZnO6,1.475993286585457
SmNdGeErO6,1.4027936613899301
IrCsGeNiO6,1.438036565888895
TlSmGeNdO6,1.4455384316532565
ZrCaGeVO6,1.499728863003561
TbCaGeScO6,1.4545178983922609
TeLiGeCoO6,1.4836725382607838
TeTlGeCoO6,1.4217804737671667
NdEuPdGdO6,1.4642633244628867
SmTlMnGdO6,1.4087103408995285
ZrTlGaPtO6,1.49344387162812
SmPmGaPdO6,1.4061962777713153
ZrTbGaPdO6,1.4561993723521565
TbLaGaHgO6,1.472050279129516
ZrDyGaHgO6,1.475081163576134
CrNiGaZnO6,1.482843408261574
VNdGaZnO6,1.449211742806904
ZrSbGaZnO6,1.4556585220454925
IrTmGaZnO6,1.4113764206390031
IrSbGaVO6,1.4677466274921116
ZrCrGaVO6,1.4103276903644102
SrKPtPrO6,1.4710440655898114
CeNdHfPrO6,1.4580676908128507
LaSrMnPrO6,1.4139664714635243
LaCsPtPmO6,1.4548674644615156
LuKPtHoO6,1.4593581744188007
TmNdPtHoO6,1.4009394043420602
TmSmPtHoO6,1.4484736020271423
YTlPtHoO6,1.4610509144003099
CaNaPtHfO6,1.4341208119326745
ErEuPtMgO6,1.477107749267302
SmNaPtMnO6,1.4716849761512798
CaNaPtMnO6,1.410346984051767
LaSrPtMnO6,1.4058050092975443
TlSrPtMnO6,1.409962716531776
InSrPtMnO6,1.4586888796305653
YbSmPtMnO6,1.4411723501212506
LuCaPtMnO6,1.4405547102976093
LaCsPtEuO6,1.40850599525095
TbSmPtErO6,1.4120229954805694
MoLiPtCrO6,1.421265273096526
SmTlHfPbO6,1.426347056272392
NdEuMnPbO6,1.4744590156309219
SmSrMnPbO6,1.4411066205623058
NdSrWPbO6,1.4947486504951895
SmNdNbPbO6,1.4474133696419567
SmLaNbPbO6,1.478657210643234
SmSrPbNdO6,1.4111781184784153
SmEuPdPmO6,1.4071359606697622
LaEuPdPmO6,1.407995042239259
LaCaPdHoO6,1.4080733929929612
TlCaPdHoO6,1.4230567291579637
MoEuMnPdO6,1.434974036715569
SnErMnPdO6,1.4619370853372542
CrSrMnPdO6,1.494983320029777
SnTmMnPdO6,1.4485846119690906
TaSnMnPdO6,1.4603375135252918
TaSmMnPdO6,1.4645438617861257
CrCdMnPdO6,1.4267521807552144
ZrTmMnPdO6,1.4946644801607079
MoTmMnPdO6,1.4975846351010997
TiDyMnPdO6,1.4572216056625396
TeTaMnPdO6,1.459742070342477
TaTbMnPdO6,1.4753775672085967
TaYbMnPdO6,1.4537915285164316
TaYbMnPdO6,1.4649440900087858
SbAgWPdO6,1.444807253157219
CrSnZnPdO6,1.43743663923376
SmSrPdEuO6,1.4642091962575459
TbNdPdErO6,1.4495706974247276
TaAgNiPdO6,1.4363857006584932
MoTmFePdO6,1.4488847749352647
TbTmBPdO6,1.4354527301087732
MoYbBPdO6,1.4399005487613754
MoYBPdO6,1.4088902498197078
YbSmSiPdO6,1.4380105239019616
TaScSiPdO6,1.464857790544876
MoCaSiPdO6,1.4894527828268234
TaCdSiPdO6,1.4268002223470835
TiLaSiPdO6,1.4087147507014814
TaInSiPdO6,1.4451278137785188
AgCsVPdO6,1.4593104212706034
MoCdSePdO6,1.4205954826651845
CrYbSePdO6,1.4492911136560722
TiYbSePdO6,1.4061381391220693
ZrAgSePdO6,1.4226916720846463
YYbPdLuO6,1.44834327909156
YDyPdLuO6,1.4787425079300907
SmCsMnPmO6,1.4548749368680969
SmCsNbPmO6,1.4334750480301064
SmTlNbPmO6,1.47632813166637
LuNdHfHoO6,1.466249516713163
YNdHfHoO6,1.444194656440454
TbNdNbHoO6,1.480696839274398
NdEuMnHgO6,1.466953817196613
ZrSmMnHgO6,1.436769820673987
LuTmMnHgO6,1.4023525667688674
DyTmMnHgO6,1.464931665698749
ZrDyMnHgO6,1.4744558218683248
ZrYbWHgO6,1.4630149996017126
ZrTbNiHgO6,1.454953693955335
ZrAgNiHgO6,1.4865683006467578
SmNdNbHgO6,1.4471971805288497
TbTlNbHgO6,1.4278090011947726
TbCeBHgO6,1.4253352797028889
CeLaSiHgO6,1.4389049818696498
ZrYSiHgO6,1.4729504556692388
TbLuSnHgO6,1.4094706903323866
ZrTmVHgO6,1.445229640347292
TbTmSbHgO6,1.4645155801718688
TbLaSbHgO6,1.4067991156728517
ZrCeSeHgO6,1.4937255978208364
ZrDyCoHgO6,1.4234010427297785
ZrAgTcHgO6,1.4646788390229932
DyYbTaHgO6,1.4894373224524917
ZrAgTaHgO6,1.4351704917370283
TbLuMnMgO6,1.4028416711414022
InSmWMgO6,1.4659645934655
ZrTmNiMgO6,1.4760801232663892
ZrLaNiMgO6,1.4919077911347627
DyNdNbMgO6,1.4360735792152988
LuSrNbMgO6,1.4231127848536178
TmCaNbMgO6,1.4166406286422988
ZrAgNbMgO6,1.43580914939714
TbTmVMgO6,1.4101747904818154
ZrCsVMgO6,1.4024141032970037
TbTlCrMgO6,1.4336046051806433
ZrAgTcMgO6,1.4791372321725254
AgYbTaMgO6,1.454243082394993
CrAgWMnO6,1.4169080464481667
YbNdMnErO6,1.4268293458426147
CeNdMnNaO6,1.4036324839602545
MoCsMnNbO6,1.4115324722357314
TlSrMnNdO6,1.4095745958395398
YbCaSiMnO6,1.4701768078639212
TbCsSiMnO6,1.4941613698046539
TiTmVMnO6,1.4018665566817228
CrCsVMnO6,1.464476893950605
LaCsVMnO6,1.4243499170013412
ZrCsVMnO6,1.41891492314049
TiLiVMnO6,1.4802378769919153
YbTmSeMnO6,1.401621468168302
TiYbSeMnO6,1.4324531888369794
ZrAgCrMnO6,1.446006035392665
SmNdWErO6,1.4362459186512324
YSmWErO6,1.411194120441804
MoTmWFeO6,1.4127809183776276
InLiWFeO6,1.4517965234285257
MoTlWFeO6,1.4952090581332864
MoAgWFeO6,1.4879452329579117
LaCsWScO6,1.4766094741190092
SnLaBZnO6,1.420328334071429
SnTlBZnO6,1.4046299429774012
CrAgBZnO6,1.497804293815836
IrTiBZnO6,1.4785989984818517
IrTiBZnO6,1.4760975155718623
VCdSiZnO6,1.4637893759682667
IrVSiZnO6,1.4556377032327494
TiCrSiZnO6,1.4949395667583283
TeTiSiZnO6,1.4484885402369692
ZrYbSiZnO6,1.460162997354947
IrSbVZnO6,1.4359834323237755
CrCeVZnO6,1.4659044990704233
IrCdVZnO6,1.4318999081023767
TaLaVZnO6,1.4453977026594702
TcTaVZnO6,1.4621855757090534
ZrAgVZnO6,1.4347723431058552
CoAgSeZnO6,1.4844349880254615
CrCaSeZnO6,1.4059054042496395
CrTlSeZnO6,1.4286686592782074
CeSmNbEuO6,1.4748392879830354
SmTlNbEuO6,1.4656199819590807
YbSmNbErO6,1.416307514639372
TmCaNbErO6,1.4165467403953511
TbCaVErO6,1.487684016880734
YbCaVErO6,1.4587481638109503
TmTlSbErO6,1.4319051068436273
TmCaSeErO6,1.4188778728721052
TaSbVNiO6,1.4676717776904933
CrLiVNiO6,1.4569361778240788
TcCuVNiO6,1.4153839066992573
TiLiVNiO6,1.4766688196169575
AuTiVNiO6,1.48649713896849
TaInVNiO6,1.4496161209531446
MoTlNiLiO6,1.436239158961315
InSmFeNbO6,1.4214445650867833
InCaSiNbO6,1.440359098484629
AgCaSnNbO6,1.492746074898368
AgTmSnNbO6,1.461205874903722
TlCsVNbO6,1.4773882645151375
DyCsVNbO6,1.4371519652250393
YCsSbNbO6,1.4989523202172323
AgCsSbNbO6,1.4500689592434024
TbTmNbCdO6,1.425996528715249
TbCsNbTmO6,1.4843797334726219
SmCsSiFeO6,1.409496450776312
TeSmSiFeO6,1.4373197089875123
TeCdSiFeO6,1.4731441992093226
CrCsSiFeO6,1.4469609101873855
TeTlSiFeO6,1.4307891989258195
ZrYbSiFeO6,1.4232276881585806
TeAgVFeO6,1.453192231619321
TaAgVFeO6,1.4784565699976517
TaLiSeFeO6,1.4533400070885327
TiAgCrFeO6,1.4040779656930191
AuCoBVO6,1.4971480347866601
MoInBAuO6,1.4592630584651185
TeCsSiVO6,1.480013229783599
MoCsSiVO6,1.404210463074772
ZrAuSiVO6,1.4591895126684966
YbCaSiScO6,1.4828050125199068
IrCaSiCoO6,1.4757655049147047
TaTlSiCoO6,1.4788815499876464
DyYbSiLuO6,1.4863705580971118
YYbSiTaO6,1.4135512951607954
TmTlVSnO6,1.4304379467568311
YYbSnTbO6,1.4585245647611924
TaLiSeVO6,1.4634770474528098
CrTmCoVO6,1.414671117503529
IrCuCoVO6,1.4263479080203192
ZrTlVCdO6,1.4551957151575554
DyYbVCdO6,1.4905162153806961
MoTaVLiO6,1.4197888277496429
MoAgVLiO6,1.4317026062825764
LaCsSbScO6,1.4807362988720938
TbCsCoScO6,1.4914327612242897
TbTlCrScO6,1.4294322742805996
ZrAgSbCdO6,1.4379140565268296
MoYbTiSbO6,1.432326218021003
ZrAgTiSbO6,1.4631523631830698
MoAgTiSbO6,1.4934162341650745
TbCsSeTmO6,1.4439740409144872
ZrAgCoTiO6,1.4556272256660538
MoYbTcCoO6,1.4249191634016902
MoAgTcCoO6,1.443307188469071
TaAgTeCrO6,1.4721664234251246
ZrAgTcLiO6,1.4243936573154863
BiRbRuPdO6,1.4047251841744295
BiRbRuAgO6,1.450908922324423
PrRbRuPbO6,1.4333559343430555
PbRbRuMnO6,1.453757063598087
HoRbRuInO6,1.476092817080602
EuRbRuCeO6,1.4547298283543084
NdRbRuSmO6,1.4272029673213198
SmRbRuTiO6,1.4963465446852626
TmRbRuTeO6,1.4912548862634623
LuRbRuTaO6,1.4345964365000867
TbRbRuTaO6,1.432391312443336
TbRbAsRuO6,1.4369198510974845
WRhRuVO6,1.4183962780858859
PmBaRuHgO6,1.4597397568066173
HoBaRuDyO6,1.4413773516856456
NdBaRuScO6,1.4544628337841286
NdBaRuTmO6,1.4246231886414755
SmBaRuYbO6,1.4029899506114965
SmBaRuDyO6,1.4094224204521952
LaBaRuTbO6,1.4803884418107305
PmPbRuMnO6,1.4581730152276526
HoPbRuMnO6,1.4379709179764457
HoPbRuLuO6,1.411950840782741
ErPbRuLuO6,1.4740581171512415
LaPbRuYO6,1.438323647107531
NbMgRuTaO6,1.4229327258253686
MnKRuTiO6,1.440751956903906
EuKRuTaO6,1.4299199033751309
SrKRuSnO6,1.4388021427302806
SmKRuTaO6,1.498287310369892
SmKRuAuO6,1.4438012958738637
LaKRuTbO6,1.4523787277309617
SmEuRuCaO6,1.4532567884074903
EuCsAsRuO6,1.4322854673794685
LaEuRuTbO6,1.4711658850206302
NdNaRuYO6,1.440252833915047
SmNaRuScO6,1.404071512445632
SmNaRuCdO6,1.4901630401200257
LaCaRuYbO6,1.4396890258705821
TlCaRuTbO6,1.4831363583359227
LuCsRuYbO6,1.4275026614488457
PrRbReHoO6,1.4827184201579489
NdRbReSbO6,1.4037611548054039
NdRbReTeO6,1.4147034706421737
SbRbReLiO6,1.4396265724855537
CaRbAsReO6,1.4099769365158412
PbBaRePdO6,1.4185436108825589
HfBaReHgO6,1.4232590805743652
EuBaReCeO6,1.408214907732237
EuBaReYbO6,1.4472447656746492
SmBaReCeO6,1.4040890735538136
HfBiReLiO6,1.498844512122552
SmBiReLiO6,1.4808546464305157
PbGdReNaO6,1.4959142145530164
NdPbReTbO6,1.4359761679290155
SrPdReTeO6,1.4455386333183429
ErKReLuO6,1.4601999888842676
ErKReYbO6,1.4160366693161115
CrKAsReO6,1.4494651539704797
LaKReLuO6,1.434908108837579
NdEuReTmO6,1.473568639615716
SmEuReTbO6,1.4484238983546485
SmNaReCaO6,1.4466767420750926
SmNaReYbO6,1.4291212036242134
SmNaReAgO6,1.4131330761912158
SmNdReCaO6,1.44506836943004
SmNdReAgO6,1.4627249237484434
TlNdReYbO6,1.4552123870750533
SmSrReDyO6,1.4192129275360865
TlSrReDyO6,1.4960158152236767
LuSrReDyO6,1.4611661858786613
CaTlAsReO6,1.4169729215383917
TlCaReInO6,1.4576166229343932
TlTmReAgO6,1.4807506557688217
LaCsReAgO6,1.4154381452439557
TbCsReInO6,1.4017079694591446
TbTlReDyO6,1.4902544031113851
PmBaRhNbO6,1.472009278478208
SmBaRhYbO6,1.4235260620590557
PbPrRhTmO6,1.4294133328485554
MnPrRhFeO6,1.4275739903721538
PtKNiRhO6,1.4515652530310554
HoPbRhYbO6,1.435685119801445
EuPbRhCaO6,1.4063898223173912
EuPbRhYbO6,1.426416996530044
MnPdSiRhO6,1.4424833206070131
ErHgRhTaO6,1.4436789886649293
MnMgRhTiO6,1.488238154632876
LaMgRhTaO6,1.419874974921878
NiKVRhO6,1.49242479989005
NdKRhTaO6,1.4312214855606686
SmKVRhO6,1.4640226255194346
SmKRhTeO6,1.4078793823092817
TmKRhDyO6,1.4782280656246056
MnCsAsRhO6,1.4603680822355476
ErEuRhLuO6,1.4556956756950854
NdEuRhYbO6,1.4165244005282764
SmEuRhCaO6,1.4760430693923001
SmEuRhCeO6,1.4132545724268262
SmEuRhYbO6,1.4771390242579265
TmEuRhYbO6,1.4269000584162046
SmNaRhLiO6,1.4995730645500893
SmNaRhInO6,1.4031113684873147
SmNdRhLiO6,1.401894651712992
TmNdRhInO6,1.4537381611739428
SmSrRhTmO6,1.443468166870649
CeSmRhDyO6,1.4863107500648247
CeSmRhAgO6,1.446868382513861
SmCsTcRhO6,1.4175525602845305
LaTmRhDyO6,1.4192240362259105
TbTmRhDyO6,1.4827690405236589
LaCsRhMoO6,1.4133277692203976
LuTlRhInO6,1.465422621779397
PtBaBBeO6,1.4404299822970459
FeGdBBeO6,1.4548719458199484
PbPrBBeO6,1.42690473229837
PtErBBeO6,1.4851188496874999
SbPtBeCuO6,1.4433018592348341
IrPdBeAuO6,1.4358285787906995
TaSmBeAuO6,1.4634195954058835
IrTeBeAuO6,1.4547082443792387
GdKTaBiO6,1.4722127201300415
GdSrSeBiO6,1.4475491048493137
PrSrZrBiO6,1.4715935909807085
PrTlTcBiO6,1.4405410716538127
HoPbMnBiO6,1.405803713755079
HoPbSeBiO6,1.409351748444115
PbCsCrBiO6,1.4864734996405367
LaPbBiYbO6,1.4671650192203027
LaPbBiDyO6,1.4146770652473117
TlPbBiDyO6,1.436206982550855
TbPbBiYbO6,1.4353436994853053
PmSrSeBiO6,1.4319055897021506
HoSrTaBiO6,1.4653848810333139
CeHoBiTmO6,1.4710765873426783
NdKBiDyO6,1.4680579520931298
SmKBiCeO6,1.4633657795972346
TmKTaBiO6,1.4107150463287366
ErEuTiBiO6,1.4276081640457572
SmNdCrBiO6,1.4351045290468816
NdCsIrBiO6,1.4833822848150726
TlSmBiDyO6,1.4800187054232217
LuSmTaBiO6,1.4804469464812222
LuTmBiDyO6,1.483664010576005
LaCsBiDyO6,1.4076081117063022
YbCsBiDyO6,1.459995923471277
YbCsAsBiO6,1.4689716339216041
EuPbOsCaO6,1.444245779557498
MnPdOsCoO6,1.4274263096915676
MgHgOsTeO6,1.425311555841074
MnHgOsTeO6,1.4782399947423719
MnMgOsZnO6,1.471948541062271
MgAgAsOsO6,1.4332491365406512
NdKOsSnO6,1.4160780986945551
SmKOsCeO6,1.449121798460126
SmKOsLiO6,1.419092044598678
NiCsAsOsO6,1.4085594618561958
NdNaOsTmO6,1.4445213854934245
FeNaOsTeO6,1.4702966799260035
SrNaOsTaO6,1.4742336375275344
CaNaOsTeO6,1.4875885168977505
TmNaOsTbO6,1.4795701606570275
LaNaOsYO6,1.4562951813892635
TlNdOsTaO6,1.4200307441611044
LuSrOsDyO6,1.4430117114894887
LuSmOsYbO6,1.4580539257226177
TbCaOsDyO6,1.454850457939538
DyCsAsOsO6,1.4775756918277387
PrGdGeLiO6,1.4170528039932468
PbPrGePdO6,1.4919080517566539
WPtGeAuO6,1.4064065635220893
PdPbGeAuO6,1.457102691823806
NiPbGeCoO6,1.4174573998360243
SnPbGeCrO6,1.402072464738475
LaPbGeYbO6,1.4062549540315297
SnPdGeTiO6,1.400047072935899
SmPdGeTiO6,1.4090765583692852
MnPmGeAuO6,1.4941263459645708
SnPmGeAuO6,1.4936624575513306
SnHoGeLiO6,1.4860156526036021
NbMgGeVO6,1.4983145107191667
SnMnGeVO6,1.4106111220955295
CrMnGeAuO6,1.4229441552553517
TeNiGeAuO6,1.4324444992401444
SmNaGeCrO6,1.4943860892591065
SmNaGeLuO6,1.4258492635197488
SmNaGeTbO6,1.4150967917190314
FeNdGeAuO6,1.4871422005150448
SbNdGeLiO6,1.449402206191725
TcNdGeAuO6,1.4604998678920087
CrFeGeTiO6,1.4946347166644391
YbSrGeDyO6,1.4557141035674928
SbSmGeTaO6,1.4809295979561543
TlTmGeTaO6,1.4295144403295148
TcTmGeAuO6,1.41222176579
TbCsGeYbO6,1.4222336725488276
TbTlGeYbO6,1.4066572073154469
TcTlGeAuO6,1.4901298423832658
TeLuGeAuO6,1.4574143204924377
PrSrMoGdO6,1.4413873754995048
PbKTeGdO6,1.4661871051373498
PmSrCrGdO6,1.4236845332459647
SmKIrGdO6,1.4855706414527146
EuCsTaGdO6,1.4424122662901613
YNaAsGdO6,1.4513275999364224
NdSrVGdO6,1.420831164312024
NdSrIrGdO6,1.4232347931637972
SmSrMoGdO6,1.4860826183969569
SmCsTaGdO6,1.4818483063911607
HfPrGaCrO6,1.4599312657366932
SbPrGaAuO6,1.432694731247625
MnPdGaCrO6,1.434066716778232
NbPdGaCrO6,1.483682848950257
MnPmGaZnO6,1.4855183160881804
SmHoGaCdO6,1.44825026893495
SbMnGaAuO6,1.4636552229628728
FeNbGaCrO6,1.485828406540164
SnFeGaCrO6,1.4747643330437326
CrScGaTiO6,1.420163682773701
PmSrMoPrO6,1.4783342417113352
NdKSmPrO6,1.4544885361882791
SrKAuPrO6,1.4638375863780608
SmKTcPrO6,1.4826351251756915
EuSrTiPrO6,1.4046997469450564
NdSrSiPrO6,1.4516773823244091
NdTlMoPrO6,1.495351307131413
NbPbPtLiO6,1.4412257894978595
ScPbPtCrO6,1.4453131341755285
PdNaAsPtO6,1.4622728029538992
PdCdAsPtO6,1.4821901655897671
SrKPtTeO6,1.441188420353361
LaKPtLuO6,1.4366105045161286
VMnAsPtO6,1.4334265423769454
MnCdAsPtO6,1.4249760819688968
WNaAsPtO6,1.4817898335234927
VZnAsPtO6,1.49703379458903
NiYbAsPtO6,1.4272531595294582
NiAgAsPtO6,1.4772493822236044
SmNaPtInO6,1.4114993755288041
TiNaPtTeO6,1.470708026551786
TbNaPtAgO6,1.4490596704389807
TlNdPtYO6,1.4601768464047458
YbSrPtInO6,1.4184696720648053
IrCoAsPtO6,1.4903779928129879
TbCaPtAgO6,1.4269586333511197
TaCdAsPtO6,1.4848213199035178
AgTmAsPtO6,1.4451412877504137
TcYAsPtO6,1.450653897163049
TaAgAsPtO6,1.488820249148242
CeSmTiPbO6,1.4864446428730123
SmTlLuPbO6,1.4130131457540875
SmTlTaPbO6,1.4691851376121674
SmTlMoPbO6,1.4580805216001478
SmPmPdYbO6,1.4598657283662826
SmPmAlPdO6,1.498336183409051
CePmPdTmO6,1.4762164227471484
CrPmTiPdO6,1.4130103318618843
MnHoAlPdO6,1.461550346771123
HfSmAlPdO6,1.4983175312519323
HfYAlPdO6,1.4805129066476426
MnHgAsPdO6,1.4560345581577216
MnHgAsPdO6,1.419128233873409
MgKTcPdO6,1.4978052551574408
SmMgPdTaO6,1.4511265266744313
MgAgAsPdO6,1.463665268293245
MnEuCoPdO6,1.4086175766484479
MnEuCoPdO6,1.418947546588164
MnEuTiPdO6,1.4148965512615668
FeMnTcPdO6,1.4282993450429553
MnSrAsPdO6,1.4158272474797382
MnSmCoPdO6,1.4322581379163433
MnSmAsPdO6,1.4510642989204814
MnCaCrPdO6,1.4676469459875248
MnCaAuPdO6,1.4280339439470155
MnCsTiPdO6,1.4104766537240765
MnLiTiPdO6,1.4781702635783194
MnTbAlPdO6,1.4901921127286757
SmEuPdLiO6,1.4892489435700833
SnErCoPdO6,1.4489747191154339
SmErPdYbO6,1.4382466496839517
CeErPdDyO6,1.4012246511764077
CrNaTcPdO6,1.4211321726496313
TaNaAsPdO6,1.4054994512475887
NbCaTePdO6,1.4326449615743428
NbCdAsPdO6,1.4064580613327609
NbCdAsPdO6,1.4754396705201624
NbAgAsPdO6,1.4312611527436603
TbNdAsPdO6,1.486477026044664
CrFeTcPdO6,1.4029439579381178
SnSrSePdO6,1.488358060098975
TlSrAsPdO6,1.417096749560146
SnSmSePdO6,1.4472940967073642
YbSmPdInO6,1.4766646580764387
SbTmTcPdO6,1.4741069502487796
CeCaPdTmO6,1.419061606287593
CrCaTcPdO6,1.4859551479059836
TiCdAsPdO6,1.421662291374951
YbCdPdMoO6,1.4798720261010399
TbTmAlPdO6,1.4344036300760235
TiCsAsPdO6,1.4476304567442495
TeCsTcPdO6,1.4037515964368097
CrLaTiPdO6,1.4121437301003499
TeCrAsPdO6,1.4500340488608299
TaTlAsPdO6,1.4912398839244645
LaKTaPmO6,1.4853799609201779
SmSrTePmO6,1.4261063450601654
TmKTcHoO6,1.4398277696099029
EuSrCrHoO6,1.4089974595751096
LuEuMoHoO6,1.4551538640948631
TbNaTaHoO6,1.4364967314811403
NdTlTcHoO6,1.472924307734698
TbSrMoHoO6,1.4086701288326071
SmCsTeHoO6,1.4941275352695158
TmCaZrHoO6,1.4418971952283348
DyTmIrHoO6,1.4174015921553123
LaCsAuHoO6,1.480952849138301
NdKAsHfO6,1.409569569563132
ErEuHfDyO6,1.44446621035066
CeNaHfLuO6,1.4967218104151607
CeNaHfDyO6,1.4551562912231395
CeNdHfLuO6,1.43613083009588
ScSrHfAgO6,1.4744641735342863
TbSrHfDyO6,1.4376603927168845
CeSmHfTmO6,1.4706501930116247
CeSmHfYO6,1.491886406786956
LuSmHfDyO6,1.4410406480389406
TbTlHfAgO6,1.4711568462448714
SmEuTeHgO6,1.4354352665892736
SmEuAsHgO6,1.4773759112709783
TbEuTaHgO6,1.4008310865212892
TbEuMoHgO6,1.4880139143096522
NdSrSbHgO6,1.4264469162215312
NdSrTaHgO6,1.468325723437389
NdSrAsHgO6,1.4269431754614403
SmNdIrHgO6,1.4993128412540055
ScNdAsHgO6,1.403173664385922
TmNdAsHgO6,1.4620289921816414
SmLaTiHgO6,1.4423276223602741
TbSmTcHgO6,1.4921296364147807
TbSmTaHgO6,1.4016583578007558
YCaAsHgO6,1.4838776315271818
CeLaAsHgO6,1.4048745977984363
LuTmAsHgO6,1.4274655419962528
TbTmAlHgO6,1.4039656773670364
ZrLuMoHgO6,1.4629176706028013
SmKTeMgO6,1.4687583867170921
NdEuCrMgO6,1.488869149977642
SmEuTaMgO6,1.4291536928634831
TbErAsMgO6,1.4703854882608753
SmNdTaMgO6,1.4120180907513995
TbNdTaMgO6,1.4013640932581175
YbSrAsMgO6,1.4384668693309135
SmCsCrMgO6,1.4470003873762372
SmEuMnTmO6,1.4360444880056031
TbEuMnAgO6,1.4191571463018016
SrNaMnTbO6,1.484724635007016
SnNaTcMnO6,1.4514974252543804
YNaAsMnO6,1.4027753818950848
NbCdTiMnO6,1.414319272555371
NbTmCrMnO6,1.4680515479704614
FeNdCrMnO6,1.4982335813183039
SnNdVMnO6,1.4005716380772844
CeNdMnTmO6,1.4799978511263718
YbNdMnDyO6,1.4053863683088246
FeCdCrMnO6,1.4577884139476918
SnSrMnLiO6,1.425377963090268
SmSrMnCaO6,1.4513517493385086
CrSrTeMnO6,1.487012964662149
SbSmMnLiO6,1.4557065600535333
SbSmTiMnO6,1.4232944684739923
TmSmMnTbO6,1.491892639854628
CrSmTeMnO6,1.4735423945732422
TlSmMnYbO6,1.4271616159700187
YSmAsMnO6,1.471375742716978
LaCaMnInO6,1.410328441912533
TiCaTeMnO6,1.4797729394478503
TiCaTcMnO6,1.4817785311398157
YCaAsMnO6,1.4392276707872533
TlTmMnLuO6,1.4519913938922029
TbCsIrMnO6,1.4729728690986594
CrAgAsMnO6,1.4417510421138904
TbLaMnAgO6,1.4495446639623326
TiLiAuMnO6,1.4312290116477941
TiYbIrMnO6,1.425677042892877
TiYAuMnO6,1.4782167539154771
TiAgAsMnO6,1.4266180827842612
SmEuWTmO6,1.4830255835806099
CrEuWTiO6,1.4669218917489841
LuEuWYbO6,1.4200981160755524
NiAgAsWO6,1.4923241971243246
TmNdWYbO6,1.4241391382900959
TlNdWTbO6,1.4409331080398249
CrFeWTiO6,1.4819992182414348
CrSmWTiO6,1.463517066577101
CrSmWTiO6,1.4135944345087776
TmCaWDyO6,1.441255379413461
LaCaWYbO6,1.4031936059692487
NiEuAsZnO6,1.4745044461135708
VEuIrZnO6,1.4322471267431642
TbEuAuZnO6,1.492018464215777
TeErAsZnO6,1.4427640830258874
IrErAlZnO6,1.4355718686476795
NiCaTcZnO6,1.401285818679398
NiCrAuZnO6,1.443782156226339
NiTiIrZnO6,1.4606805055477419
TcNiIrZnO6,1.4334397008050628
NiYbAsZnO6,1.462024253028496
IrNiAuZnO6,1.4932302161615099
SmNbZnLiO6,1.41871186852328
SmNdIrZnO6,1.4545622266839844
VNdAsZnO6,1.4899735021436389
SbNdIrZnO6,1.4210908299542542
CoNdIrZnO6,1.4609308466821578
CrNdAuZnO6,1.4273790332954746
TeNdIrZnO6,1.497313968330637
TbNdAsZnO6,1.4182311410984152
VFeAuZnO6,1.4617572004052524
CrFeTcZnO6,1.4982640515454384
SmSrIrZnO6,1.4022324829132757
SmSrAuZnO6,1.415421068648786
ScSrAuZnO6,1.4884163983846574
TiSrIrZnO6,1.4292747931797958
TbSrTcZnO6,1.4951949778583618
DySrIrZnO6,1.4557444323162492
SnCsAsZnO6,1.4044909993390575
CoSmAsZnO6,1.47857156527633
CeSmAuZnO6,1.4337263217339316
TiSmIrZnO6,1.4593743742940262
CoVAsZnO6,1.4013690052589274
VCaTcZnO6,1.4637279183175518
VLiTcZnO6,1.4173457032783097
VLiAuZnO6,1.4092310173944587
VAgAuZnO6,1.4586394170364434
CoDyAsZnO6,1.4288745825511096
TcCaIrZnO6,1.4170396258599152
TaCdIrZnO6,1.4514004207829323
YbTmAuZnO6,1.4203539537138898
TeCsTcZnO6,1.4821292074426315
IrCrAsZnO6,1.4309274445381561
TiTlAuZnO6,1.4328554829464408
TeTlIrZnO6,1.4733827741776562
TiYbAuZnO6,1.4543392274296898
TiAgAsZnO6,1.4430290352713229
TeYbAsZnO6,1.450560979719578
TaAgAuZnO6,1.4677112389990425
NdSrTeEuO6,1.4416397731724437
SmNdTaEuO6,1.4097046947554797
SmNdMoEuO6,1.495668141186003
SmSrZrEuO6,1.4297209256606875
TlSrAuEuO6,1.4616969288612076
SmTlTeEuO6,1.4956175355085737
SmTlAuEuO6,1.415979443213522
CeLaAsEuO6,1.4923243409412872
SmNdCrErO6,1.4406628182782748
NdCsAsErO6,1.4675353223985121
SmSrTeErO6,1.459000182079469
TbSrTcErO6,1.473137408604915
LuCaTiErO6,1.4309744736643275
TmCsTcErO6,1.4334534531698737
YCsIrErO6,1.438405987598848
YTlAuErO6,1.4486780540235673
CeNdNiYbO6,1.4748027358525508
TiFeTcNiO6,1.4113335802615616
CrSbIrNiO6,1.4462226802174831
CoLiTcNiO6,1.4617460403986706
CaTlAsNiO6,1.4048605245422061
CuCsTcNiO6,1.4938799809373309
TiCsTcNiO6,1.4090646931805362
TbLuNiAgO6,1.492648898170053
SmTlZrNaO6,1.4982855370722215
SmNdNbScO6,1.4413567981255415
SmNdSeNbO6,1.4533656136387103
SmNdNbTmO6,1.4103979334453511
ScNdSeNbO6,1.4034125080807476
YbNdNbInO6,1.4895550012536076
ScSmTaNbO6,1.4666883880397585
SmTlTaNbO6,1.4879868950832422
TlSmNbDyO6,1.4417346858311793
TmCsCrNbO6,1.4118142567030088
LuTmNbDyO6,1.4803491745681199
TbTlNbYbO6,1.4700389511395309
TbTlNbDyO6,1.467887210113595
LaSrTcNdO6,1.457715474220829
SmSrFeAgO6,1.4684189734159812
CeSmTiFeO6,1.4890339647660797
TbScFeAgO6,1.493512997845486
CrSbIrFeO6,1.472926151454155
TmCsCrFeO6,1.4675336953427436
TaLiAsFeO6,1.4461023517629645
TcScBAuO6,1.4734388241998027
VSmSiAuO6,1.4162915196899768
TmCaSiDyO6,1.4999695879625905
YbTmSiDyO6,1.4510009261278622
AgTiSiAuO6,1.4854371456942643
IrDySiAuO6,1.4739843307078357
CaCsCrSnO6,1.4966364977447622
SbScVLiO6,1.4452939939665739
CoTiTcVO6,1.4474619079485016
TiCaAsVO6,1.4744258769210623
CrCeAlVO6,1.422183226655058
TbCeAsVO6,1.4183192512424898
TcCeAlVO6,1.4569414741298807
CrTmAsVO6,1.4572990916838378
CuTmTcVO6,1.4909702186073495
TlTmVTaO6,1.4956517952228727
LaCsVLuO6,1.4367911403639202
TbCsVYbO6,1.4577686726325632
TbCsVAgO6,1.476413326111704
TbCsVInO6,1.4332789320820976
TbLaAlVO6,1.4092984605975198
TbLiVMoO6,1.441892284918801
LuTlVYbO6,1.4383370602628915
DyTlAsVO6,1.4108397964292398
TcTbAlVO6,1.4362339358731222
TmTlMoScO6,1.4478141984097954
LuTmTiScO6,1.4378212329540045
TbCsZrScO6,1.4443672277831507
YCsAsScO6,1.4655050133339607
TlCaSeLuO6,1.4997631775649716
TbCeSeAuO6,1.4325538226082428
TbCsSeDyO6,1.4327356662463697
TeTiSeAuO6,1.4272386330016462
CrCaCoTiO6,1.4843684234848784
TbCaCoYbO6,1.40612289837239
TlTmCoTbO6,1.4916767061251797
TbLuAlCdO6,1.4236814129854443
ZrLuInCdO6,1.4983135880698757
LaCsIrTmO6,1.4200298448026583
YCsMoTmO6,1.435124716818822
TbLiCrTaO6,1.4576266465010834
TbTlCrYbO6,1.4725479803474233
TaYbAuLiO6,1.4856783407327983
RuBaOsGaO6,1.4290042178245654
RePdNiAuO6,1.4365818438261415
ReHfZnAuO6,1.4899578694417213
ReHgWNiO6,1.422649749431087
ReMnVCuO6,1.4630744671014877
ReFeVCuO6,1.4274533420189772
ReFeVAuO6,1.4572549635274288
RhRbWGaO6,1.4671938272392941
RhRbWVO6,1.4927108906868827
RhRbVTcO6,1.4185447204168669
BaRbBiNiO6,1.4008158324639732
BiRbVGaO6,1.499888930915454
BiRbPdMnO6,1.446372911384053
BiRbPdNiO6,1.4960078825177547
BiRbHfFeO6,1.4859986050363752
BiRbMnTiO6,1.4504621373440356
BiRbMnIrO6,1.4453754588078414
BiRbMoMnO6,1.4158231863822872
BiRbTaNiO6,1.4206741794329827
BiRbNbFeO6,1.4250340971659137
BiRbZrNbO6,1.4473560714022484
BiRbFeCrO6,1.4665036257716029
BiRbZrFeO6,1.410040340155152
BiRbVCoO6,1.4967949834102197
GdRbPdTeO6,1.4311626625261813
GdRbTaWO6,1.4445761215862647
GdRbTbCrO6,1.4677527461732154
GdRbZrTaO6,1.452395949887883
PrRbPbTiO6,1.4311102059243308
PrRbNbPdO6,1.406970578839043
PrRbMoPdO6,1.464591766724959
PrRbHfWO6,1.4612715470477406
PrRbSmHgO6,1.4387538683823327
PrRbZrMnO6,1.4517509505479056
PrRbCeNiO6,1.4268037748842974
PrRbNbFeO6,1.425528854402262
PrRbNbCoO6,1.4292551588045206
PrRbTbBO6,1.4247304519880624
PrRbTaSiO6,1.4659012825251316
PrRbSnCrO6,1.4767130743923929
PrRbSnTaO6,1.445144339925907
PrRbSmDyO6,1.4942468311799566
PrRbSmAgO6,1.4565195609462729
PrRbSmZrO6,1.457314407951761
PrRbVAuO6,1.4073742913440581
PrRbSbMoO6,1.4707916789915887
PrRbCoAlO6,1.4688566710626536
PrRbTaCrO6,1.4934260662351064
PrRbZrCuO6,1.4097299019437173
PrRbTiTeO6,1.496950152727672
PrRbTbTeO6,1.4505084987911077
PrRbTbInO6,1.4509100492542013
PrRbZrInO6,1.4522989889015405
PbRbHfTiO6,1.4663615102615646
PbRbHfAsO6,1.471945667114667
PbRbSnMnO6,1.465873748346551
PbRbMnCuO6,1.4260900765586857
PbRbCrWO6,1.435548331206365
PbRbWCuO6,1.4339717287311993
PbRbSbNiO6,1.464477011410569
PbRbTbNiO6,1.4540620600628942
PbRbTbVO6,1.4863380070746843
PbRbSbCoO6,1.4238735571688803
PbRbSbCrO6,1.4533441751102807
PbRbTbSbO6,1.4938369930962239
PbRbTaCrO6,1.4951120257394104
PbRbTeIrO6,1.4313519924538545
PdRbMnTiO6,1.464976967623875
PdRbWBO6,1.4846364196216821
PdRbCrTeO6,1.4159255255469427
PmRbWBO6,1.4133593446108874
PmRbNbSbO6,1.4532075074610584
PmRbSnMoO6,1.4794339362477746
PmRbSmCoO6,1.4283471803809573
HoRbHfSnO6,1.481170718330727
HoRbMnVO6,1.40927921558573
HoRbNiVO6,1.4155218899386306
HoRbTaCoO6,1.4635308647471081
HoRbZrTiO6,1.453815830950964
HoRbMoAlO6,1.4402455036274595
HfRbCrZnO6,1.4772479700007073
WRbVAsO6,1.4665739348033735
WRbIrAsO6,1.45423149175937
EuRbNbCuO6,1.4021660059928955
EuRbSmSiO6,1.4964406062344136
EuRbTaCrO6,1.4653485150022791
EuRbZrTaO6,1.4502959623864609
ErRbNbBO6,1.4802007577187877
ErRbSnTaO6,1.4815115773561145
ErRbSbTaO6,1.4309492988243424
ErRbTaCrO6,1.4623486537858137
NiRbTcAsO6,1.4591823248874904
NbRbVTcO6,1.4519646227974419
NbRbTaCrO6,1.4702340070741104
NbRbCrAsO6,1.471084275298556
NdRbSnFeO6,1.4402597956388745
NdRbVBO6,1.468275723746943
NdRbSmTiO6,1.4971655720475967
NdRbSmTaO6,1.46214092160253
NdRbSmMoO6,1.454152599579703
NdRbTaCoO6,1.436085627131359
NdRbTaCrO6,1.4692762739745395
NdRbTaTiO6,1.4944644672695215
FeRbAuAsO6,1.4233168117060802
SnRbVAuO6,1.4114815452748484
SnRbTeCuO6,1.4161580430554925
SnRbTcAsO6,1.4029717240280897
SmRbSbLiO6,1.4432082270242743
SmRbIrSeO6,1.459428751257908
SmRbCrCoO6,1.4625601200833231
SmRbCeCrO6,1.4058200294355747
SmRbTbMoO6,1.4731775598698094
SmRbTbMoO6,1.4412656622771058
SmRbDyAuO6,1.4540130554223092
SbRbTeIrO6,1.4122051697485718
CaRbCrTeO6,1.4583300935139873
TmRbCrTcO6,1.443655188792963
TmRbTiTcO6,1.4208005566037447
YRbAuAsO6,1.439199650208411
AgRbIrAsO6,1.457573267377445
RhBiPtZnO6,1.496151338181862
RhBiZnCoO6,1.4175081508319942
RhPbWZnO6,1.4951245385674112
RhPbTcAlO6,1.4969355050680244
RhPdWVO6,1.496999014917023
RhPdWVO6,1.405241713414943
RhPdWVO6,1.4528920408672827
RhHgWNiO6,1.4278905271972502
RhHgWAsO6,1.4010394854553962
RhHgVAlO6,1.419119596654481
RhKVCoO6,1.485126364563076
RhKVAsO6,1.452258075875751
RhMnCoAuO6,1.4579949421520224
RhEuVAuO6,1.45308349542247
RhFeVIrO6,1.4682176580548187
RhFeCoAuO6,1.4705497867369668
RhSrTcAsO6,1.4272132660503811
RhCsIrAsO6,1.48270065336779
BiBaInMgO6,1.4142637521744834
BiBaTaVO6,1.4591603301014717
GdBaZrMnO6,1.4965362130819972
PrBaLuPdO6,1.4984399624632057
PrBaPmNiO6,1.4989784477881727
PrBaHfZnO6,1.4141084997161453
PrBaSmMnO6,1.419048731749025
PrBaNdTiO6,1.4277842634076363
PrBaNdMoO6,1.4091095810145635
PrBaDyFeO6,1.468473850865593
PrBaCeTmO6,1.4384668777191427
PrBaCeAsO6,1.4445207373361821
PrBaCeInO6,1.4383489497065718
PbBaPdTiO6,1.4564107903990198
PbBaHoNbO6,1.425230531406903
PbBaWCuO6,1.4128021685592713
PbBaNiAsO6,1.4166398722449445
PbBaCrBO6,1.4351121979137504
PbBaYBO6,1.4183436548608492
PbBaTbSbO6,1.4683924731619107
PbBaSbAuO6,1.4116217440923546
PbBaTaCoO6,1.4789115239243946
PbBaTaCuO6,1.4391595317363972
PbBaMoCuO6,1.4316395429375186
PbBaDyAuO6,1.4769793125591775
PmBaSmFeO6,1.4418903394793385
PmBaTbTiO6,1.4524210571203837
HoBaHfAlO6,1.4726895307311
HoBaNbTaO6,1.4547548889224742
HfBaTaCuO6,1.4403072289057437
BaKSbTaO6,1.4864034910674258
MnBaCrZnO6,1.496229028279769
MnBaFeTiO6,1.4427798957265328
MnBaTeVO6,1.4294883631896793
MnBaCrCoO6,1.46475557112356
WBaNiVO6,1.4176618574650013
EuBaSnMoO6,1.419009534121919
EuBaSmVO6,1.4574670328873969
EuBaSmTaO6,1.4697477045670955
EuBaTiAsO6,1.477324948906158
ErBaVBO6,1.4361613223237724
ErBaTbInO6,1.4420149545950292
NbBaMoCrO6,1.4095914902533235
NdBaCeMoO6,1.4077001718026285
NdBaTaTiO6,1.4144409869473982
SnBaCrAuO6,1.4591069223737776
SnBaMoTiO6,1.452257039220279
SmBaScAgO6,1.4896481514258662
SmBaTbCoO6,1.419063310593929
SmBaCeYO6,1.4931545479232322
SmBaTmAsO6,1.407471638859995
SmBaTaCrO6,1.4079453103891633
SmBaTaCrO6,1.4448160287748837
SmBaYbCuO6,1.437276338163539
SmBaYbTaO6,1.4223110968930521
SmBaAgInO6,1.4674325455432966
TmBaZrCrO6,1.4298956233373998
TmBaTaCuO6,1.4819680922343945
LaBaTbMoO6,1.4085375215567921
YBaZrAlO6,1.4501018835040278
BiGdMnTiO6,1.4145715575949767
BiPrMgMnO6,1.4643148851983214
BiPrNiAuO6,1.425445012851069
BiPrFeCrO6,1.4330996421912103
PtBiNiAuO6,1.4993125984990456
PtBiVCuO6,1.425218385856747
PtBiCoAuO6,1.474445105424276
BiPbHfTiO6,1.415990724790812
PbBiCrNiO6,1.4503638750421934
BiPmHgMnO6,1.4459651653258334
BiHoFeTiO6,1.4790983590917672
BiHoCuAuO6,1.4392061952297825
HfBiZrCuO6,1.4686483252604143
BiKMnWO6,1.4127130959201826
BiKMnCoO6,1.4756954076693074
BiKMnCuO6,1.4188144215228917
BiKNbFeO6,1.4639293357994756
BiKCoTcO6,1.4112221511876244
BiKCrTeO6,1.4813509174274648
MnBiTiVO6,1.4309181784760394
BiEuSnTiO6,1.4459440058558255
BiErNiAuO6,1.4134168095481943
BiNaNbIrO6,1.4089200979905356
BiNaSnTcO6,1.4236430603793087
BiNaVAlO6,1.4927491180270982
BiNaSbAuO6,1.484797975893075
BiNdVAuO6,1.4390619403166307
BiNdScCuO6,1.4354128640390835
BiNdCoAuO6,1.4321756420111926
BiNdTiAlO6,1.426113703757291
BiNdTaIrO6,1.451923847437704
SmBiMoVO6,1.487447196990446
BiCsTaAlO6,1.4540933282547488
PrGdTbNiO6,1.4882387531049441
PrGdDyNiO6,1.4211437162767022
PrGdLuVO6,1.4487856919524582
PrGdLuCdO6,1.4372703186876588
PbGdHfHgO6,1.472517299387646
PbGdTbMgO6,1.4650427745641865
PbGdScTiO6,1.4185895723766773
HfGdVAuO6,1.4947159484981538
HfGdTaCrO6,1.4279798751780286
GdKMnCrO6,1.4536435954340272
GdKFeSiO6,1.4300787277670115
GdKFeTeO6,1.4914583926510474
MnGdFeZnO6,1.4961092011088504
GdEuTbMoO6,1.4978758117440178
VGdCuAuO6,1.454422466525292
GdCsCrTiO6,1.4131514154189764
PtPrZnVO6,1.4051323068587693
PbPrHfHgO6,1.4997130961637986
PbPrSbMnO6,1.4161916103271708
PbPrTbAuO6,1.4770377735864089
HfPrZrAuO6,1.461597695379777
PrKWAsO6,1.4476004574788617
MnPrTiNiO6,1.407426638862478
MnPrCrCuO6,1.4621088473241688
NbPrFeVO6,1.489890999978839
PrSrSmCuO6,1.4466395909793783
PrSrSmTiO6,1.4523397709424457
PrSrVAuO6,1.4050012689443934
PrSrScTiO6,1.405571035960699
PrSrCeAuO6,1.405121150579395
PrSrYbAsO6,1.4295822207147086
SnPrSbCrO6,1.4734374150075216
SnPrMoCoO6,1.4166691348166973
SmPrVAuO6,1.430199124847511
SmPrTmCuO6,1.496659188431552
SmPrTaCuO6,1.4543953631010902
SmPrYbCuO6,1.4387311176910693
SmPrTaTiO6,1.4207064463732457
SmPrTeAuO6,1.4372842648007345
PrCsTbAsO6,1.4606631666219403
PrTlTbTcO6,1.415523187537419
PtPbNiAuO6,1.4742476758005267
PtPdWNiO6,1.4532623766352752
PtPdNiAsO6,1.432797785092292
PtPmCoAuO6,1.4754987587422435
PtHoCoAuO6,1.4938275782208312
PtKNiAlO6,1.4352825436675054
PtKVCoO6,1.443991730005292
WPtIrAlO6,1.4697453276207557
NiPtVCoO6,1.4788507243141538
NiPtVAlO6,1.4758958075867008
PtFeCoAuO6,1.4552057890673273
PtSrVAlO6,1.430753340279141
PdPbWZnO6,1.4989669136497752
PdPbTiAsO6,1.4033167882091957
PbPmHoHgO6,1.4729916643429835
PbPmErFeO6,1.4689915503534665
PbPmErCuO6,1.4946065443397105
PmPbTeVO6,1.4396278848474957
PbPmVAuO6,1.490097803430809
HoPbHfAlO6,1.4254028910703558
HoPbNbBO6,1.4666034578630258
HfPbFeTiO6,1.4407178555156444
HfPbSbCrO6,1.417550131129037
PbKMnSeO6,1.4816288411649483
PbKNbAsO6,1.4352527671145603
PbKCrTiO6,1.4168301299156645
MnPbTiZnO6,1.445694396634877
MnPbIrAsO6,1.4848534656072057
PbEuVAlO6,1.4712739211370318
PbEuIrAlO6,1.46569954334949
EuPbMoAsO6,1.4890918298119409
ErPbNbSbO6,1.4040941095923445
ErPbNbCoO6,1.4897445908944842
ErPbTaCoO6,1.4730908570013665
ErPbCoAsO6,1.4881313094169275
NbPbTiBO6,1.4944569964161984
NbPbCrCoO6,1.474514304849487
NbPbTeIrO6,1.4835517269464533
NbPbTaIrO6,1.4496936210794262
NdPbZrCoO6,1.4663213443418845
PbNdLuTaO6,1.4213113172945486
PbNdTbAuO6,1.4718761955701303
PbNdYbAgO6,1.4805951951915148
PbNdYAlO6,1.4083861783202376
PbSrTaIrO6,1.473488441129538
PbSrYAuO6,1.4297162895433366
SnPbTaIrO6,1.4220826232921835
SmPbDyCoO6,1.4335646965381417
SmPbTaTiO6,1.4680502785120078
ScPbZrSbO6,1.4776818046115554
ScPbTcAlO6,1.4839755878080025
ScPbTaIrO6,1.419954413537486
TmPbTaCrO6,1.420293895275078
TmPbTaTiO6,1.4104830573387748
PbCsCrCuO6,1.471171378078403
PbTlTbAuO6,1.4461096034787297
DyPbZrAlO6,1.4180240646827877
PdHgMnCrO6,1.4445904902127826
PdMgVAlO6,1.4449562863453165
PdMgCrAlO6,1.4333551167651748
PdKWNiO6,1.4052949704511184
PdKWBO6,1.4986719097634296
MnPdWZnO6,1.4040151241735948
MnPdWCoO6,1.4203299732457704
MnPdFeAuO6,1.4026543010820935
MnPdCrAlO6,1.4862737160720985
MnPdCuAuO6,1.4210956505192345
MnPdTiAlO6,1.4641100818199886
WPdNiVO6,1.4615562666617725
WPdVCuO6,1.4519782295502868
PdEuNiAuO6,1.4566012462357378
NiPdVCoO6,1.4677909842519783
NiPdVCoO6,1.456781280936649
NiPdVCuO6,1.4114156201489567
NiPdVTcO6,1.4539806654494993
PdNaVSeO6,1.4625503417567134
FePdCrCoO6,1.477322410009645
FePdCrAlO6,1.4029172297731474
FePdCrAsO6,1.4384110617100028
FePdTiAsO6,1.4269364377168101
SmPdCrCoO6,1.4743184488759637
SmPdTiCuO6,1.4540496022899974
SbPdTiCoO6,1.4181416132877596
PdCaCrAsO6,1.488677716240853
PdCsCrCuO6,1.4446006087250023
PdCsCrAlO6,1.4144848916153687
PdCsCrAsO6,1.4015867232465937
HfPmInZnO6,1.4039639226733547
PmKSnTiO6,1.4433867377112044
PmKSmCoO6,1.4633948752601682
PmKCeCrO6,1.4765698534188585
PmKTaAsO6,1.4197635222830989
MnPmTiNiO6,1.4250849190883115
MnPmFeAuO6,1.465596753084996
MnPmCoAuO6,1.4598026350830233
NbPmTaFeO6,1.4378282562845255
PmSrSmTaO6,1.4263690222031395
PmSrVAlO6,1.4751062543129683
PmSrTeAuO6,1.4257677251153842
PmSrTbAuO6,1.4945673256259815
SmPmSbVO6,1.4754794055439315
SmPmCdVO6,1.4814272150519652
SmPmTmVO6,1.4032855465590166
SmPmTiAuO6,1.4564612410827276
CePmLuCrO6,1.400330423702649
CePmZrLiO6,1.4179630932514793
HoKVAuO6,1.4111444510561644
HoKTaMoO6,1.4187929085916122
SmHoAgCdO6,1.4492452653365417
HfKTiAlO6,1.4346281434233414
MnHfVAuO6,1.498402435765067
NbHfCrAuO6,1.4681103461299194
HfTmTeAuO6,1.4970068632550972
MnHgWCoO6,1.4695166281211443
MnHgTeZnO6,1.4363211690152116
MnHgTcBO6,1.4886797417936717
MnHgVAlO6,1.4651005476353833
MnHgTiAlO6,1.452484625343216
ZnHgTcSiO6,1.4288778715634174
ErHgTaCrO6,1.4877742697353062
FeHgTeBO6,1.438846121355729
FeHgCrAlO6,1.4755904049708457
SmHgSbVO6,1.4306878845350608
SbHgTaCrO6,1.4287578249782258
MgKMnTcO6,1.4953640651054918
MnMgVAlO6,1.441817638872122
MnMgCoAuO6,1.4257315298656241
NbMgSnTiO6,1.424578317020279
NbMgTiVO6,1.4902202595550245
NbMgVAlO6,1.4736006512208466
NbMgTaAlO6,1.4997017058053084
NdMgTiBO6,1.4780276008403337
NdMgTeCuO6,1.4090452392763537
FeMgAuAlO6,1.4084865763294303
SbMgTaCoO6,1.432802760559823
TaMgMoAsO6,1.4679604482201731
MnKWSiO6,1.4405792706240008
MnKVSiO6,1.4334157085196633
EuKSmCoO6,1.450546840208176
EuKSmTcO6,1.480505900959308
EuKSmTaO6,1.457263248662694
EuKSmMoO6,1.4307846779589422
EuKZrVO6,1.4153280536634356
EuKCeSeO6,1.4982723126948645
EuKCrTiO6,1.4906040476781568
EuKTbCrO6,1.414136936377762
ErKTaSiO6,1.4911272514110485
ErKMoAlO6,1.4587425950318205
NbKTaSiO6,1.4031770604136682
NbKCrSeO6,1.4209155342775157
NbKCrAlO6,1.4483493566670231
NbKTaCuO6,1.4871071166752243
NbKIrAsO6,1.4877550670392163
NdKFeTeO6,1.438569701684655
NdKSmSiO6,1.4338916551314413
NdKSmVO6,1.4079502719171721
NdKSmTiO6,1.4506917034088722
NdKVCoO6,1.4874734773636005
NdKCrAlO6,1.4586544250542206
NdKTbIrO6,1.4690602812291476
FeKCrSiO6,1.448309547881358
SrKMoTcO6,1.4065364026665177
SnKVAuO6,1.4955971200383573
SnKTiCuO6,1.4774352387082603
SmKVCoO6,1.4675775723922957
SmKMoVO6,1.4545968115100185
SmKSbCrO6,1.433031180416211
SmKTbSbO6,1.4530685711268223
SmKSbAuO6,1.4965904168361113
SmKCrCoO6,1.4264982407759907
SmKCrCoO6,1.4594805836441462
SmKCeTmO6,1.4938997391577724
SmKTaCuO6,1.4400099508459285
SmKInTaO6,1.4149673486965755
SmKMoAsO6,1.4466090555724394
ScKSbTiO6,1.4023311324105987
ScKTaAsO6,1.4743714275174389
SbKTaMoO6,1.4448426643978796
TmKTaAlO6,1.4864921398409785
LaKMoAsO6,1.4697288644239115
TlKMoAlO6,1.4490043808367536
LuKMoTiO6,1.4793880918195468
LuKTbTeO6,1.4168384888185133
TiKTeIrO6,1.425331132188753
MnEuVAuO6,1.4712148726362726
MnEuTiAlO6,1.4844357241918222
MnNaFeTiO6,1.4510492883455337
MnNbVCuO6,1.4639241985574376
MnNbCrTiO6,1.44315331762518
FeMnTiVO6,1.4977604594504454
MnSrTiAsO6,1.47992876463297
SnMnTiCoO6,1.4499959306116184
MnCsCrCuO6,1.4265194308864886
WNaVIrO6,1.4373942905997716
NiZnVAlO6,1.4182539796793767
VZnAuAsO6,1.4540171504130865
NbEuFeTiO6,1.4833358782226373
NbEuTaCoO6,1.4946941080879477
NbEuCrTiO6,1.4038030949902627
NbEuTaTiO6,1.4350655315949943
NdEuZrVO6,1.4163838515589309
FeEuCrBO6,1.4674962500876703
FeEuTiAlO6,1.4205958354150603
SnEuTaAsO6,1.4050820763878324
SmEuDyCoO6,1.437688656852738
SmEuCaCuO6,1.437039404004923
SmEuCeCrO6,1.4737910743686564
SmEuCeCuO6,1.4386743881102282
SmEuCeTiO6,1.4718185514845386
SmEuCeYO6,1.4130490316779865
SmEuCeAsO6,1.4986506525356245
SmEuTmTiO6,1.4345324296261488
SmEuTbCrO6,1.442020294164877
SmEuDyCrO6,1.453739063850222
SmEuDyCuO6,1.436868724106128
SmEuTaTiO6,1.4705921045813504
CeEuTbAlO6,1.4901943102620612
YbEuMoAsO6,1.4154541049068583
NbErTaCuO6,1.4809191079704038
ErSmVAlO6,1.4904069525414343
NbNaTeVO6,1.4205232075373266
NbNaVAuO6,1.447097268195489
NbNaSbTaO6,1.4484482678381942
NbNaSbIrO6,1.4404868798083426
NbNaSbMoO6,1.4678545033408648
NbNaTiCoO6,1.4077277031860436
NdNaTbTiO6,1.4864493291730265
NdNaTbTeO6,1.4430410783603973
SnNaSbVO6,1.4724669992835484
SnNaTaCoO6,1.4019794728478052
SnNaTaCoO6,1.4367542769394328
SnNaMoAlO6,1.490021663175618
SmNaTbVO6,1.4544511541140024
SmNaTaVO6,1.439655693212662
SmNaZrTaO6,1.4395909920063605
SmNaZrTaO6,1.4108777859604495
SmNaInTaO6,1.4639546541427226
SmNaMoAlO6,1.4113277690338455
ScNaTaCrO6,1.4847876781369587
ScNaTeTcO6,1.4427064713636
TmNaTeIrO6,1.4388924036371606
TmNaZrTaO6,1.4662929497460915
LaNaZrTaO6,1.4417807698679193
TbNaTaAsO6,1.484696152333649
YNaMoAlO6,1.4272004844855253
NbNdFeAuO6,1.4605916593197743
NbNdTeAuO6,1.4726607653450858
NbSrTaIrO6,1.4987866270213164
NbTmCrAuO6,1.4297420383838384
NbCsCrAlO6,1.440684269319411
FeNdVAlO6,1.4566891804565123
FeNdTeAuO6,1.4838137102056668
NdSrSmTaO6,1.4371859590339107
SnNdVCoO6,1.4108346190404175
SnNdVIrO6,1.45681030435185
SmNdYbVO6,1.4726689688334147
SmNdCeCuO6,1.4117745734751828
SmNdTmCrO6,1.490456842680949
SmNdDyCrO6,1.4484391624058048
SbNdTaCoO6,1.4226718588702925
CeNdTmAuO6,1.4012486091172205
TmNdTaCrO6,1.4771735131938581
TmNdTbTaO6,1.4014288070331211
TmNdTbAsO6,1.4579403000455649
TmNdTbAuO6,1.4062687933629419
NdCsTbIrO6,1.4270667599332216
CrNdTiAsO6,1.4256388820804882
NdTlZrMoO6,1.4594126632622038
LuNdMoAlO6,1.4496718748418658
TbNdDyAgO6,1.4352776878790394
FeSrVIrO6,1.4279891779050125
FeSmVAlO6,1.4048501246073197
SmFeCrCoO6,1.4988509789110211
FeCdTiAlO6,1.4480904625341577
FeCsTcAlO6,1.467013544329064
FeCsIrAlO6,1.4859416917784578
CrFeTiAlO6,1.4987985393698424
FeLiTcAlO6,1.4261806594399733
SmSrSbVO6,1.4041132547609139
SmSrTeVO6,1.403441975677187
SmSrTaVO6,1.4788419188105941
SmSrScAgO6,1.478444334090585
SmSrLuCoO6,1.4324209805974601
SmSrTaCuO6,1.477140428303059
SmSrTaTiO6,1.4332782339808965
SmSrYIrO6,1.4810090829779785
CeSrYYbO6,1.4832531967363805
TmSrZrCrO6,1.4353705433665969
TmSrTeIrO6,1.4142319012578495
TmSrZrInO6,1.4318380966612911
LaSrZrInO6,1.4170339094798259
TiSrTeIrO6,1.4832539747794011
TiSrIrAsO6,1.4197686503098002
TiSrAuAsO6,1.4715600497127044
TaSrIrAuO6,1.4826417745577007
TaSrAuAsO6,1.495844719105393
SnScSbCoO6,1.442294205854928
SnTmTaAsO6,1.4733410764098063
CeSmTbCdO6,1.444443783938793
CeSmDyCrO6,1.453221095996313
CeSmTbAgO6,1.4860200318023153
SmCsCrTcO6,1.4082949183834665
SmCsLuAsO6,1.4070025125684151
SmCsTaAsO6,1.407693902216835
SmLaYAgO6,1.4770546804130427
SmTlTbAlO6,1.4827524719996832
SmTlDyAsO6,1.4109545856686683
SmTlIrAlO6,1.4744003784896962
LuSmTiAlO6,1.4101490522085354
LuSmTeAuO6,1.4492598524766895
VLiTcAsO6,1.4723523297202705
ScTlTiTeO6,1.4214033366576064
ScTlTaAsO6,1.4223962182526335
SbCdTiAlO6,1.486362437857505
SbTmCrCuO6,1.4402708744468784
CoCsIrAlO6,1.4980339236732179
CoLiIrAsO6,1.4906183520822547
TmCaTbMoO6,1.4390049776346714
CrCaTiCuO6,1.4904829805403255
CuCaIrAsO6,1.466913749985663
TlCaMoAsO6,1.490818973822684
LuCaTiAlO6,1.4636200549590261
TbCaDyAuO6,1.4230539086475413
TlTmTbTiO6,1.4569854463884977
TmTlTaMoO6,1.4027540330043973
LuTmZrTaO6,1.4073685925856865
LaCsMoTiO6,1.4086687706915053
LuCsZrTcO6,1.4952149512441124
TbCsTaAsO6,1.4148360972961858
TcCsIrAlO6,1.4416617014696669
CrAgIrAsO6,1.4982112255756632
TiTlTeIrO6,1.4015128819837435
TiTlTeIrO6,1.4020396304642875
TeTlTcAsO6,1.4300604492896958
YbTlIrAlO6,1.4042546977432542
TcTiIrAlO6,1.4188679688569543
TeRuAsBeO6,1.4269365585195593
RePdRhAuO6,1.4457195577722683
ReFeWCuO6,1.4223093654300438
ReCaWCuO6,1.497743570147363
ReSbVCoO6,1.4624303044493112
BaRbRhVO6,1.4341797692638274
BiRbTiRhO6,1.4060566101498013
GdRbTeRhO6,1.4210840214665006
GdRbRhAsO6,1.4458216268694246
PrRbMnRhO6,1.493603894634067
PtRbRhVO6,1.4334607591106747
PtRbRhCoO6,1.4127391953482276
PdRbRhSiO6,1.4858413067256049
PdRbRhSeO6,1.429171387995678
MnRbRhSiO6,1.455536651905626
WRbRhNiO6,1.4581905866493778
EuRbNbRhO6,1.4083520949588617
EuRbCrRhO6,1.482335366816326
NiRbRhSiO6,1.4252886963073186
NbRbRhAuO6,1.4578251133023343
NdRbCrRhO6,1.4080412079874136
NdRbTbRhO6,1.4277780467563128
SnRbRhVO6,1.4032032437264483
CdRbTaRhO6,1.4880079703641664
TmRbCrRhO6,1.4333931670311233
CrRbRhAuO6,1.445035388271671
BiRbMnBeO6,1.4745267271397136
BiRbTaBeO6,1.4640537578475346
PtRbSiBeO6,1.475044297615067
SmRbTaBeO6,1.4154810976084544
TcRbIrBeO6,1.44800147826333
PbRbBiCoO6,1.490695886109623
PbRbBiCrO6,1.4931242655718377
NdRbBiMoO6,1.4680512748060368
SmRbBiCdO6,1.449110191564403
CaRbBiTeO6,1.4098357556107295
YbRbBiZrO6,1.4205556521016784
DyRbBiAgO6,1.4825094490878772
DyRbBiMoO6,1.4938452362867716
PbRbVOsO6,1.4294770664468943
PdRbOsAlO6,1.4084173436682876
NdRbZrOsO6,1.451244857040238
ScRbOsAsO6,1.4383772003350863
TmRbTbOsO6,1.4777205875111252
TiRbOsAlO6,1.4937138977169193
PrRbNbGeO6,1.4784052606707534
MnRbFeGeO6,1.4873042796413583
NdRbFeGeO6,1.4426098167368249
SmRbMoGeO6,1.4401984736163218
EuRbSmGdO6,1.4607782455719684
SmRbGdAlO6,1.4283347806244475
HoRbAuGaO6,1.4369247090124369
NbRbTiGaO6,1.424210316820295
NdRbTaGaO6,1.4250249103051325
FeRbCrGaO6,1.4367324003233117
ZrRbMoGaO6,1.4959039441619804
PmRbPrTiO6,1.4886314260919593
NdRbPrVO6,1.4317119267594154
SmRbPrIrO6,1.4556469269248646
LaRbPrZrO6,1.4132145538397978
HfRbMnPtO6,1.44358884497803
MnRbPtAlO6,1.486157386508551
EuRbPtAsO6,1.4645966883547976
NdRbPtSeO6,1.4130537967997057
SnRbSbPtO6,1.4165830942466773
SnRbPtAsO6,1.4632230731119515
LaRbTbPtO6,1.4077555335559588
SmRbCePbO6,1.4056265086343085
HoRbNbPdO6,1.4586649085717038
HoRbNbPdO6,1.4657326497798777
FeRbPdSiO6,1.4156621998779477
SmRbPdSeO6,1.4335546272960495
LuRbTaPdO6,1.4112874217251192
TaRbPdAsO6,1.4095049247644162
SmRbPmAlO6,1.4289942223371126
ErRbHfTaO6,1.4241365991165358
SmRbCeMgO6,1.4031965601165413
NdRbMnCrO6,1.473192572395663
NdRbMnTiO6,1.4252431486523158
SmRbMnCrO6,1.4812135067195018
TmRbMnTiO6,1.4031141795645021
CrRbMnTiO6,1.4781343062281007
NiRbWBO6,1.4709977201329696
NiRbWCoO6,1.4226734081243464
NdRbWSeO6,1.433496974820019
TiRbWAsO6,1.4355512229198326
TcRbWAsO6,1.4120098839432127
FeRbCrNiO6,1.4667033493232704
SmRbTiNiO6,1.482912372244325
SmRbNbAsO6,1.4310203862158304
SbRbNbCuO6,1.40498674310875
TaRbNbAlO6,1.4952919529537614
CrRbFeTiO6,1.476757897335951
TiRbFeAsO6,1.4373182349190985
SmRbTiBO6,1.401213923080669
SbRbTiBO6,1.4940001284411313
LaRbTaBO6,1.4691212273483598
SbRbCoSiO6,1.4833622734153036
TmRbZrSiO6,1.4198003587733354
LaRbTcSiO6,1.403295677943497
AgRbAuSiO6,1.4690521232138227
AgRbMoSiO6,1.4398049421816181
TaRbSnMoO6,1.4775579217607664
CeRbSmTmO6,1.471205081282536
LaRbSmTiO6,1.4370271328812025
TmRbVTcO6,1.471010778687278
TaRbSbAuO6,1.4008220508232012
LaRbTaCrO6,1.4523362338575125
DyRbMoTeO6,1.4634843724358886
BiRhGeBeO6,1.450760721154455
BiRhNiBeO6,1.452152896349211
OsRhAsBeO6,1.4718150012428104
HfRhAuBeO6,1.4268121847637207
NiRhAuBeO6,1.4807223310075357
CoRhAuBeO6,1.4409244025031709
TiRhAuBeO6,1.4828574638320076
RhPdPtZnO6,1.493000373430196
RhTmPtAsO6,1.4327826651897047
RhCsPtAsO6,1.448522518571577
RhErWCuO6,1.491452155718046
RhNaWCuO6,1.4812039316248593
RhFeWCoO6,1.4692689578759812
RhCrWCuO6,1.4898523216136155
RhFeZnAuO6,1.4750251061465556
RhFeNiVO6,1.4514056901811845
RhYNiAuO6,1.4062614804690474
RhTmVIrO6,1.4849990275699279
RhYbVAlO6,1.4747933936131765
RhTlCoAlO6,1.4267586272288841
PrBaHoBiO6,1.4252066187263726
PrBaErBiO6,1.4124166519015773
PrBaNdBiO6,1.4086668685612953
TbBaBiAgO6,1.4558392819676518
PrBaHfGeO6,1.435934256370161
PtBaNiGeO6,1.429595896444472
PtBaVGeO6,1.4284956426299678
SnBaTcGeO6,1.4175409105290488
PrBaSmGdO6,1.4032145648814849
PbBaGdPdO6,1.4171876378421693
MnBaVGaO6,1.4811250927802593
MnBaTcGaO6,1.4857975332311966
SmBaPrCuO6,1.4173681880715658
SmBaPrAuO6,1.4301965032712503
PbBaPtVO6,1.4975648014608494
MnBaPtAsO6,1.4845072847028233
TlBaTaPdO6,1.440978237060694
SmBaPmVO6,1.4915926600357976
SmBaHfAsO6,1.4721667553803726
ScBaHfTaO6,1.464362363389196
SmBaTbMnO6,1.4550121955519753
SbBaMnTiO6,1.4960737228446146
NiBaWVO6,1.4338952635475586
FeBaWBO6,1.4982003088056532
LaBaTaZnO6,1.4639542356669224
TlBaMoZnO6,1.4898063050708585
LuBaMoZnO6,1.4582677097327583
SmBaErCoO6,1.4757772329020478
SmBaErAgO6,1.4428696313869678
SmBaCeNiO6,1.4091348618552182
NdBaCeNbO6,1.4263272718153177
SmBaInNbO6,1.4291107771867753
AgBaZrNbO6,1.4923547523628975
CrBaFeTiO6,1.4371991880999433
CrBaFeTiO6,1.4208201027881526
SnBaCrBO6,1.483435343543192
SmBaTiBO6,1.4400701302437882
TlBaTbBO6,1.4111161552691163
BaCsSmCrO6,1.4437871140656822
AgBaVAlO6,1.4728351560325066
TbBaSbTaO6,1.4023585116612787
TbBaDyCoO6,1.4417110745331119
LaBaCeLuO6,1.4237408622956473
TbBaTeAuO6,1.408343761832192
DyBaTbAgO6,1.4434665779605051
BiSrOsAsO6,1.4761054987366677
SbBiCrGeO6,1.493609795885817
PdBiCrPtO6,1.435188844537612
BiHoPtZnO6,1.4496951135747713
BiKPdVO6,1.4279211656965132
NbBiTaPdO6,1.4834518599284785
BiTmHfLiO6,1.4237434157147135
BiEuHgCuO6,1.413506840588566
SmBiAgHgO6,1.458764783785905
BiEuMgVO6,1.4898047923568756
BiCaMnAsO6,1.4820401208358
BiTmMnTiO6,1.4209464950138184
BiTbZnAuO6,1.4183704980955225
BiCaNiAuO6,1.4067073278306685
BiTmNbCuO6,1.462122106240327
BiCsNbCuO6,1.4495041150097132
BiSrFeAsO6,1.4031415740595272
CrBiVAuO6,1.4263785508303977
TiBiVAuO6,1.4255530562849714
BiTbScAgO6,1.4002429138324815
BiCsSbLiO6,1.4488380949477107
BiCaCoAuO6,1.459890755911502
CrBiCoAuO6,1.4874740248379734
TbBiZrCuO6,1.419070279640219
BiYbTeIrO6,1.4072103440725168
GdKPtAlO6,1.4015754706727088
GdKPdTeO6,1.4291069899978117
CeGdDyHgO6,1.470787529379925
TbGdAgHgO6,1.4319168971191512
SmGdAgMgO6,1.4627623340113878
SmGdCdMnO6,1.4973756007304093
SmGdTmFeO6,1.4842208238015502
TbGdTaFeO6,1.400000763974547
TbGdDyFeO6,1.4425745109399646
TbGdYbCrO6,1.4697232147265347
TbGdDyCrO6,1.4650295533026751
MnPrPtCuO6,1.4014002223283426
SmPrPbVO6,1.44731277462089
PrKPdAlO6,1.4611571926593943
MnPrPdCuO6,1.4777070809352904
NbPrPdCoO6,1.4544223219168761
SmPrPmCrO6,1.4361065490335185
PrKHfCrO6,1.4454065206448579
PrCsHfTaO6,1.497605872829421
PrCsHfIrO6,1.4977031179203393
TbPrYbHgO6,1.475023823966222
TbPrWAuO6,1.4082328457407838
NbPrCrZnO6,1.4604096036307535
SmPrSbZnO6,1.4087996934479903
SmPrEuVO6,1.4934593962422196
SmPrEuAgO6,1.4124643450606
SmPrTmNiO6,1.4176218081752374
SmPrTmFeO6,1.413153355671309
CrPrFeTiO6,1.4826446478498267
PrCsSmAlO6,1.4426037390927835
PrTlSmMoO6,1.4228732528807173
PrLaCoAuO6,1.4932224609278308
PrCsCeYbO6,1.4431333873351024
PrCsCeDyO6,1.4396894556336615
TbPrYbCdO6,1.444779575235497
TaPrCuAuO6,1.4498264434239485
TbPrYbTiO6,1.4545762242873053
NiPtWVO6,1.4515817331230152
PtAgWAsO6,1.490464122995358
PtErZnCoO6,1.4276455195574833
PtSmZnCuO6,1.4064082343925532
PtCrVCuO6,1.4471056261129838
PtCaCoAuO6,1.4644250087773407
TcPtCoAuO6,1.4256452124577126
PbPmPdCuO6,1.472986099031168
HfPbSbPdO6,1.4735095877267481
ErPbZrPdO6,1.4442991600236046
NbPbPdFeO6,1.4721916332632536
PbSrPdAlO6,1.4667554157570237
SnPbPdAlO6,1.4438393211391385
SnPbMoPdO6,1.4297024745178293
SmPbTmPdO6,1.458173000574815
AgPbPdAsO6,1.4100569392246927
PbEuHoCdO6,1.4189108068301512
PbTlHoTiO6,1.4257137575253729
PbNdHfCdO6,1.4439147537821273
PbCsHfTaO6,1.4417452110565236
PbNdMnTiO6,1.4346659760412714
ScPbTaMnO6,1.4904690033494843
CrPbMnTiO6,1.4766837141839455
CrPbMnAlO6,1.4488272670959963
PbEuWVO6,1.4611170270889473
ErPbWAsO6,1.4333194473076447
PbSmWCoO6,1.4545158406313083
IrPbZnAuO6,1.4040840377776658
PbNdErCoO6,1.409767071361909
PbSrErCuO6,1.4918911936495518
PbSrNiAsO6,1.4250547192013396
SmPbLuNiO6,1.4608586669840085
PbNdNbLiO6,1.4404207319827846
TmPbNbAlO6,1.446066524689928
TbPbNbTaO6,1.4302427212243698
ScPbTaFeO6,1.4682039906969664
TmPbTaFeO6,1.47746366949098
TbPbFeAsO6,1.441143738232861
TbPbYbBO6,1.4170584372946327
TcPbIrBO6,1.4812792851529188
ScPbSnTaO6,1.484512281189171
InPbSnMoO6,1.4074801542665683
CrPbVCuO6,1.4273380345710762
TbPbVAuO6,1.4645962676954487
InPbMoVO6,1.4183286712179388
TePbCrAlO6,1.4777048710405325
YPbCrAlO6,1.4015146479585605
TbPbZrCuO6,1.4780088693814841
YbPbTbInO6,1.4402553499070379
PdEuMnTiO6,1.4930530978670022
FePdMnTiO6,1.4687100047388968
CrPdMnTiO6,1.446156654598145
NiPdWCuO6,1.414094392078221
PdNaWVO6,1.4544539077539214
PdSrWVO6,1.4225215008251817
ScPdTiWO6,1.4862831526582665
CoPdWCuO6,1.4674253887070956
PdCsWCuO6,1.4321010865445358
CrPdWCuO6,1.4478749502339503
PdLiWAsO6,1.4090552734613464
TlPdTiWO6,1.4221271664477106
TiPdWAsO6,1.4119423846954196
SmPdCrZnO6,1.435857993519062
FePdTiNiO6,1.4538654960609414
PdSbNiCoO6,1.480473392558297
PdAgNiAuO6,1.462913766543434
PdSrFeTiO6,1.4498996212477158
PdLuFeTiO6,1.4382559519506548
TiPdFeAuO6,1.483912604779175
SmPdTiBO6,1.4837016223690367
TlPdTiVO6,1.4075304375748465
PdLiCrAlO6,1.4166986855862005
PdAgTiAlO6,1.479615768448465
TbPmHoAgO6,1.4011061243730771
PmKHfVO6,1.4778190469777917
PmCsHfTaO6,1.4085225203927323
SmPmCdHgO6,1.4664887112674287
SmPmHgCuO6,1.4916339160411434
SmPmMgVO6,1.4796848245985994
SmPmMgCuO6,1.4967447037117851
SmPmInMgO6,1.4714557461511444
CePmYMnO6,1.47531267999968
PmCsWAlO6,1.4718979792136087
SmPmDyZnO6,1.4314457260132325
CrPmTiZnO6,1.40816866143366
SmPmDyNiO6,1.494811535714748
PmTlNbIrO6,1.4520169272865742
SnPmFeTiO6,1.4399890564963558
IrPmCoAuO6,1.4235969080940083
PmTlCeMoO6,1.477316228966076
TbPmZrLiO6,1.4739325606090783
CeHoLuMnO6,1.4560145243207134
HoEuWBO6,1.470148249263102
SmHoDyZnO6,1.4693055098709271
VHoZnCoO6,1.4884916973986015
HoCsNbIrO6,1.4659676137980358
CrHoFeTiO6,1.4124046303107567
HoCsSnTcO6,1.498163059336202
IrHoCoAuO6,1.4921673430846216
TaHoMoCrO6,1.4772393992816
HfSrMnAuO6,1.421356315659155
HfCsMnTiO6,1.4627908102361968
HfDyMnAuO6,1.4510500249348408
HfNaWAsO6,1.4558224112561649
HfNdNbAlO6,1.4466292395277647
HfNdNbAsO6,1.4913051134602116
HfLaNbLiO6,1.4485993467849148
HfTlSnTaO6,1.4512589174792039
HfDyVAlO6,1.4148340159027737
HfDySbAuO6,1.413581952971299
HfYbCoAuO6,1.448075093047425
HfAgCrAuO6,1.4324156285794103
NbHgMnCrO6,1.4446423225677856
NbHgTaMnO6,1.4718234997555233
FeHgMnBO6,1.4046634801327131
CrHgMnTiO6,1.4785888728694205
ZnHgWNiO6,1.4136322087670972
VHgWAsO6,1.4715095720073326
ErHgTaZnO6,1.4796005032250006
NbHgTaZnO6,1.4602035225886745
SbHgTeZnO6,1.4823246717156287
TaHgMoZnO6,1.4951765140168625
SmHgTaFeO6,1.4986107244643854
CrHgFeTiO6,1.4537115804550997
TbHgTaFeO6,1.4074335183754134
TmHgCrBO6,1.4583504501054745
FeMgWCoO6,1.4620003348990707
CrMgNiAuO6,1.431315683628953
TaMgVAlO6,1.4414231880858237
TaMgVAlO6,1.4448251756730464
TaMgMoVO6,1.4731933492702465
LaMgTaCrO6,1.4192235630140024
TeMgTiAlO6,1.4874474302421312
EuKMnVO6,1.468285819183216
NdKMnCrO6,1.435537972765942
NdKMnTiO6,1.451064532770153
NdKMnTeO6,1.4815464229426547
FeKMnSeO6,1.4004142585021984
LaKMnTiO6,1.422295355199364
EuKSmWO6,1.471497265031239
EuKTaWO6,1.4154609282666721
NiKWCuO6,1.4439889673776376
NbKWCoO6,1.4136923083563502
NdKTaWO6,1.4494358200562467
NdKWAsO6,1.4842662520272591
NdKZrWO6,1.4086653723049425
FeKWVO6,1.4629963129317625
SmKWSeO6,1.4847402384220632
SmKCrZnO6,1.4215692644928293
NbKCrNiO6,1.4591163898816315
SmKNbAuO6,1.473794798080223
YbKNbAsO6,1.447437877114573
CrKFeTiO6,1.462964118397066
CdKTcSiO6,1.4227706798374615
LaKZrSnO6,1.4487144287504479
TmKTeVO6,1.4879955627484112
YbKVAsO6,1.4670081585849468
CaKSbCrO6,1.4075667940817984
TbKIrSeO6,1.4105703003100274
AgKMoSeO6,1.446536792386824
CrKCoAsO6,1.461980796601934
TlKCeTiO6,1.4409919972629088
LaKZrCrO6,1.4339362591690308
TeKCrAlO6,1.4446043477848571
TbKTaCrO6,1.4573298191364799
TbKCrAlO6,1.4607522227802343
TaKCrAuO6,1.4562870571085713
YbKCrAlO6,1.4876424991304393
DyKTcAsO6,1.4310296644319571
MnSnZnAuO6,1.4418788969831056
MnSmZnCuO6,1.432128721445802
CrMnTiZnO6,1.4127465677282767
SmMnTiNiO6,1.4898247888025709
SmMnTiNiO6,1.42824420357244
MnSmNiAuO6,1.4700340511586905
CrMnTiNiO6,1.4342667464851475
CrMnNiAuO6,1.4514875715003024
MnCaVCuO6,1.4264577517816677
CrMnVCuO6,1.4938989734801795
TiMnTeVO6,1.4474526550885403
MnLuCoAuO6,1.4534408304619864
MnLiCrAsO6,1.4141153345314263
IrMnCuAuO6,1.4615196670539894
MnAgTeIrO6,1.4458519652260593
WTmNiAuO6,1.4070365522571964
WCsVCuO6,1.404293521002434
WCsVCuO6,1.4923935631282716
WCrVAuO6,1.462096733315449
TeZnAuBO6,1.4249577927350525
TaZnAuBO6,1.419852714965054
SnEuTaNiO6,1.4102359386905574
EuSrNbTaO6,1.409097390420163
SmEuYbNbO6,1.4633886902326003
TbEuZrNbO6,1.4933895135085162
SmEuNdAgO6,1.4683110184091488
SmEuTmFeO6,1.4006139485384428
TbEuZrFeO6,1.479698860275009
EuTlSnTiO6,1.4317947139691976
EuTlSmAuO6,1.410245052710568
EuTlSmZrO6,1.4821773820549442
SbEuTiVO6,1.464219165317036
EuCsVAlO6,1.4630627046514277
CrEuTiVO6,1.4938695058361866
TbEuInVO6,1.455060930725991
TbEuYbScO6,1.461178636827405
TaEuCoAuO6,1.443690302938826
EuTlCeTbO6,1.4093505623561369
EuTlCeIrO6,1.4722671128600837
TaEuCrAlO6,1.4569143367034487
YbEuZrCrO6,1.4332736044782104
AgEuCrAlO6,1.4203871040631237
TbEuYbCuO6,1.4504053955752183
YEuTiAlO6,1.4740867643556195
TaEuTeAuO6,1.4357787649196103
TaErFeAuO6,1.400816822525815
ErCsVAuO6,1.4021893295500032
TaErMoVO6,1.4887150673810796
TaErCrAuO6,1.4804314972782497
NiCrVCuO6,1.4768499712348842
NiAgVAlO6,1.4743368324555526
TmNaZrNbO6,1.4870194514697441
TaNaMoFeO6,1.437961157472576
SmNaTbSnO6,1.4493742926858124
TaNaSnMoO6,1.4318057751785451
CrNaTeVO6,1.4964583699119387
LaNaTeVO6,1.4026606101572214
LuNaTeVO6,1.4513183023486023
ZrNaMoVO6,1.488491597114127
LuNaTcSeO6,1.4083618032696328
TmNaTaCoO6,1.498739883976757
LuNaCrTeO6,1.4575657350562534
DyNaZrCrO6,1.4801267764689094
YNaCrAlO6,1.4701274432791707
NbTmFeTiO6,1.4236304883984594
NbCaSnTaO6,1.4754761915020838
NbTlSnMoO6,1.4054838448456581
SbNbVCuO6,1.413595806843814
NbCeVCuO6,1.4167988740994253
NbTlVAuO6,1.4134938129936065
NbYbVAuO6,1.4951591907080797
NbCsSbIrO6,1.4613182937210343
NbAgSbAuO6,1.4153142020544887
NbAgCrAsO6,1.4931974381057098
SbNdTaFeO6,1.4439662530910096
TmNdCrBO6,1.4109939254054142
CeNdSnTaO6,1.4566954362848417
CeNdSmTmO6,1.4233087114737992
NdCsSmCrO6,1.493717945353582
NdCsSmTcO6,1.474930017940952
NdCsSmZrO6,1.4239333378641015
NdCsVIrO6,1.4935392926279751
AgNdZrCoO6,1.4981048859994068
TlNdTbCrO6,1.4030429945303695
TbNdCrAlO6,1.466109203530873
TlNdTaCuO6,1.4814636796802416
InNdMoTiO6,1.430945608568616
YbNdTbMoO6,1.4609162469159978
DyNdTbAgO6,1.492932838008208
ScFeTiVO6,1.4969750057499365
SbFeTiVO6,1.4198323891872966
CoFeVAlO6,1.415983294504598
CrFeTeVO6,1.4937459014929182
TcFeCoAuO6,1.4563650952559373
SrCsSmTbO6,1.451296784502094
LaSrSmTiO6,1.4371095519212433
LaSrSmDyO6,1.4169044449025052
TlSrSmAuO6,1.4756973001719467
TlSrVAsO6,1.4699083737391756
DySrVAlO6,1.4143799488870084
TbSrSbAuO6,1.4143248775471609
YbSrCoAlO6,1.4642521502187995
LaSrCeTaO6,1.4222848539301765
DySrCrAlO6,1.49241800046664
AgSrCrAlO6,1.4030319887306546
DySrTbIrO6,1.440565571544731
YSrTbAuO6,1.4209676883168705
SnTmVIrO6,1.4605630201671183
IrSnVAuO6,1.4678736774677625
SnTlCrAsO6,1.4076731877038675
SmCsVAuO6,1.4856329654579292
TlSmTaVO6,1.4434263127908886
TiSmVAlO6,1.440230688971348
YbSmZrVO6,1.427147720478759
TbSmScAlO6,1.4645097237289646
SmCsSbTiO6,1.4393842495224551
SmCsSbMoO6,1.4652726934676181
TaSmSbAuO6,1.487030886517596
CeSmTmCoO6,1.4799591564637726
SmLaCaTiO6,1.4238277427006831
SmCsCeTiO6,1.4330159152974202
SmCsCeTbO6,1.4450605021390577
TbSmYbCdO6,1.4043284008180694
TbSmDyCrO6,1.4525651637460635
IrScCoAuO6,1.4393905806970035
TbScZrCuO6,1.4796269365401833
SbTlCoAuO6,1.4905680730751916
LaCaTaCrO6,1.412374782753852
TbCaDyCrO6,1.493346485379869
TbCaMoTiO6,1.4384867308381815
TaCaTiAsO6,1.4848338288411302
TbCaTeAuO6,1.4529718000544833
YCaTbMoO6,1.4703824045654064
TbCeZrLiO6,1.417716964570376
ZrCeInTiO6,1.4013895205879239
LuCdTaCrO6,1.457832284160912
TbCdTaCrO6,1.454787752480208
TbTmCrAlO6,1.4983322112556168
TbTmTaTiO6,1.4161221329569724
InTmZrMoO6,1.4856612806017553
TiCsCrAsO6,1.425123581825664
YCsZrTcO6,1.4668407566209114
CrDyTeAuO6,1.4154049941498317
TbLaInTiO6,1.4653963863939228
ZrLaMoTiO6,1.4113262665014785
TaLiTiAlO6,1.4420889804141868
TaLiTeAuO6,1.4976154828593216
YbTlTbMoO6,1.4948692522248064
TaTlTcAlO6,1.4171121105919064
SnKReRuO6,1.4009312416031081
SmBaRuBeO6,1.4182891126994523
GaTiRuBeO6,1.4205245554454071
TcPdRuBeO6,1.4099144974564681
NbKRuBeO6,1.4276748257410496
WDyRuBeO6,1.4430463187670681
YbEuRuBeO6,1.4823039353771692
VNbRuBeO6,1.4344159754835097
FeSrRuBeO6,1.4748416661587689
TiFeRuBeO6,1.4271795219500576
VSrRuBeO6,1.42168002419065
ScSrRuBeO6,1.4098238037883684
CuSrRuBeO6,1.4338805222443836
SnTlRuBeO6,1.4710127805042559
SbTmRuBeO6,1.497008353407763
CrSbRuBeO6,1.4322843334571431
TiSbRuBeO6,1.4763500275790227
TbCaRuBeO6,1.4327480501868533
CrCdRuBeO6,1.415437205290298
MoTmRuBeO6,1.4968567416113985
IrCsRuBeO6,1.4036157454244889
TaLiRuBeO6,1.4989959630941252
TiAgRuBeO6,1.4247468363030509
TcDyRuBeO6,1.435132509143996
LuKBiRuO6,1.425228862653273
YEuHfRuO6,1.4874493361229661
YDyHfRuO6,1.4325917619626254
TiEuMnRuO6,1.4054970630977124
TeEuMnRuO6,1.4087926218191835
MoCsMnRuO6,1.4642476614462572
YbNdNbRuO6,1.4784968249626955
TbSrNbRuO6,1.4656476655182815
YbSrNbRuO6,1.423142117642656
ZrTmNbRuO6,1.4834582934672509
TaTlNbRuO6,1.4959604640612247
YbTlNbRuO6,1.4851692099880103
CuPbReRhO6,1.4125713217220044
PdLiReRhO6,1.4635920850992856
PdTlReRhO6,1.4937305796091573
AgKReRhO6,1.4119695472765201
NbAgReRhO6,1.497073016389624
SnCsReRhO6,1.4304530625014031
AuVReRhO6,1.4322013917128058
SbAgReRhO6,1.45137896282631
CuTmReRhO6,1.4402736219643715
IrCsReRhO6,1.4401444256787053
PtPdReBeO6,1.4685860909872521
PtCaReBeO6,1.4372168403096448
TcPdReBeO6,1.4775037332559746
VHgReBeO6,1.459006980580626
TaMgReBeO6,1.4002955369328702
CoKReBeO6,1.4400707710185776
FeMnReBeO6,1.4186330719171891
WCrReBeO6,1.4446225931728944
YbEuReBeO6,1.4431180672965553
NbNaReBeO6,1.4900757997872538
MoNaReBeO6,1.4593897250074794
CuNdReBeO6,1.4714886660894275
CoFeReBeO6,1.4785108275905652
YbSrReBeO6,1.4480734276356932
TcSmReBeO6,1.462110883385317
CoCaReBeO6,1.4949819021230435
TbCaReBeO6,1.4136393862776528
TcLiReBeO6,1.4082024528334953
IrLiReBeO6,1.4623434254766623
TaAgReBeO6,1.4312394373443063
ZrAgReBeO6,1.4603504212305267
NiPbReGeO6,1.4556821589565538
InPbReGeO6,1.4409874455903846
TiPdReGeO6,1.444854361940649
SmKReGeO6,1.4781099626058685
FeMnReGeO6,1.4680764987405752
MnCaReGeO6,1.4474406977893026
MnCsReGeO6,1.483371618788643
MnDyReGeO6,1.444379624344754
IrZnReGeO6,1.4874374290844476
TiSrReGeO6,1.4077342504599386
SnAgReGeO6,1.4804724477184221
VLiReGeO6,1.407932644374029
CuAgReGeO6,1.4028146547097438
TiLiReGeO6,1.445840659302292
IrLiReGeO6,1.4080099332615046
PrCsReGaO6,1.4127559718642646
PbCsReGaO6,1.4077520173895335
DyPbReGaO6,1.463629172101018
MnDyReGaO6,1.433573795877684
AuMnReGaO6,1.4538003044678902
ScNaReGaO6,1.4026798089775394
InNdReGaO6,1.435837147780261
FeSrReGaO6,1.491283616048487
TiSrReGaO6,1.4050499795267735
TaSrReGaO6,1.499812584472074
TaNaMnReO6,1.472998489474585
CrEuReZnO6,1.4124806301644306
TcNiReZnO6,1.4135529932796138
ZrNdReZnO6,1.4760729761317823
MoCdReZnO6,1.484757513358917
TaCsReZnO6,1.4051196318842316
TcCuReZnO6,1.4909313907926875
TcLiReZnO6,1.4316838082556016
VLiReNiO6,1.425955066163343
MoCsReNiO6,1.4043881544338284
CrYbReNiO6,1.483943582677706
MoAgReNiO6,1.4236187030794358
CoAgReBO6,1.407837271434515
YbCaReBO6,1.4917349669994335
TeLiReBO6,1.4959188833739485
TaYbReBO6,1.421321101224925
VLiReSiO6,1.4273833195449859
DyCsReSiO6,1.435837770513264
LuLiSnReO6,1.4993632520295634
SbAgReVO6,1.4551649416652064
AuCuReVO6,1.4038439610786049
AuTiReVO6,1.468812173779579
TeAgReVO6,1.4087855436201178
AuAgReVO6,1.4790236591892347
MoAgReVO6,1.4611217163052572
TiCaReCoO6,1.428875327401821
CrTmReCoO6,1.483037250401101
AgTmReCoO6,1.4483789175599178
MoAgReCoO6,1.454974088049001
TcTiReCuO6,1.4721074296011218
IrTbReCuO6,1.4172138265176135
MoAgReCuO6,1.4575626877127477
PbPrRhBeO6,1.4149449581893663
PtCsRhBeO6,1.4720560865780579
TiPbRhBeO6,1.4849413183213784
PdKRhBeO6,1.4892052732220384
FePdRhBeO6,1.4217087486187396
IrPdRhBeO6,1.4188295025375113
MnHgRhBeO6,1.42549833240416
CuMgRhBeO6,1.4860064977710115
NiMnRhBeO6,1.4020897275136495
MnNaRhBeO6,1.4588751356834702
MnLiRhBeO6,1.4427693596135909
NiLaRhBeO6,1.4516727399741638
FeLiRhBeO6,1.4958541160758452
AuFeRhBeO6,1.4630083504079836
AuVRhBeO6,1.484912987136856
TcScRhBeO6,1.4248935071205842
MoTmRhBeO6,1.4605757214851958
CrLaRhBeO6,1.4780518634971846
TcMoRhBeO6,1.4280811115860934
TaAgRhBeO6,1.4966680532196153
MoYbRhBeO6,1.4090705059440318
LaCsBiRhO6,1.473326121919973
WKRhGeO6,1.4673458370111923
MoKRhGeO6,1.471023459142916
FeMnRhGeO6,1.4249555518549015
MnAgRhGeO6,1.4191225740348532
CoZnRhGeO6,1.4671578114539574
NiNaRhGeO6,1.4009235386554322
NiYbRhGeO6,1.4322551959975374
TiNaRhGeO6,1.4763834435211465
FeYbRhGeO6,1.4613854702058329
TcCoRhGeO6,1.434179054976846
AuCsRhGeO6,1.4390963633341005
TiLuRhGeO6,1.4701335420631343
TiYbRhGeO6,1.409138829414295
TcTaRhGeO6,1.428214804223807
NbPbRhGaO6,1.4289788567077222
FePbRhGaO6,1.4074202507069014
PdMgRhGaO6,1.4726412272779652
WAgRhGaO6,1.4219177107869485
AgEuRhGaO6,1.4015193064061295
VNaRhGaO6,1.477989715145159
CuNaRhGaO6,1.4909681620229152
TbNaRhGaO6,1.4877361793369561
AgNaRhGaO6,1.451188902581139
NbSrRhGaO6,1.456352476583621
SmCsRhGaO6,1.4338889167299567
MoSmRhGaO6,1.4117264888080459
ScTmRhGaO6,1.4153193909636677
LuTmRhGaO6,1.4040638615953727
MoCsRhGaO6,1.4774245368216228
CuAgRhGaO6,1.4302856818212846
IrTiRhGaO6,1.4958092815408637
ZrYbRhGaO6,1.4774191247491355
AuAgRhGaO6,1.4855424194445719
LaNaHfRhO6,1.4359321154540678
YbNdHfRhO6,1.4820494604417525
TmCaHfRhO6,1.428082294393248
YbCaHfRhO6,1.4317016104643168
DyCaHfRhO6,1.429537972313158
CaNaMnRhO6,1.4918961442941552
SmFeMnRhO6,1.4526207006624716
TeLiMnRhO6,1.4116498809925777
TaTlMnRhO6,1.43970360806403
SbTlRhWO6,1.4779022631298697
MoNaRhZnO6,1.4119653046398155
CoFeRhZnO6,1.4551382062661424
TcSmRhZnO6,1.4824259514199403
VCdRhZnO6,1.4671721063814998
SbTmRhZnO6,1.4828829552370342
CrSbRhZnO6,1.4179020282197525
CoTbRhZnO6,1.4871475403285492
CoAgRhZnO6,1.4582891937796827
CoMoRhZnO6,1.4097312200013508
SbCsRhNiO6,1.4097765752744917
LaCsRhNiO6,1.4083267604822265
TbNdNbRhO6,1.469542741143255
TlSrNbRhO6,1.4235224401379016
DySrNbRhO6,1.4793543160148235
MoTmNbRhO6,1.4514345451583262
AgCsNbRhO6,1.4842012218464968
DyTlNbRhO6,1.4873752996526959
MoTlNbRhO6,1.4233759366631737
IrCuRhBO6,1.4294655230866609
TbCsSnRhO6,1.4272274414039419
YbLiSnRhO6,1.4968785622570937
YbCaRhVO6,1.4285102144006914
LuCsRhVO6,1.402312808680352
TcCsRhVO6,1.429682769904058
CuTmRhCoO6,1.4409740204481714
TcTmRhCoO6,1.4815598957858025
AgCsRhCoO6,1.4655071416828784
AuCsRhCoO6,1.4145458040100412
AuYbRhCuO6,1.4044818106810224
SmPbBiBeO6,1.4833774399763209
YbSmBiBeO6,1.4248077824131407
NdPtOsBeO6,1.400712883097554
NbPbOsBeO6,1.466838394043268
TcPbOsBeO6,1.412168945597135
ScPdOsBeO6,1.4296098162187307
TcMnOsBeO6,1.4764638580062728
NdZnOsBeO6,1.4345525118076852
VNiOsBeO6,1.4438749784532916
InSrOsBeO6,1.4014828494405245
AgDyOsBeO6,1.4485660455463814
ZrAgOsBeO6,1.425261932327503
CoPbGeBeO6,1.436178930598512
SmPdGeBeO6,1.4007276977195113
AuKGeBeO6,1.4569845320183872
SmEuGeBeO6,1.420287176423843
TcEuGeBeO6,1.458728370649158
VNiGeBeO6,1.4378795870854377
CrSmGeBeO6,1.4931254487729853
TeCoGeBeO6,1.4594812762530183
TcPdGaBeO6,1.4734664760590317
FeErGaBeO6,1.4102007786766066
SbSrGaBeO6,1.427167293848229
TlPbPtBeO6,1.414865357848472
VPdPtBeO6,1.4814812496885823
MnHgPtBeO6,1.4747469059613034
TiHgPtBeO6,1.4547569047564906
SbKPtBeO6,1.4416913405231147
VMnPtBeO6,1.4430143807618128
TiMnPtBeO6,1.4762894491739156
DyMnPtBeO6,1.4936809941396183
NdZnPtBeO6,1.4677768290579671
SmEuPtBeO6,1.4894958973655268
CrEuPtBeO6,1.4148342999387036
NbNiPtBeO6,1.4670721827487287
TbNiPtBeO6,1.451160388585153
YbNiPtBeO6,1.4228972998541543
InNiPtBeO6,1.4126072606902285
TcNdPtBeO6,1.4516358795716293
AuNdPtBeO6,1.4278503328772845
SmFePtBeO6,1.4766227211151521
IrFePtBeO6,1.476740012344
ScSrPtBeO6,1.4338787280602687
TiSrPtBeO6,1.487161463426773
IrVPtBeO6,1.4379146244129093
MoVPtBeO6,1.4169854057087463
SbScPtBeO6,1.4899121678478706
TmCoPtBeO6,1.4713308116290587
TiCoPtBeO6,1.4225423351585502
IrCdPtBeO6,1.4327274292351064
CuTmPtBeO6,1.4515241747170142
TeCuPtBeO6,1.4356110150638681
TaCuPtBeO6,1.417617189268753
TaCuPtBeO6,1.4310053068766215
MoTlPtBeO6,1.4999219539128261
IrLuPtBeO6,1.4517314009328874
SmNaPbBeO6,1.4655566869979135
TiPmPdBeO6,1.4451920243641347
NbHoPdBeO6,1.4709454083812528
SnFePdBeO6,1.408991737788695
SbFePdBeO6,1.4658384908007316
MoCsPdBeO6,1.4397811753559402
TaTlPdBeO6,1.4990485536971265
TbCeHoBeO6,1.4176271026703045
SmNdHgBeO6,1.4037850306523543
SmEuMnBeO6,1.4610610836816518
SmErMnBeO6,1.4531846212766324
ZrNbMnBeO6,1.477997679800033
SmNdMnBeO6,1.4124873467560293
TbTmMnBeO6,1.4338560505289886
TeCsMnBeO6,1.4623472826301844
TaLaMnBeO6,1.4178880410218127
TeTiMnBeO6,1.4674221813911068
TaTbMnBeO6,1.4598575474775384
ZrYMnBeO6,1.43838819595239
MoYMnBeO6,1.480321447779682
NdEuWBeO6,1.4734639472146476
YNiWBeO6,1.4409760829910168
VNaWBeO6,1.435967522957062
TaFeWBeO6,1.4776643482521972
SmSrWBeO6,1.4231394205544674
CrSrWBeO6,1.4446896067747816
TcSrWBeO6,1.4461119001113802
LuSmWBeO6,1.4343785891758973
AuLaZnBeO6,1.438193756798048
CeSmErBeO6,1.4426087163519807
SnNdNiBeO6,1.413780350408297
ZrSmNiBeO6,1.408683657104663
IrVNiBeO6,1.4472399220280312
MoCuNiBeO6,1.4934303178559365
MoLaNiBeO6,1.4343120651856571
AuLuNiBeO6,1.4981787453560285
MoTaNiBeO6,1.4064238969070286
SmSrNbBeO6,1.4208119555383756
TmSrNbBeO6,1.4135677620593425
TbSrNbBeO6,1.445123288279658
CeSmNbBeO6,1.420386405965554
LaSmNbBeO6,1.4010813681616483
InSmNbBeO6,1.479954860077512
DyCaNbBeO6,1.4493965406666214
MoCdNbBeO6,1.4606149788859608
TbCsNbBeO6,1.4925425244072752
YDyNbBeO6,1.4819716309521411
MoYNbBeO6,1.477993904666645
ZrSmFeBeO6,1.4606763656872406
TbCrFeBeO6,1.473798004106043
ZrTiFeBeO6,1.4311886339129425
TeSbVBeO6,1.4194859629552967
TcSbVBeO6,1.4346212653837187
AuCoVBeO6,1.449474623459008
TcCeVBeO6,1.4536370815063073
CrCdVBeO6,1.4388317882190824
TiCdVBeO6,1.4867852950572216
CuCrVBeO6,1.4497333354605544
DyCrVBeO6,1.4861323145822019
AgCrVBeO6,1.479455090359652
InCrVBeO6,1.4328168515819393
YbCuVBeO6,1.472248753535136
MoCuVBeO6,1.4630239037083592
TaLiVBeO6,1.4636315000444307
IrLiVBeO6,1.4071064249190746
TeTlVBeO6,1.432528257094792
IrTiVBeO6,1.4121591761938745
MoTiVBeO6,1.4596590186350453
IrTbVBeO6,1.4942771396842764
IrAgVBeO6,1.4403934503677307
AuAgVBeO6,1.424078426051055
MoAgVBeO6,1.4537679758545097
MoCaSbBeO6,1.4954183681297053
ZrCuSeBeO6,1.4170840803827232
TcLaCoBeO6,1.4503658471716565
TcTiCoBeO6,1.4239118325835005
IrYbCoBeO6,1.4157197697938486
MoTaCrBeO6,1.4942300767545529
MoYCrBeO6,1.463026203324433
MoAgTiBeO6,1.4608243624983384
MoYbTcBeO6,1.4684385082071674
TbKBiGaO6,1.4234081791046937
NdCsBiPtO6,1.4604363852710145
TbTlBiPtO6,1.4135692900716805
SrKBiHfO6,1.4789876103484156
YbSmBiMgO6,1.494462621299981
DyTlBiWO6,1.4245537956173855
TbSrErBiO6,1.4116084975135854
TbTlBiNbO6,1.4316931498913927
SmSrBiFeO6,1.4806679230246864
TbCsBiSbO6,1.4545491107365742
TbTlBiSbO6,1.4918749749602516
TbNaOsGeO6,1.4238181298606867
WPdOsGaO6,1.4865148034475322
NiKOsGaO6,1.4272446547960467
NiCsOsGaO6,1.4364284200789579
NiLiOsGaO6,1.4880714356291385
MoNaOsGaO6,1.4742492595105297
NbSrOsGaO6,1.4310579147423574
YbTlOsGaO6,1.4335511295008965
LuCsNbOsO6,1.4754324630691327
CuSrOsBO6,1.4321199038634835
YbSmOsBO6,1.4423346056214548
CoCsOsBO6,1.4104586174894695
TmCsOsSiO6,1.4885436836455144
TiLiVOsO6,1.4260413894216986
TiCsOsSeO6,1.4134510171340269
PbPrGdGeO6,1.4116483122485994
SmEuPrGeO6,1.4187673940563523
MnPmPtGeO6,1.4347513828379255
CrEuPdGeO6,1.4416343198359918
TeScPdGeO6,1.4272011154524935
ZrSbPdGeO6,1.478730169797538
TaCaPdGeO6,1.44359230177657
ZrTmPdGeO6,1.4494196833372996
MoCsPdGeO6,1.4320220876752976
TbTlPdGeO6,1.4397759625701756
LuCsHfGeO6,1.4151174271167575
SbEuMnGeO6,1.4118512946174733
NdNaMnGeO6,1.4184997159768766
YbNaMnGeO6,1.4937622391739185
TeSmMnGeO6,1.4125076651945878
MoSmMnGeO6,1.4956704745306657
TaCeMnGeO6,1.4187489361859849
AuEuWGeO6,1.4112756085737392
SmNiWGeO6,1.4472138923083322
VNaWGeO6,1.4513708717895428
CoNaWGeO6,1.492681579742228
CrNaWGeO6,1.4940933157102405
LuNaWGeO6,1.466650333588783
AuNaWGeO6,1.4761973528374996
ZrNaWGeO6,1.4593546965844586
VSrWGeO6,1.4832435580084062
CeVWGeO6,1.4366300695961143
CrCoWGeO6,1.4210907746480579
CrCaWGeO6,1.463757996782137
TiCaWGeO6,1.4812956097845411
AuCuWGeO6,1.4991478213993503
InLiWGeO6,1.431548599233289
AuLaZnGeO6,1.4855621116209086
MoTlNbGeO6,1.423052318285081
MoTaNbGeO6,1.477517150647461
CrSmFeGeO6,1.4133320224462973
MoCsFeGeO6,1.4470428124618238
LuCsVGeO6,1.4276339142154328
TcCsVGeO6,1.404507600293775
AgCsVGeO6,1.4745301167923854
MoLiVGeO6,1.4443499840744598
AuLuVGeO6,1.4525872300004992
MoTaVGeO6,1.4677920451233553
TaTlCoGeO6,1.4863842477752334
MoLuCrGeO6,1.4052661209929356
MoAgTiGeO6,1.4972038440562208
AuYbTcGeO6,1.4885398183690066
DyYbTaGeO6,1.4428185193357368
ZrDyTaGeO6,1.4168530521234364
SmEuGdHgO6,1.4603726194513535
NdKPtGaO6,1.421334040083182
TiCsPtGaO6,1.4937506788516761
AgCsPtGaO6,1.400890564600186
AgLiPtGaO6,1.415738190591912
CeHgPdGaO6,1.410147884067413
LuMgPdGaO6,1.406318735737244
NbNaPdGaO6,1.4066450440486993
TaNaPdGaO6,1.426555405355617
TlSmPdGaO6,1.4060446911925735
TaTlPdGaO6,1.4033930660882212
TbKHfGaO6,1.4325572331272096
TmSrHfGaO6,1.4064904882502354
LaCsMnGaO6,1.4891082840860028
AgCsMnGaO6,1.4318432168629474
IrZnWGaO6,1.4147347988574421
FeNaWGaO6,1.4729076452977037
CeVWGaO6,1.4848231494416162
YbVWGaO6,1.457055880460823
TiCsWGaO6,1.4461883946886003
IrLiWGaO6,1.4463535478179204
ZrAuWGaO6,1.4704833469244702
ScSmNbGaO6,1.401566153224309
LuCaNbGaO6,1.4299310406848336
TbCaNbGaO6,1.4989992228929931
LaCsNbGaO6,1.4911622148205748
DyYbNbGaO6,1.4778056886003186
InAgNbGaO6,1.4339758808076153
CuCoVGaO6,1.4960596338338055
AuCsVGaO6,1.472446837588301
AgCuVGaO6,1.471059364288246
LuTlVGaO6,1.4553707806322673
TaTiVGaO6,1.4379585111747026
MoAgCrGaO6,1.4477835766135476
AgYbTiGaO6,1.4285793472937225
MoAuIrGaO6,1.455573990133892
SmKPrPbO6,1.4801059756280697
SmPmPrPdO6,1.4810102690891025
SmCsPrPdO6,1.455192870609617
EuCsPrHfO6,1.4884495038307715
SmEuPrHgO6,1.4842029455401826
SmTlPrHgO6,1.4564016140997338
EuCsPrMnO6,1.4542837931436008
EuCsPrWO6,1.438299840026292
CeSmPrZnO6,1.4730018515421424
SmLaPrNiO6,1.4914836126225062
TlSrPrNbO6,1.4755964060581162
SmCsPrNbO6,1.4270648013867728
SrNaMnPtO6,1.4872225875895493
SnFeMnPtO6,1.4340647341473007
MoFeMnPtO6,1.4079816977434427
CrSrMnPtO6,1.454248319220347
TbSmMnPtO6,1.4993546213920212
ZrTlMnPtO6,1.4303964991247768
AuEuPtZnO6,1.4830090855234888
TcNiPtZnO6,1.4957933600140438
NiAgPtZnO6,1.4922730001713638
CoNaPtZnO6,1.476539735868424
NbAgPtZnO6,1.4651912512327103
TcNdPtZnO6,1.4679718091318796
TbSrPtZnO6,1.4007629118738678
SmCsPtZnO6,1.49185133534736
CuSmPtZnO6,1.4408496853052797
VCdPtZnO6,1.4191432971474502
SbAgPtZnO6,1.4117173473984022
IrTmPtZnO6,1.4864796404438312
MoTmPtZnO6,1.472652834017614
CrCsPtZnO6,1.4464239415937798
TcCuPtZnO6,1.4024439473065518
IrCuPtZnO6,1.4568120516183738
TaLiPtZnO6,1.4887979987485238
MoTlPtZnO6,1.4848091147807556
TaYbPtZnO6,1.440737444599721
AuIrPtZnO6,1.4503128666169753
InDyPtBO6,1.4934628737500104
AgCsSnPtO6,1.4855445624543708
LaCsSmPtO6,1.4683591295736915
AuScPtVO6,1.453240972550412
SbTlPtVO6,1.4935835751125937
DyCsPtVO6,1.4110592541016234
AuCsPtVO6,1.4816723878338014
MoAgPtVO6,1.4842910951436785
TaAgPtCoO6,1.4637757507876572
TaLiCrPtO6,1.4937640200403604
LaCsPbPdO6,1.4323037486746875
SmEuPbMgO6,1.4151186192757927
SmTlPbZnO6,1.4498148687716836
SmCsPbSnO6,1.4062298312485482
TbEuHoPdO6,1.4294080888258565
YKHfPdO6,1.4776572048750318
TbNdHfPdO6,1.407989996605755
TaNaPdMnO6,1.4805853724245974
NbYbPdMnO6,1.4942503718923958
NbAgPdMnO6,1.4016680389541831
MoSmPdMnO6,1.4607727694004646
ScTlPdMnO6,1.470590914371455
SbCaPdMnO6,1.4925174979067743
SbYbPdMnO6,1.4089253536836885
TiTmPdMnO6,1.4298252811212313
TaTmPdMnO6,1.4670383993853648
MoTmPdMnO6,1.4889774736494235
TeCrPdMnO6,1.405237168146155
CrAgPdMnO6,1.4675871910676643
MoAgPdMnO6,1.4791441529347682
NbEuPdZnO6,1.4684688819594784
SnEuPdZnO6,1.441745752352596
TeNdPdZnO6,1.4911563838430744
MoSbPdZnO6,1.4029929475968639
CrTlPdZnO6,1.4222463251521134
MoTlPdZnO6,1.455237723028882
TaYPdZnO6,1.4656291127642729
TaAgPdZnO6,1.4578356806574906
SnNdNbPdO6,1.4139818279399623
MoSrNbPdO6,1.4357189541835036
SbScNbPdO6,1.466986929357526
MoScNbPdO6,1.4502081795377282
TbCaNbPdO6,1.4725478071094775
ZrCaNbPdO6,1.4891403996028303
MoLiNbPdO6,1.4824021487872432
MoTlNbPdO6,1.4124004725727688
MoYbNbPdO6,1.4682036337686062
MoYbNbPdO6,1.4208407611430294
MoYNbPdO6,1.4536577355716742
CrSmPdFeO6,1.4982993679356171
TiCdPdFeO6,1.4802514298454865
TaLiPdFeO6,1.4669893231625264
TeTiPdFeO6,1.4397755823020895
CrAgPdSiO6,1.4173106159614255
TaYbPdTiO6,1.4781057126235628
MoDyTaPdO6,1.4824002947379487
MoInTaPdO6,1.4243014950864479
SmTlPmMnO6,1.4524097677272843
SmEuPmZnO6,1.4511189549405359
SmSrPmNiO6,1.411754698906892
SmCsPmBO6,1.4026841279341893
CeSmHoHgO6,1.4059787443633764
SmNdHoMgO6,1.4984848053307929
SmLaHoMgO6,1.4210370480210215
SmEuHoMnO6,1.424745593818479
SmTlHoNbO6,1.40050436924044
TbYHoCdO6,1.4201618610316848
CeSmHfHgO6,1.4815310751779829
CeSmHfHgO6,1.4675306894060538
TbTmHfHgO6,1.4082370589807973
ZrAgHfMgO6,1.4034393122578785
DyEuHfMnO6,1.4945030939984048
DyYbHfMnO6,1.4071213886454794
YbTlHfSiO6,1.4273506234775057
YCsHfSnO6,1.4024132013035522
ScTmHfVO6,1.4306997971845894
TmTlHfVO6,1.4831831295564566
TlCsHfSeO6,1.4372541909974104
ZrTlHfCrO6,1.4337727089737438
ZrDyHfTiO6,1.4266844835089971
AgDyHfTaO6,1.4448458736477539
TbTmErHgO6,1.4221023079901036
TaEuMnZnO6,1.4807330588589314
SbErMnZnO6,1.4349399617296437
MoNbMnZnO6,1.4138110353466105
CrFeMnZnO6,1.4028817715164443
MoSrMnZnO6,1.4492926910397923
SnAgMnZnO6,1.4657009751076253
SbCsMnZnO6,1.4704539080500099
SbAgMnZnO6,1.4959068578131294
CrLiMnZnO6,1.4091637820139686
TaTlMnZnO6,1.456696954030064
TaAgMnZnO6,1.4112041389289118
SmNdEuMnO6,1.413645658651234
ZrSrNbMnO6,1.4242943740118976
TbTmNbMnO6,1.442623003064338
ZrTlNbMnO6,1.46351007049925
ZrYbNbMnO6,1.43275303258828
TiLiMnSiO6,1.4229838514570996
MoCaSnMnO6,1.4992644485967566
MoLiSnMnO6,1.487700267402741
MoTlSnMnO6,1.4731073487583268
ZrCdMnVO6,1.406992583554256
TeCrMnVO6,1.4906173192009506
TeLaMnVO6,1.4690942139104415
TaLiMnVO6,1.498255305455014
TaAgMnVO6,1.4678446322358443
TaAgMnVO6,1.4334212540445943
TaInMnVO6,1.4286089794336978
MoTaMnVO6,1.4019536043931005
ZrAgMnVO6,1.4852409752375133
MoAgMnVO6,1.4373832855072903
CaTlMnSeO6,1.432693360324469
CdCsMnSeO6,1.4044565101072874
TmCsMnSeO6,1.492820480855142
AgTmMnCoO6,1.437628897445354
MoYMnCoO6,1.488838506479099
MoLiMnCrO6,1.4081950829590062
TiAgMnCrO6,1.4101649628959319
TeMoMnCrO6,1.4071392698567657
TaYbMnTiO6,1.4239785831776992
MoYbMnTiO6,1.4934541036784403
MoYbTaMnO6,1.478707380080818
AuNiWZnO6,1.447019514113488
CeSmWZnO6,1.459683108836917
CoCaWZnO6,1.435328947577951
TeCrWZnO6,1.456316031642031
IrCuWZnO6,1.494050325411107
TeAgWZnO6,1.471526129547107
ZrDyWZnO6,1.4286502942692243
ScNaWNiO6,1.4253306612296144
IrNaWNiO6,1.4938245349655832
SbNdWNiO6,1.4732707599910555
InNdWNiO6,1.4899903088698716
FeCsWNiO6,1.4227887910554187
TiFeWNiO6,1.4892667191014388
SnSrWNiO6,1.4907294723170896
CoTmWNiO6,1.416475064536877
AuCoWNiO6,1.4935819256855298
IrCaWNiO6,1.4817652415165183
MoCdWNiO6,1.432704202563733
AgTmWNiO6,1.4281518642340203
TiLiWNiO6,1.420748870852153
MoLiWNiO6,1.4120774357256691
TaAgWNiO6,1.4614944966470573
AgYbWNiO6,1.4612548434927546
IrDyWNiO6,1.4000754038269214
ZrAgWNiO6,1.450809907891668
SbSrWBO6,1.4158073729985272
DySrWBO6,1.410545162142888
InSrWBO6,1.4224497699522363
AuSmWBO6,1.4526079534945204
CuVWBO6,1.4412339514857282
CuTlWBO6,1.4481808817058688
MoDyWBO6,1.4642643865307952
MoAgWBO6,1.4952949115301926
InCsWSiO6,1.4228791410479307
AuCaWVO6,1.4260836689552632
CrCdWVO6,1.480917514323611
AuCsWVO6,1.4008663473306096
CrAgWVO6,1.4140906946996166
CuAgWVO6,1.498435435057161
TiAgWVO6,1.4280838591980705
TaAgWVO6,1.4623138217227398
TaAgWVO6,1.4047497014689356
InDyWVO6,1.4478370446907258
AuCsWCoO6,1.4359673384061895
TeCrWCoO6,1.4607300129331837
TaTlWCoO6,1.4027890205475946
IrTiWCoO6,1.4735700011907025
ZrYbWCoO6,1.41067178811108
TaTlWCuO6,1.4689801252177577
CrSbZnNiO6,1.401328862203677
TaNdNbZnO6,1.4451310658553402
TbCdNbZnO6,1.4662535878320848
TaTmNbZnO6,1.4480046177616022
ZrLiNbZnO6,1.4438856819044346
MoLuNbZnO6,1.4790776831708803
ZrAgNbZnO6,1.499519550996463
CrCdFeZnO6,1.479473917010061
SbTbZnVO6,1.4873705147648917
CrDyZnVO6,1.4536151340027046
AgTmSbZnO6,1.4550309869985727
MoCsSbZnO6,1.4493175758331687
TcLaZnCoO6,1.4284867023675156
AuIrZnCoO6,1.421894010821245
MoInZnCoO6,1.479868631117167
MoLaCrZnO6,1.4109464486313121
IrTiZnCuO6,1.4062786317149079
MoYbTiZnO6,1.4501301730395542
MoYbTaZnO6,1.4799128139069633
MoZrZnAuO6,1.4394947383991585
SmTlEuFeO6,1.40689670983795
TbYErFeO6,1.4237443352299166
InSmNbNiO6,1.4717318463212499
MoSmNbNiO6,1.438703583590148
TaCaNbNiO6,1.4882000785891147
MoCsNbNiO6,1.4497383160117614
MoCsNbNiO6,1.4632925240643888
ZrTlNbNiO6,1.450191972444332
SbCsNiVO6,1.439888642772551
TcCoNiVO6,1.4858137837730347
CrAgNiVO6,1.4876682981833178
AuYNiVO6,1.4268267264664423
TaLiNiSeO6,1.4696413562647739
TlCsCeNiO6,1.4026393619145392
MoAgCrNiO6,1.4944918021830702
MoAgCrNiO6,1.4306203249620637
MoAgTaNiO6,1.451763724001789
TaCdNbFeO6,1.4702366425494489
TaLiNbFeO6,1.4863404849413502
ScSrNbBO6,1.442503818392024
SbDyNbBO6,1.470096587749113
MoCsNbBO6,1.4957967808849926
TaTlNbBO6,1.4098888462766548
YTlNbBO6,1.4119748772583218
MoDyNbBO6,1.4347626099505313
SbCsNbSiO6,1.4756190645622345
TmTlNbSiO6,1.4616426749485854
SbTlNbVO6,1.4675457532710283
MoTlNbVO6,1.490698251039743
MoAgNbVO6,1.4616114571576504
YbCaNbSbO6,1.4034006762371438
LuTlNbSeO6,1.4902996162358362
AgTmNbCoO6,1.493330487960382
AgTmNbCoO6,1.4002069230634742
MoCsNbCoO6,1.4545966227397473
MoCsNbCoO6,1.4257053362462533
MoTlNbCoO6,1.415245726927483
LuTlNbCrO6,1.419162089835868
ZrTlNbCrO6,1.4467645986728344
MoTlNbCuO6,1.4817880969949504
MoTaNbCuO6,1.4613763661900256
ZrTbNbLiO6,1.4579130200528851
TaAgNbLiO6,1.47535011350783
MoYbNbTaO6,1.4505159685916305
MoCaSnFeO6,1.435714223362245
TbCdSnFeO6,1.4807193681198627
InTmSnFeO6,1.4342844562944184
TiCdFeVO6,1.4727093755940883
MoTmFeVO6,1.482889742429944
TaLiFeVO6,1.43096668415803
MoAgFeVO6,1.4265157624597709
TaTbFeTiO6,1.4542426602795337
AgCoVBO6,1.4542920901195606
TiCsVBO6,1.4609977153799807
ZrCsVBO6,1.4399251041279062
CuCrVBO6,1.4254022645731264
AuCrVBO6,1.482564856722441
InAgCrBO6,1.4039386308742854
InYbTiBO6,1.496596323909731
MoDyTiBO6,1.4818131360859146
IrAgTcSiO6,1.438430623401482
ZrAgSnTiO6,1.4078674966639229
AgDySnTaO6,1.4535762430754298
TaCaSbVO6,1.4265385201036687
ZrLiSbVO6,1.4495215348784154
TbCsVCoO6,1.4471293311903053
CrMoVCoO6,1.4908250003974737
MoYbVCoO6,1.4933249450989978
ZrTlVCuO6,1.43692858208183
MoLuVCuO6,1.4730637919850202
TcMoVCuO6,1.4157059436695725
AuDyVCuO6,1.4680393337061124
IrInVCuO6,1.468919793972888
IrMoVCuO6,1.4650130388936253
InDyTiVO6,1.420225953552524
MoDyTiVO6,1.4047261447707042
MoYbTeVO6,1.450806296062988
MoAgTaVO6,1.4612226874117207
TbLuScCrO6,1.4058436487469272
MoInSbLiO6,1.4390223317427981
TaAgSbTiO6,1.4947414518182611
MoYbSbTaO6,1.4019001180997255
TlLiCrSeO6,1.4842182878990786
TbTlCrSeO6,1.4576946139245617
MoTaCrCoO6,1.4931550250606296
MoYCrCoO6,1.4363787420771552
MoAgCrCoO6,1.4092290850014235
DyYbTaCoO6,1.429803540270421
ZrYbTaCoO6,1.4058999990913092
TaTlCrCuO6,1.4284873463228693
MoDyTaCrO6,1.4642145153879793
MoAgTaCrO6,1.4485390345352835
MoTaTiCuO6,1.493805466862311
MoYbTiCuO6,1.492808625505401
MoAgTaCuO6,1.486946442734332
MoAgTaCuO6,1.4778008502279596
GdRbNbRuO6,1.4757328991262915
PrRbNbRuO6,1.4314800675865331
HfRbTeRuO6,1.4388681084019417
HfRbRuAsO6,1.4809230840416752
EuRbTaRuO6,1.4160419026039504
SnRbTcRuO6,1.4303598399236115
SmRbTbRuO6,1.406196980375784
LaRbTiRuO6,1.473718498464231
LuRbTaRuO6,1.4900523570923907
LuRbTaRuO6,1.4203548407157338
PrBaErRuO6,1.405240684136278
PmBaNbRuO6,1.498102183859196
ErPbZrRuO6,1.4494351651095083
HoNaRuAsO6,1.4105970022021006
HfKRuAsO6,1.493669398701092
SrKTaRuO6,1.437006573778415
CaKTaRuO6,1.4538249740031581
LaKRuAsO6,1.4672515076026058
EuSrRuAlO6,1.4414998110989978
SmNaTaRuO6,1.4158097827162759
SbNdTaRuO6,1.418545298186401
TbSrZrRuO6,1.4954319104079925
YbSrRuAlO6,1.4433061253651673
TbCaRuAsO6,1.4878076416380903
LuCsTiRuO6,1.4786105337958706
DyTlRuAsO6,1.4946346354721374
BiRbReGeO6,1.4214668585943908
BiRbReVO6,1.4946935578599847
GdRbReSeO6,1.4100728357738175
PbRbReAlO6,1.4021556032846572
MnRbReZnO6,1.4300956026629195
EuRbReSiO6,1.4721835221945836
SmRbReAsO6,1.4932113042619963
RhPdReAsO6,1.4943249079303194
VRhReCuO6,1.45137519371095
BiBaReGeO6,1.4641535729109378
NiBaReBO6,1.4233273542534495
SnBaReCuO6,1.489268712196766
BiKReCoO6,1.4045842365554553
GdCsReAlO6,1.4665870556992693
PtPdReVO6,1.4795853219581565
PtPdReVO6,1.4634337010705147
PtPdReCoO6,1.4093286413732757
PtMgReCoO6,1.4115912579800978
PtFeReCuO6,1.4336603736260356
PtCaReCuO6,1.4704428699677683
PtCdReCuO6,1.4659978290196458
PtCrReCuO6,1.4315073542780516
HfPbReCuO6,1.4177053014138505
VPbReCuO6,1.4471432784431153
CrPbReCuO6,1.4810090113691141
PdMgReCuO6,1.4896286221813906
PdKReAsO6,1.4610861784407336
NiPdReSiO6,1.476142009464503
NiPdReVO6,1.4851510375047685
PdSrReCuO6,1.4764269407911803
PdTlReAsO6,1.4383846239853717
HoNaReBO6,1.4006957781514953
FeHoReCuO6,1.4147686635854528
MnHgReBO6,1.4269620099996472
MnHgReVO6,1.4421414378826034
MnHgReAsO6,1.402887866756485
MnMgReCoO6,1.4547106107773917
ErKReAsO6,1.4265829498832303
SmKReSeO6,1.4517631411315448
CoKReAsO6,1.4996057535164804
MnNaReSiO6,1.4144056879877127
MnSrReAsO6,1.4149776248621038
MnCsReCuO6,1.407381838753789
WNaReCuO6,1.4636112469318912
ErTlReAsO6,1.4870982743963266
NiCsReAlO6,1.4143164048683758
NiAgReAsO6,1.4288328081223316
CrNaReCuO6,1.4744804570975765
CrNaTeReO6,1.421573281833583
CrNaReAsO6,1.4095368352580695
LuNaReAlO6,1.4768409840270382
NbNdReCuO6,1.4586521609436558
NbSrReCuO6,1.445681297976472
NbAgReAlO6,1.419872227357632
FeSmReCuO6,1.4283846015468673
CrFeReCuO6,1.4527832428826974
FeYbReAlO6,1.4627867167573285
SrCsReTcO6,1.4076673586526198
SnTmReCuO6,1.4333625510915637
SmCsReAlO6,1.488397599207675
VCdReCuO6,1.4040013111556768
CrCdReCuO6,1.4566041486465497
CuTmReAlO6,1.4225497845441526
LuCsTaReO6,1.4888807873855188
TeCsReAsO6,1.4949465037254026
TaCsReAlO6,1.4833704425536787
GdBaNbRhO6,1.4762869530117022
PbBaRhCoO6,1.4229903421736638
PbBaInRhO6,1.4033685041907173
PdBaMnRhO6,1.4323606407233134
BaKRhWO6,1.4363104080795472
LuBaZrRhO6,1.4986655686675305
AgBaMoRhO6,1.4178864808186513
BiKRhBO6,1.434325537190566
BiNaRhBO6,1.4605971988482347
GdKRhVO6,1.4878918566227963
PrSrRhVO6,1.4728848326956137
PtNaRhCoO6,1.4562349371832388
PtCsRhAsO6,1.4495762535809862
PbEuRhCoO6,1.4244196498303054
ErPbTbRhO6,1.4733903226183773
PbNdRhBO6,1.4967543119155065
CrPbRhCuO6,1.4183346952386306
LaHgTaRhO6,1.4937925340483647
SnMgMoRhO6,1.4524523699044638
SmMgTaRhO6,1.4256227939951693
MnKRhVO6,1.4772844280797777
EuKTiRhO6,1.4576059329142768
EuKRhAlO6,1.4289914260786853
NbKRhAlO6,1.4416334439919993
SrKSbRhO6,1.4562630126310991
SbKRhAlO6,1.4954136499437256
MnEuRhCoO6,1.433600651305478
MnNaRhCoO6,1.428853553438109
MnNaRhCuO6,1.4974573620550407
MnNdRhCuO6,1.4846734003031732
MnNdRhAuO6,1.4578526318295946
MnCsRhAlO6,1.4451880809611206
SmEuTbRhO6,1.4558676027410493
NiNaRhSiO6,1.4393010013886638
SmNaTbRhO6,1.4248689276486943
VNaRhAsO6,1.4140791226266356
CdNaTaRhO6,1.4313096588531369
TlNaTaRhO6,1.4071329430886759
TbNaTaRhO6,1.4112656927661822
NbSrRhAlO6,1.4756669539695348
NbCaRhAsO6,1.4034614719768317
SmNdTmRhO6,1.4223158487888101
SmNdTbRhO6,1.4729210536423998
SmNdZrRhO6,1.4234398479460797
CeNdTbRhO6,1.402848569638523
FeSmRhAuO6,1.4767244175138308
FeScRhCoO6,1.4703701664086612
TmSrTaRhO6,1.4781925311220767
LaSrRhAlO6,1.4562535731240536
SmCsRhAsO6,1.4845715108206452
SmTlRhAlO6,1.459687650961872
SbCsRhAlO6,1.4237386540660668
SbAgRhAlO6,1.4412212355238663
TaCaRhAuO6,1.43790240952454
TbCdTaRhO6,1.4297340008594817
TbTmDyRhO6,1.4845222769025994
LuCsTeRhO6,1.4748923203202353
IrCsRhAuO6,1.4680335624108163
BiBaTaBeO6,1.492449225835036
PrBaNbBeO6,1.4900628469468633
WBaSeBeO6,1.4628100556747106
EuBaSbBeO6,1.473294679915889
NiBaAuBeO6,1.4540141862824263
NbBaIrBeO6,1.4846690814505645
SmBaIrBeO6,1.4750894130289869
VBaIrBeO6,1.4923875158321953
TbBaAsBeO6,1.4996978780264911
PrBiCuBeO6,1.4390296041817254
PrBiAgBeO6,1.4458348048561787
MnBiCoBeO6,1.4079174504438103
NbBiCrBeO6,1.4864850878520133
FeBiCuBeO6,1.449424448490486
TiBiAuBeO6,1.4983984028548445
YbGeAsBeO6,1.4196487964438613
NbGdAsBeO6,1.4826289015143146
SnGdTaBeO6,1.4114719930396418
PbPrCuBeO6,1.492820908952736
SmPrAgBeO6,1.4827137669725683
ZrPrMoBeO6,1.4128488147782021
ErPtVBeO6,1.4886699077008603
NbPtAsBeO6,1.4566928344881875
FePtIrBeO6,1.4901700804166718
HoPbMnBeO6,1.4060796294196354
MnPbTiBeO6,1.475681461246742
ErPbIrBeO6,1.4636645117636444
VPbIrBeO6,1.446533854038341
ScPbMoBeO6,1.427918118355468
LuPbMoBeO6,1.4152197530586121
PmPdAuBeO6,1.488884151356944
HfPdMnBeO6,1.4763992933789425
HfPdFeBeO6,1.4455764886463216
MnPdVBeO6,1.431639022080231
WPdCoBeO6,1.4270723757760133
NiPdSeBeO6,1.489445191178523
NiPdAuBeO6,1.48667854386544
SmPdTeBeO6,1.4354948723764622
SmPdIrBeO6,1.4611097853209103
TlPdAsBeO6,1.4092060652735074
IrPdAsBeO6,1.4187059319837276
NbPmVBeO6,1.4572628102241512
VPmIrBeO6,1.4863990303949137
VHoIrBeO6,1.47454120092425
TiHoIrBeO6,1.4645488788441279
ErHgAuBeO6,1.4693836229752946
NbHgSiBeO6,1.4478823451193379
NdHgTcBeO6,1.4826120127536413
SmHgVBeO6,1.4127285014706394
VHgIrBeO6,1.4575174739759371
SbHgTeBeO6,1.485634718173451
WMgCoBeO6,1.4950246616719614
ErMgIrBeO6,1.4811027492080249
NbMgTeBeO6,1.4334403064447736
NdMgIrBeO6,1.4495137769673023
FeMgIrBeO6,1.4667172500638126
CrMgIrBeO6,1.4529806694582388
TbMgTcBeO6,1.4326566670342118
YMgMoBeO6,1.450653328337951
TbKIrBeO6,1.4984323984970451
ErMnTcBeO6,1.4245813641677316
NiMnIrBeO6,1.4258521739317058
NdMnVBeO6,1.4743089301975776
FeMnIrBeO6,1.4307249457025542
FeMnAuBeO6,1.4841532927866201
FeMnAuBeO6,1.497898165203873
VMnSeBeO6,1.4186878164278056
VMnAlBeO6,1.4923174289690841
ScMnTcBeO6,1.409980761680609
LuZnAsBeO6,1.4344432596436858
ErEuAuBeO6,1.4636850652651692
SmEuMoBeO6,1.4597263026758596
CoEuCuBeO6,1.4955413222707346
TbEuAgBeO6,1.4279178174510465
IrEuAlBeO6,1.434500163382172
SnErAlBeO6,1.479765089064653
SmErAsBeO6,1.4490983575686711
NbNiVBeO6,1.4323176514112643
FeNiSeBeO6,1.4415625159427423
SmNiAuBeO6,1.4420047252163168
VNiAsBeO6,1.4331866469823267
VNiAsBeO6,1.435885477723276
SbNiCoBeO6,1.4519122191268234
SbNiAuBeO6,1.4043937080428597
NbNaSbBeO6,1.4488794174018702
SmNaAuBeO6,1.459236108279893
SbNaMoBeO6,1.4002399763857951
TbNaIrBeO6,1.413987612457342
CeNbCrBeO6,1.4870399333294635
VNdIrBeO6,1.455965325952831
TlNdAuBeO6,1.458236747380711
TcNdAsBeO6,1.4821270901299606
DyNdIrBeO6,1.479554865395659
YNdMoBeO6,1.4385514024307182
AgNdAuBeO6,1.4933121149245974
CeFeTiBeO6,1.4956826538740688
CrFeIrBeO6,1.4066426966533647
TaFeAlBeO6,1.4333483882501232
ScSrTcBeO6,1.401312538197274
SbSrIrBeO6,1.4950890848105791
CoSrTcBeO6,1.4930116919852727
TbSrMoBeO6,1.4491271817842413
YbSrIrBeO6,1.4739749783867744
SbSmTiBeO6,1.4816865066613671
LuSmAuBeO6,1.4985693527148112
TbSmAuBeO6,1.4872095100153393
AgSmMoBeO6,1.4872314344374522
SbVIrBeO6,1.4834788400604453
SbVIrBeO6,1.4297587194398775
TbVIrBeO6,1.4183760154209406
AgVAsBeO6,1.4510001437427944
AgVAuBeO6,1.4900438428946832
CeCoAlBeO6,1.4146611131931324
TcCoIrBeO6,1.4308809724374767
YCoIrBeO6,1.4993240532932173
DyCaAuBeO6,1.4219499680858643
IrCaAsBeO6,1.4568113298291898
TeCeAsBeO6,1.4587614671610265
IrCeAsBeO6,1.4676545665268632
TbTmIrBeO6,1.4715470336510463
TaTmIrBeO6,1.4543687566839725
DyTmIrBeO6,1.4925856332552772
LaCrIrBeO6,1.4997679344798902
TlCrAuBeO6,1.4788817734610333
TbCrAuBeO6,1.4360392794278147
YbCrIrBeO6,1.4578440449749095
TlCuAsBeO6,1.459200801187592
TeCuTcBeO6,1.4145634346644644
TcCuIrBeO6,1.4307407442202542
TcCuAsBeO6,1.4726973202843123
IrCuAuBeO6,1.4510367283821373
TiLaAuBeO6,1.4369531596288605
TaLiIrBeO6,1.4943094356665174
TaLiAsBeO6,1.4058128555985125
TaTlAlBeO6,1.4675590696871907
GdCsBiTiO6,1.4801297083733456
PrKBiCoO6,1.4963166447276168
HoPbBiTiO6,1.4189586144991093
PbKBiFeO6,1.4632971543794122
PbEuBiAuO6,1.4432704491498367
PbSrBiCrO6,1.4577425289025718
PbSrBiAgO6,1.4843942715111282
PbSmBiVO6,1.445553755897015
SmPbTmBiO6,1.424351717221816
YbPbBiAgO6,1.4995603946005032
PmSrBiAgO6,1.4745226706227852
PmCsBiMoO6,1.4698801758380213
NdKBiInO6,1.4794083708292092
SmKBiScO6,1.4433911413515723
SmKBiCoO6,1.460202888102344
TmKBiZrO6,1.4864312986551884
TmKBiInO6,1.4727407798995469
SmEuBiCoO6,1.4787755938807476
EuCsBiCrO6,1.41704287722744
ErTlBiTaO6,1.4236291200146882
TmNaBiTeO6,1.4891106111294359
CeNdBiLiO6,1.4091530763263964
CeSmBiCrO6,1.499896292341951
SmCsBiTeO6,1.441382903480205
SmTlBiTaO6,1.4735106523405732
ScTlBiMoO6,1.4937596116469898
YbCaBiAgO6,1.4522386262631921
YTlBiMoO6,1.4569601827612786
GaAgOsAlO6,1.4388117795394957
PrSrOsAsO6,1.4796566289600694
PtLiOsAsO6,1.4278939422145738
FePbOsAsO6,1.4568376620172665
PdAgOsAsO6,1.4314531384000697
HfTlOsAlO6,1.4781992482248134
HgKOsSeO6,1.4067112470161998
MnHgOsAsO6,1.4133993462288232
NbHgOsAsO6,1.4556190586702877
VHgOsAsO6,1.4577043295180234
NiMgOsAlO6,1.4403326261559344
CoMgOsAlO6,1.41979410082027
CuMgOsAsO6,1.457615947586574
NiKOsAsO6,1.4328107622938122
NdKCeOsO6,1.4228635405891952
SbKTeOsO6,1.4699869511095456
CoKOsAsO6,1.485844185609589
YbKOsAlO6,1.4753051710964076
IrKOsAlO6,1.4961968285993392
CrNaOsAsO6,1.4999836670431523
LuSrOsAsO6,1.4721521834078968
VAgOsAlO6,1.49185482948958
VAgOsAsO6,1.4187801310031702
CoCaOsAsO6,1.4433203271344597
CrYbOsAlO6,1.424361201663744
TbPrTaGeO6,1.4296660492851292
PmPbWGeO6,1.4596720547870363
HfPbWGeO6,1.441118571943224
HfPbZrGeO6,1.4534070920112643
TbPbTcGeO6,1.4823148271974957
MnPdVGeO6,1.4030020516309367
MnPdTiGeO6,1.4841065873370498
CrPdTiGeO6,1.4871141213167807
TlPdTiGeO6,1.4726140888799826
CePmLuGeO6,1.418840752594013
SrHgTcGeO6,1.460485663928317
CdHgTaGeO6,1.4020054615964463
NdKFeGeO6,1.4822520234559067
NdKTbGeO6,1.4728417417130333
FeKCrGeO6,1.4693503396034675
DyKZrGeO6,1.4236495278322032
CoMnTcGeO6,1.426343892365735
CrZnTcGeO6,1.4199264918726038
FeEuTiGeO6,1.410640302912385
TlEuTcGeO6,1.4404073628389198
SrNaMoGeO6,1.4757100593830155
CrNaTiGeO6,1.4193982706366142
LuNaZrGeO6,1.4195747038083892
SmNdYGeO6,1.4527562461452979
SnFeTcGeO6,1.4313204475898764
SmSrYGeO6,1.4476508007116609
SbSmMoGeO6,1.496059551763103
CuCoTcGeO6,1.4386856367205518
CrTmTiGeO6,1.4396593157146416
LuTlTaGeO6,1.439930302457005
TbLuTaGeO6,1.4668683247299918
PbEuGdCuO6,1.449841396598246
PbNdGdAgO6,1.4116393396864992
PbSrGdAuO6,1.4633058623780666
PbSmGdCuO6,1.4668806793163671
SmNdGdVO6,1.4659311856510846
SmNdGdScO6,1.4881441684429855
SmNdGdTiO6,1.4857248912694314
CeNdGdTaO6,1.441501848226476
SmSrGdAuO6,1.463568457666553
SmTlGdTaO6,1.4241754047540742
PmPbVGaO6,1.4998089373411407
ErPbMoGaO6,1.4041859652035675
NdPbTiGaO6,1.406356743233638
MnPdCrGaO6,1.4409738578337572
TcPdAuGaO6,1.4695206639059566
EuMgTcGaO6,1.4371757071777818
NdMgVGaO6,1.476543474342904
SmMgVGaO6,1.4998216814810068
SbMgTcGaO6,1.4440766728701668
SbMgIrGaO6,1.4432336212938817
NiKVGaO6,1.4087259887444472
NdKAuGaO6,1.447542377414961
SnKTiGaO6,1.4588281754793209
TmKTaGaO6,1.4931399754376489
ScMnTiGaO6,1.4152747159924517
SnEuVGaO6,1.484351604861378
TlEuIrGaO6,1.4802562844331362
NbNaMoGaO6,1.4104142435807745
SmNdTiGaO6,1.4778538929233282
TlNdTcGaO6,1.4086804236867947
LaSrTiGaO6,1.4146881714234627
TlSrZrGaO6,1.4222738415867324
YbLiAuGaO6,1.4956310142692464
DyLiMoGaO6,1.4189975656233231
PmKPrCoO6,1.4915630643543214
PmCsPrTcO6,1.4259696588700348
EuKPrTcO6,1.4102565166975483
SmKPrVO6,1.4246364740516835
SmKPrYbO6,1.4085274364217062
SmKPrIrO6,1.4284553540063674
LaKPrTeO6,1.4436332173028956
NdEuPrMoO6,1.4851029646075702
SmEuPrCoO6,1.4782381670184217
SmEuPrCuO6,1.452627330687073
SmEuPrAuO6,1.4581374140279144
CeEuPrAgO6,1.4236588736885885
SmNdPrTiO6,1.4463797002635743
CeNdPrCuO6,1.4294505544339415
NdCsPrZrO6,1.4790212559664828
SmSrPrCuO6,1.4204329485102813
SmCsPrIrO6,1.4877296573833971
SmTlPrYbO6,1.4586398246384467
SmTlPrAgO6,1.4788004561878942
FePbPtAsO6,1.4684446893426932
TmPbPtAsO6,1.4104556428299597
CePmDyPtO6,1.4260832543065798
SmHgSbPtO6,1.4651463869355414
MnMgPtZnO6,1.4242736705498111
CoNiPtAsO6,1.413246947021045
TiNaPtAlO6,1.4811945797515667
TbNaPtAsO6,1.4780190663742576
VNdPtAuO6,1.4542151977102065
TbCaPtAuO6,1.4707473052293207
TbCeYbPtO6,1.4005235044804814
PmKPbZrO6,1.4272221323351753
PmSrPbDyO6,1.4873426101920912
EuKCePbO6,1.4605106170164879
SmEuPbDyO6,1.497571435676344
SmNdPbVO6,1.4982349942917268
SmSrPbYbO6,1.4178014589015797
LaSrPbTbO6,1.4755057908584468
TlSrPbTaO6,1.4702261211207615
SmCsPbDyO6,1.4608075352092016
MnPmPdFeO6,1.486382401904707
CrPmPdTiO6,1.419869670001913
MnHoPdZnO6,1.4734464948729198
HfCsPdAlO6,1.4738603966714718
NbHgTaPdO6,1.4587063178435857
TaHgMoPdO6,1.4287319348344494
NbMgPdAsO6,1.4216624804066054
NdMgTaPdO6,1.4285124542766885
SmMgTaPdO6,1.432536786979226
SmKTmPdO6,1.4269535572784033
MnErPdAuO6,1.4910612533030265
MnNbPdFeO6,1.4172480347311431
FeMnPdAlO6,1.4951019924604902
MnCaPdAlO6,1.4443413903275168
SmEuTbPdO6,1.4199126130152233
LuEuTbPdO6,1.4270067077099347
CaNaTaPdO6,1.429778075650547
TmNaTaPdO6,1.402491020818227
CrNaPdTiO6,1.4467310606267647
LaNaTbPdO6,1.4912604823756466
TlNaZrPdO6,1.4008899453669896
SnNbMoPdO6,1.4566904133576337
NbTlPdAuO6,1.4443067707442074
SmNdCePdO6,1.413373882428779
SmNdYbPdO6,1.443421703859306
TbNdInPdO6,1.460403985029373
SnSrTaPdO6,1.4185156387708386
SmSrTaPdO6,1.4504992232124325
TmSrTaPdO6,1.4716158751571076
CeSmTbPdO6,1.4229184827192676
LuSmPdAlO6,1.4697382330758122
TbSmDyPdO6,1.4326325856662367
TbSmDyPdO6,1.4622909566632807
TaSmPdAuO6,1.436244791732942
SbCdPdAsO6,1.4826699578883087
TbCeInPdO6,1.404191307436279
TbCdZrPdO6,1.4898794961276562
CrTmPdAsO6,1.4314822077726028
YCsZrPdO6,1.4305117353027157
CrTaPdAuO6,1.4837680471505128
CrYbPdAlO6,1.4245969995413281
TaLiPdAlO6,1.4830406859382694
TaLiPdAsO6,1.4811898154928418
TaTlMoPdO6,1.4150352768347836
SmKPmAlO6,1.4654582140007513
SmEuPmCoO6,1.4321159571000976
SmEuPmCuO6,1.4063220616452716
SmNdPmCuO6,1.4396862656701246
SmSrPmSbO6,1.427887586701464
CeSmPmTiO6,1.4796226779565864
SmKHoCoO6,1.413989651207193
SmEuCeHoO6,1.4244977368835103
SmEuHoCdO6,1.439170517594874
SmKHfCdO6,1.4401930935504499
ErEuHfMoO6,1.4301329579986608
TbEuHfMoO6,1.408403386496562
YbEuHfAlO6,1.4932865207222101
ScNaHfTeO6,1.4449013844151757
SmNdHfVO6,1.4933400568998234
CeNdHfLiO6,1.4152156894743548
AgNdHfInO6,1.477766003771734
CeSmHfCrO6,1.4376364316337706
CeSmHfTiO6,1.482605119984049
SmTlHfInO6,1.483167249410965
YSmHfInO6,1.4940107602920563
LaCsHfIrO6,1.460944060606762
DyCsHfMoO6,1.4304887109413988
SmEuScHgO6,1.4298066260074622
SmEuHgTiO6,1.4227786369756823
SmEuDyHgO6,1.4172996438901435
TbEuYbHgO6,1.431690030679738
SmErTbHgO6,1.4226408195328994
SmNdCeHgO6,1.4793713908445139
SmNdLuHgO6,1.4994307060013652
SmNdTbHgO6,1.4663855901291976
CeNdYHgO6,1.4189208307705408
CeSmTbMgO6,1.402082188172576
TbTmZrMgO6,1.4351947677779073
TbTlAgMgO6,1.4931854063962249
FeEuMnTiO6,1.4210218611530283
TiEuMnAuO6,1.4486800198235577
NbNaMnTiO6,1.4434233175339932
SmNaTbMnO6,1.410355123067995
AgNaMnAlO6,1.4081721477811602
CrNbMnTiO6,1.4647375173101138
NbAgMnAsO6,1.42492830301446
SnNdMnTiO6,1.4158661424690924
ScNdMnAlO6,1.4339802477828552
TlNdTaMnO6,1.4447715050082977
TaNdMnAuO6,1.4300478693011462
FeSrMnAsO6,1.4220545624767373
SbSnMnCuO6,1.4660062578717536
TmSmZrMnO6,1.448261198243188
SmCsMnTiO6,1.4337992604247471
SmTlMnAlO6,1.4740870678049562
SbScMnCuO6,1.4646357709557696
SbAgMnAsO6,1.49610217898776
TmCaZrMnO6,1.4950778965993323
LaCaZrMnO6,1.4044731668823947
TbTmYbMnO6,1.4850750403216255
TaTmMoMnO6,1.4572051511523865
CrCsMnTiO6,1.4492726313018305
TbTlDyMnO6,1.4818634610823527
TaTlMnAsO6,1.4254539720702895
YTlMnIrO6,1.4488847704554022
TbLuMnAuO6,1.4864689053177582
TaAgMnIrO6,1.453615163730249
NiNaWSiO6,1.4257137092704835
NiNaWVO6,1.4865285163985171
NiLiWAsO6,1.4972031384185107
NbSrWVO6,1.4815481750191257
NbTlWAsO6,1.489652189340392
FeSrWAsO6,1.405228284696791
CrFeWCuO6,1.4442223655580886
FeLiWAlO6,1.4229742038016002
ScSrWAlO6,1.4591548742068619
SbAgWAsO6,1.473760117301694
LuCsTaWO6,1.401944586145303
TbCsWAlO6,1.4508717871303907
SnEuSbZnO6,1.4041627060262316
SmEuCrZnO6,1.415227515981065
SmEuTeZnO6,1.4937119604991622
SmEuDyZnO6,1.4184461510856374
NbNaTiZnO6,1.443492766344228
SnNaTaZnO6,1.4661444047305896
CrNbTiZnO6,1.458334007479494
IrNbZnAuO6,1.4787333032903198
SmNdSbZnO6,1.484711187453153
CeNdCrZnO6,1.4223860762636484
CeNdTaZnO6,1.4235385951513146
SmFeCrZnO6,1.4133083315291617
SmSrTiZnO6,1.44817412813269
TaSrMoZnO6,1.4350437327263714
CeSmMoZnO6,1.4826767332992645
TbSmMoZnO6,1.4225319722229948
TaCeMoZnO6,1.410987546703199
CrTmZnCuO6,1.4219632685679369
TbTmTaZnO6,1.4585701063866956
TbLuTaZnO6,1.4578977951231389
ZrAgMoZnO6,1.4323320231847707
SmNdEuAgO6,1.4978922155619485
CeSmEuAgO6,1.4394270797291078
SmCsEuIrO6,1.441715541575934
SmCsEuAsO6,1.4160210734413725
CeLaEuAgO6,1.4421131952677972
SmNdErCuO6,1.4595129810516356
SmSrErCrO6,1.4115282887523601
CeSmErTiO6,1.4620812642206387
CeSmErAgO6,1.415586241539997
SmCsErMoO6,1.4798939414208097
SmTlErAgO6,1.4781812514590753
NbNaTaNiO6,1.4249658390325817
NbNaTaNiO6,1.4392429334562695
SmNaZrNiO6,1.41677265406307
ScNaTiNiO6,1.4232767898007384
LuNaTbNiO6,1.4965521288510237
NbTbNiAuO6,1.4621467794684317
TcNbNiAuO6,1.458118227672861
VTbNiAuO6,1.4082085720738804
CrSbTiNiO6,1.4879023080534046
TcSbNiAuO6,1.4220277998908941
CoLaNiAuO6,1.4129895553032399
CoTlNiAuO6,1.4413945740364127
TaCeNiAuO6,1.434299580385515
TaCeNiAuO6,1.4293812631739553
YCsZrNiO6,1.4393435909286971
IrCuNiAuO6,1.4248286625739282
TaTlNiAuO6,1.470745310512964
TiAgNiAsO6,1.4194591027615437
NdCsNbCrO6,1.4616756795982773
TbNdYbNbO6,1.4521778402269283
DyNdNbIrO6,1.4083012444375456
ScSmNbAlO6,1.4455849136107033
SmCsNbAsO6,1.406590699435775
SbCaNbCuO6,1.4035779889297508
SbCsNbTaO6,1.4740968136964787
SbCsNbIrO6,1.4075038630307437
AgTmNbIrO6,1.4870874888651737
AgCsNbAlO6,1.4802644782893237
AgCsZrNbO6,1.4439512360442508
CeSmNdCuO6,1.4974024467678138
SmCsNdIrO6,1.4964854629297222
CrSrFeTiO6,1.4174502026485547
TlSrFeAsO6,1.4064055029776108
SmCsFeTeO6,1.4143730092752649
SmCsFeAsO6,1.4833596015159745
SbScFeTiO6,1.4968829405104744
CrScFeAuO6,1.4831555916585357
ScTlFeTiO6,1.494179847031969
SbCdFeAsO6,1.4881891223904131
CrSbFeAuO6,1.4611157677570024
TeCdFeAsO6,1.4464069801118613
TmTlFeTcO6,1.4902400619019043
LuCsTaFeO6,1.4450366838645703
CrTlFeAuO6,1.4835892630853265
TaYbFeAuO6,1.4117752338940597
CeSmDyBO6,1.4535626943402633
LuCuTcBO6,1.4220178364793254
TcLiIrBO6,1.4458706462329414
IrTiAuBO6,1.4022999239722795
LuCsTiSiO6,1.4311959608515108
SmCsSnMoO6,1.443334321832799
SbTmSnAuO6,1.4219197309868934
DyCsZrSnO6,1.4737565804215105
InYbSnMoO6,1.4063210772086172
CeCsSmLuO6,1.4602894302259697
TlCsSmTbO6,1.4261490304550906
TlCsSmYO6,1.4968765388662606
SbScTiVO6,1.463545939434784
TbScInVO6,1.4504900706641433
ScYbVAsO6,1.4140415354397189
CoSbVCuO6,1.4198312817102312
CoYbVAlO6,1.4018416821161979
CoYbVAsO6,1.4981899109121872
ZrCdInVO6,1.472724531876729
YbTmVAlO6,1.4370149660764577
TcCsVAuO6,1.4366191236788681
CrLiVTcO6,1.4076639200708998
CrLiVIrO6,1.4240723185284068
CrLiVAsO6,1.479214300191107
TcCrVAuO6,1.4612267928890708
TcLiVAsO6,1.4697990490297932
TbTlZrVO6,1.4643881744672615
TbTlMoVO6,1.4980945539947939
IrTlVAlO6,1.4614941437822409
TaTbVAuO6,1.4940635090087966
TcAgVAlO6,1.4397847312580518
TcAgVAuO6,1.443160223899441
TbCaScAsO6,1.4596341214987714
TbLuScAgO6,1.470264466308632
CaCsSbTiO6,1.4055120400952603
TaLuSbAuO6,1.4442532928834781
TbCsIrSeO6,1.475626408362777
InLiMoSeO6,1.4354105983681178
TbCaCoAlO6,1.4048499649837651
LaCsTaCoO6,1.4519341537691413
TbCsCoAlO6,1.485328336971135
LuTlZrCrO6,1.4520057540573792
TiYbCrAsO6,1.4810035057837507
TeAgCrAsO6,1.4811861797967523
TaDyCrAuO6,1.4766300705502193
InDyMoCrO6,1.4184452338131033
TiTlTeCuO6,1.458535042663126
ReNiIrVO6,1.4186283249925462
ReCrAsAuO6,1.4526729443096607
BiRhSeVO6,1.44006810225176
BiRhAuCuO6,1.4939429068708527
RhPtVZnO6,1.4602497103398488
RhPtAlVO6,1.420426534504913
PbRhIrZnO6,1.453593160574466
HoRhTcNiO6,1.437681548928536
HfRhIrZnO6,1.4808668979661548
RhNiIrVO6,1.4026107173501081
RhNiSeAuO6,1.4995317972024447
RhCsAsAuO6,1.4429918522591063
RhTeAlAuO6,1.432371609887618
BaPbNbErO6,1.4373460051920564
BaPbTcErO6,1.4594040194628937
BaPbAuScO6,1.4544085661736308
BaPbMoLuO6,1.4144276783758907
BaPbAuYO6,1.4509735508949069
BaPdCrMnO6,1.4149010862390887
BaKMnTaO6,1.4538165445931728
BaKWTeO6,1.4676719446378215
BaNaIrTaO6,1.476736024385185
BaNdVDyO6,1.4567015876501164
BaSrVSmO6,1.4862841942014022
BaSrVDyO6,1.4912106952920177
BaSrCrLuO6,1.4360951628274472
BaSrCrYbO6,1.447584447870491
BaSrCrYO6,1.4461768825103072
BaSmTcCeO6,1.490612411191304
BaSmAsCrO6,1.4247721614467896
BaCaTcTmO6,1.4982007356356637
BaCaAsYO6,1.4316399068350334
BiGdGaHgO6,1.4750813731725712
GdBiSeHgO6,1.42037453765229
GdBiWMnO6,1.4168065766358757
PrBiNbHgO6,1.4939849823376858
PrBiVHgO6,1.463395860764784
PrBiTaHgO6,1.4034244422068027
BiPrVLiO6,1.4118549907921878
PrBiTcVO6,1.4591625463339901
PbBiSiPdO6,1.481438836780059
BiPbMnAgO6,1.431217952210745
BiPbWInO6,1.4915236594346912
PbBiAsZnO6,1.4731281894091321
BiPbSbCdO6,1.4180811103653408
BiPbSbAgO6,1.4657237387760784
BiPdSiMnO6,1.4835034426878015
BiPdVMnO6,1.4755425105769815
BiPdTeMnO6,1.4410014917472493
BiPdAuZnO6,1.4908775232902667
BiPdVFeO6,1.4776247578351982
BiPdSiTiO6,1.4984565047633562
BiPmSiCdO6,1.4942064859966329
HoBiCrMgO6,1.471803733958476
BiMgTcLiO6,1.4124581089214046
BiKMnInO6,1.4352555899165997
BiKWFeO6,1.4694332510926627
BiKWCrO6,1.4475108727550625
BiKCoCrO6,1.474625036899127
BiMnAlVO6,1.4651688766163422
BiMnSeAuO6,1.412614496567229
BiMnAlCrO6,1.4536668443653291
BiNaVInO6,1.4178253086353485
BiNaCoAgO6,1.491895225727095
BiNdSiAuO6,1.4486687906003388
BiNdCoLiO6,1.4201910628994945
BiNdTcAgO6,1.4892104592975182
BiSrTaAgO6,1.4585798206412872
BiSmSeAuO6,1.436955732841799
BiScAsAuO6,1.439222737330639
BiCaTcAgO6,1.4316453775681335
PrGdIrPbO6,1.464002695269239
PrGdSbHgO6,1.407740249819684
GdPrWCaO6,1.4492410745006945
GdPrNiDyO6,1.4194805429524107
GdPrVTmO6,1.4964718198657827
GdPrCoTmO6,1.4506617907508401
GdPrCrLiO6,1.4699091321907138
GdPrTiYbO6,1.4104937634921535
GdPrTaYbO6,1.4763472239320499
GdPbPdTmO6,1.4044385581027792
GdPbHfYbO6,1.4216353682603755
GdPbNbMgO6,1.4262789113625196
GdPbSnTmO6,1.4546091957268659
GdPbIrYbO6,1.4258615102067371
PmGdCrMgO6,1.4286884203025774
PmGdNbNaO6,1.4149425495224355
PmGdTiFeO6,1.4194565223556013
PmGdIrYbO6,1.4413442859998409
GdHoNiHgO6,1.401260441964881
GdHoIrAgO6,1.4239306444708906
GdMnTcCrO6,1.4180186848148453
GdEuVCaO6,1.437375934472775
GdEuSeCdO6,1.4150473766581133
GdEuSeDyO6,1.462933624046473
GdErSeTmO6,1.4680938585425374
GdErZrAgO6,1.4159794985733394
GdNdTiYbO6,1.4831381593090769
GdSrTeYO6,1.4859194825608235
GdSmTiYbO6,1.465331943425328
GdSmTeYO6,1.408536892844562
GdSmTcAgO6,1.4031344726300703
SmGdAuYbO6,1.4086474286250708
GdCaAsYbO6,1.4038719744896797
GdTmZrDyO6,1.4679372324861382
GdCsTaAgO6,1.438424296853159
GdTbZrAgO6,1.4672822216115813
PrPbTePdO6,1.4703374191522478
PrPbHfYbO6,1.429904042066034
PrPbMnDyO6,1.4784915294843353
PrPbSbNaO6,1.4385231038070239
PrPbTmNaO6,1.4732532877944011
PrPbSiTaO6,1.4275544501901163
PrPbTcTmO6,1.4045470778531388
PrPbTaTmO6,1.4344346566068924
PrPbIrLiO6,1.4008413571085938
PrPbTiTbO6,1.4481302603484716
PrPdWMnO6,1.4298194361133005
PrPdSeTiO6,1.4884949642551506
PrPdAsAuO6,1.4124979423518087
PrPmVHgO6,1.4066061002460613
PrPmAsHgO6,1.4420121271112296
PrPmMnNdO6,1.4194285028006803
PrPmNbCaO6,1.4781711556726649
PrPmNbAgO6,1.4206167716247238
PrPmTaSmO6,1.4123666659634648
PrPmMoCaO6,1.4507492695121995
PrPmTcTmO6,1.4998360945870803
PrPmTiLiO6,1.4294532309218797
PrHoNiHgO6,1.4721760991518402
PrHoBYbO6,1.408240172237141
PrHoSiAgO6,1.4872840033585033
PrHoCrLiO6,1.4325397494433876
PrHoTcAgO6,1.4019865881834712
PrHoMoYbO6,1.424575821832895
PrHfTiLiO6,1.473790272579256
PrHgCrMgO6,1.4501297202524683
PrHgTiMnO6,1.4164403784823154
PrMgAsAuO6,1.4097165403940943
PrKWErO6,1.4939871967055929
PrKSbLuO6,1.4298853975125796
PrKSeLuO6,1.4512176589757384
PrKCrDyO6,1.4720961881177441
PrKTaAgO6,1.4529802078275553
PrKIrInO6,1.490472034039751
PrMnSeTiO6,1.4470902800191183
PrEuNiYbO6,1.4205350397141319
PrEuNbDyO6,1.460692850596363
PrEuSiSmO6,1.4358204576875557
PrEuCrSmO6,1.4248000042370033
PrEuTaSmO6,1.411171881379128
PrEuIrSmO6,1.4651444083856031
PrEuTeCdO6,1.4892155210152511
PrEuCuYbO6,1.4653746227207398
PrErBYbO6,1.4332554768785035
PrErInCdO6,1.4408047485669186
PrNaVNbO6,1.4802279900755768
PrNaNbTmO6,1.4060623119809887
PrNaNbLuO6,1.4359327231054213
PrNaNbYbO6,1.4785647023379966
PrNaSeFeO6,1.4778825336698216
PrNaSiTbO6,1.4874301776391596
PrNaVAgO6,1.4188553604952159
PrNaTaSbO6,1.4330777324304573
PrNaMoTmO6,1.448345337607258
PrNaTiCrO6,1.4876687115850025
PrNaCrDyO6,1.4537194958377755
PrNaAsAuO6,1.4198603740553164
PrNdFeCaO6,1.490073386123853
PrNdSiTiO6,1.4633609755329353
PrNdCrSmO6,1.4247525913918289
PrNdTcScO6,1.487693907984134
PrNdTeCdO6,1.4805355973372238
PrNdCrTmO6,1.4837425851909718
PrNdCrTmO6,1.4824243350156054
PrNdCrYbO6,1.439711362767809
PrNdCrDyO6,1.4788346501403775
PrFeSiTiO6,1.458229383673805
PrSrVYbO6,1.4320505794984575
PrSrSeCaO6,1.497891481432958
PrSrSeCdO6,1.4141207485137741
PrSrSeIrO6,1.455398484633151
PrSrTeAgO6,1.4955604323872043
PrSmMoCaO6,1.4995813293252536
PrSmTiCdO6,1.45716955779598
PrSmMoLiO6,1.4115454013471702
PrSmZrAgO6,1.4889134083100484
PrSmMoAgO6,1.4535818275157242
PrScTcLiO6,1.4103390851568987
PrCaIrTaO6,1.4288300501894748
PrCeTaTmO6,1.4400724393731419
PrTmTeCrO6,1.425168314603366
PrTmTeDyO6,1.4670366737392853
PrTmZrYbO6,1.4754365397020206
PrCsTiAgO6,1.4387518549926506
PrCsTcTaO6,1.4766476645480062
PrCrAsAuO6,1.4470430429913597
PrLiTeTiO6,1.499046690236096
PrLuTiYbO6,1.4907053837900484
PrLuMoDyO6,1.4147885506381146
PrTbMoAgO6,1.4891588109838823
PrYbIrDyO6,1.4934225443743676
PrYbMoAgO6,1.4870209123674165
PdPtSiZnO6,1.452524888139484
PtPdSeAuO6,1.4852675334962713
PtPdAsAuO6,1.478060271738864
MnPtAuZnO6,1.460841783137754
PtMnBAuO6,1.4494944054712227
PtWBAuO6,1.4406761030793123
SrPtTcCoO6,1.4137025100500524
PtTbAsAuO6,1.4498515295260033
PtAgAsAuO6,1.4643745038928462
PbPdWFeO6,1.4858659152543583
PbPdAsWO6,1.455691071530714
PbPdIrZnO6,1.4419717875854976
PbPdIrZnO6,1.4850016001842055
PbPdNiCrO6,1.4158047910757183
PbPdTiFeO6,1.4181526918267255
PbPdSiAuO6,1.4474990352029036
PmPbTcHoO6,1.493685567967361
PmPbSiErO6,1.461565526856089
PmPbTiErO6,1.4385187567251227
PmPbTcNiO6,1.4783835641223992
PbPmFeAgO6,1.4762888593346624
PbPmBTiO6,1.4184197664037015
PbHoAuCdO6,1.4472096348687895
PbHfMoHgO6,1.4963198982861232
PbHfTiLiO6,1.452741118789401
PbHfAsLiO6,1.474080499252946
PbHgNbMgO6,1.4697180104225986
PbMgVMnO6,1.4666532777812
PbMgVZnO6,1.4525190797617542
PbKWNbO6,1.4357860193414955
PbKNiSbO6,1.4977436407061293
PbKFeSbO6,1.464678273526837
PbKFeTaO6,1.4761472485061253
PbKTcZrO6,1.4594742238219363
PbMnWTiO6,1.4064304250691033
PbMnCoVO6,1.4119449841922802
PbMnTcCoO6,1.493025063914535
PbMnAsAuO6,1.4930081647921136
PbWBAuO6,1.463830405666122
EuPbMoTmO6,1.409906131741411
PbEuTiAgO6,1.4035298157199816
EuPbZrAgO6,1.4532300974761256
PbErVLiO6,1.4854050375112664
PbErCrYbO6,1.4377731361239243
PbNiSiAuO6,1.454734307773337
PbNaCrFeO6,1.4599743509555765
PbNaTiFeO6,1.4695139679935447
PbNaVSnO6,1.4283313492097034
PbNaSnTbO6,1.4740328662042594
PbNaVYbO6,1.4490783289692564
PbNaMoTmO6,1.4722909267150952
PbNaTaLuO6,1.4222826641153559
PbNdFeAgO6,1.436166448567919
PbNdSnAgO6,1.4775935715068131
PbNdVCdO6,1.431455144790089
PbNdSbDyO6,1.4689356532041802
NdPbTeTmO6,1.4263864429915216
NdPbAuTmO6,1.4099514570465694
PbNdTcDyO6,1.4777322306837846
NdPbAsYbO6,1.425419657348254
NdPbMoYbO6,1.4644072894355693
SrPbTcTmO6,1.4029436520945728
SrPbAsLuO6,1.4322486922769118
SrPbAuYbO6,1.405284655820581
SrPbMoYO6,1.4388492374824093
PbSnTaLiO6,1.453412303812984
PbSmSbAgO6,1.4063151251225856
PbSmSeYbO6,1.4364040635972066
PbSmSeAgO6,1.479720692227619
SmPbYCaO6,1.4697529508173246
SmPbTiCdO6,1.4528865495582592
PbSmCrDyO6,1.4651281537219774
PbSmCrAgO6,1.4584015056104749
SmPbMoLiO6,1.4205650716124192
PbSmTeAgO6,1.4798472908743427
SmPbIrDyO6,1.4975178371049278
SmPbAlAgO6,1.4388621652465183
SmPbMoAgO6,1.463604862298934
PbCaTaCdO6,1.4738424837146367
PbCaCrTaO6,1.483436135290706
PbCaMoTbO6,1.4758252188027974
PbTmTeCrO6,1.4308582955166096
PbCsTeAgO6,1.4275796793957176
PbCsTcAgO6,1.4061171306952829
PbCsTaDyO6,1.458731248392583
PbCuAsAuO6,1.4976773089488067
LaPbAsYbO6,1.4433015153425204
PbLuTaAgO6,1.487851853587996
PbYbAgDyO6,1.4577163405511135
HfPdWMnO6,1.4502197813637416
HfPdTcMnO6,1.4143070565491096
PdMgWTiO6,1.4043989026086403
PdKWFeO6,1.488790417261338
PdMnTcNiO6,1.4112501111666897
PdEuSeAuO6,1.4908709078268219
PdNiSeAuO6,1.4031469615783534
PdNiAuCuO6,1.4600118801833173
PdNaSiVO6,1.4443940360953493
PdNaSiTiO6,1.4456548308089059
PdNbVTiO6,1.488958796817263
PdFeBAuO6,1.4809462954739017
PdSrCoTiO6,1.485852851865014
SmPdTcCrO6,1.4507742594836703
PdSmAsAuO6,1.4757878167468794
PdScSeTiO6,1.4842232903341954
PdSbSeTiO6,1.4796100623615724
SbPdIrCrO6,1.4740698772371859
PdSbCuTiO6,1.4102218799065374
PmHoWHgO6,1.4611066482108188
PmHoAsHgO6,1.4568613323644974
PmHoSiAgO6,1.4754838656794287
PmHoTiDyO6,1.49805168361739
PmHoTcYbO6,1.4555640333487316
PmMgTaSbO6,1.4861101350227746
PmKNbYbO6,1.4212904871984993
PmMnAsZnO6,1.423736701900071
PmMnSeCrO6,1.4892956016955055
PmEuNbTbO6,1.4332157725632348
PmEuTaNdO6,1.4185293257082037
PmEuSnDyO6,1.4369604137687035
PmEuTiSmO6,1.425728100935492
PmEuAsCdO6,1.4593792201449798
PmEuCrYbO6,1.4442307174552071
PmErTiTmO6,1.4920325424458132
PmErCrYbO6,1.4839054944836416
PmNaNbDyO6,1.4134015790159522
PmNaVSbO6,1.4634035341595253
PmNdSiScO6,1.459365719793118
PmNdCrCaO6,1.4647566270315928
PmNdTiTmO6,1.4691183427963634
PmSmTaCdO6,1.4947659572174694
PmSmIrYbO6,1.4999190888697158
PmCaTaCdO6,1.449758036883795
PmCrAsTiO6,1.4779064019724926
LaPmMoDyO6,1.4474421660730756
PmYbMoDyO6,1.4712041676378755
HoKVSbO6,1.474152081274428
HoMnTcCoO6,1.4305825496712952
HoEuNbYbO6,1.4673737729946037
HoEuSiAgO6,1.4250157157692753
EuHoTiTmO6,1.441033267159786
EuHoAsLiO6,1.4523256304775098
EuHoTeTiO6,1.448705318794025
HoNdTiYbO6,1.4885033894877902
HoNdTaInO6,1.4760486841040807
HoSrSbTmO6,1.486920269640951
HoSmTcDyO6,1.4044195353934052
HoLuMoAgO6,1.4375429505417066
HfHgTcNiO6,1.467617588937646
HfKMnCdO6,1.455886723402108
HfMnAuNiO6,1.4614140735542132
HfMnSiCoO6,1.423679840939085
HfMnVTiO6,1.4081364330085868
HfErBCdO6,1.4224142974654828
HfSrSiCdO6,1.4883234386955915
HfSnCoLiO6,1.4009458540558932
HfSmCoLiO6,1.4265129323551953
HfLiIrTaO6,1.491655039114729
SmHgMoLiO6,1.4487132796138658
HgCdCrTaO6,1.4465840307374769
HgCsCrTaO6,1.4425595456720839
ErMgTiSbO6,1.4953952829211608
CdMgTcCuO6,1.4974183964639622
MgYbAsMoO6,1.497330147596964
MnZnVNiO6,1.4641742880638022
MnZnCuVO6,1.4090199026948795
MnEuSiAuO6,1.4262198800432797
ErMnSiFeO6,1.485294012101665
MnNbAsAuO6,1.4854761617795682
MnFeVTiO6,1.4474388617087102
MnFeCoTiO6,1.4296653886314137
MnFeCuTiO6,1.4091256349151513
SmMnTeCrO6,1.4474635756518544
ScMnTcCrO6,1.4826996888292496
YbMnAsIrO6,1.4501842323734935
MnIrAsAuO6,1.4854969395139295
WNdBVO6,1.4115378270274235
WCeAsAuO6,1.4213003930721968
ZnCuAsAuO6,1.429836445901233
EuErSeDyO6,1.4110208521356826
EuErTiDyO6,1.4344951325357438
EuNaCrNbO6,1.4028870603488834
EuNaNbTbO6,1.486779506556769
EuNaSbTbO6,1.4572317759792255
EuNaAuTmO6,1.4174167102952937
EuNbAsAuO6,1.4629253921726602
EuNdTeFeO6,1.4409460457361234
EuNdAsVO6,1.4806777212959545
EuNdSeLuO6,1.471372262939225
EuNdSeYO6,1.4786103174121359
EuNdCrCaO6,1.4358980106166428
EuNdIrCeO6,1.4098087647818467
EuNdZrCeO6,1.4010018214180735
EuNdAuCdO6,1.4561057676533158
EuNdAuTbO6,1.4853772630261286
EuSrSeTbO6,1.4136685896597518
EuSrTaYO6,1.450733461064146
EuSmZrTmO6,1.465486021167105
EuSmCrDyO6,1.4375340281892333
EuSmCrYO6,1.4026943418085724
EuSmTeYbO6,1.4576499899027664
EuSmTaYbO6,1.4735427436296684
EuSmAsAgO6,1.4032709808883548
EuScAsAuO6,1.472709787996204
EuTmTeCrO6,1.455780667335801
EuTmZrYbO6,1.4938218070088696
EuTmAuDyO6,1.4950289906112937
LaEuZrYbO6,1.473809363603491
EuLaAsAuO6,1.4670434916447355
TlEuAsAgO6,1.4058445511993845
EuTlAsMoO6,1.4108812707366032
EuTbTaDyO6,1.4768239088733885
EuYbAsAuO6,1.428465862462474
ErNdVScO6,1.474983253112391
ErNdTiDyO6,1.408246643238115
ErFeTeCrO6,1.4696176842116258
ErTmAsCrO6,1.4689061564423962
ErTmIrLuO6,1.4432839731740539
ErCsIrInO6,1.42462917942546
ErDyZrAgO6,1.4796749091402526
NiNaAsAuO6,1.4848060553043023
NiFeAlAuO6,1.4756877596870261
NiTiAsAuO6,1.4124301201247185
NiTiAsAuO6,1.4029019828966238
NiIrAsAuO6,1.4594504811748206
NdNaIrTmO6,1.403407781006348
NdNaTaLuO6,1.4739933122520892
SrNaIrTaO6,1.4168739711287692
SmNaMoTmO6,1.4139956263499864
SmNaMoLuO6,1.4766904412600954
SmNaMoTbO6,1.434507606781446
SmNaIrDyO6,1.463028151476262
SmNaIrDyO6,1.417208838808428
LaNaAsTaO6,1.4614796448121978
LaNaIrDyO6,1.478504800873627
TlNaMoTbO6,1.4161330044230025
NbFeBTiO6,1.4310971786798634
NbFeCoVO6,1.4340531681798636
NbFeCoCrO6,1.4041231461523587
NbFeTcCuO6,1.4177460163624942
NbSrCrTaO6,1.4742333654855095
NbSbIrCrO6,1.4554523087142401
NbSbIrCuO6,1.4177327138701148
NbSbIrLiO6,1.4690361092031046
CeNbTcLiO6,1.4371842281657667
NdSrSiYO6,1.4456916866227514
SrNdTcScO6,1.4809621485415538
NdSrSbDyO6,1.4801785063056594
NdSrCrDyO6,1.4074976330268232
NdSrTcAgO6,1.469369077617988
NdSrAsMoO6,1.4344277891754633
NdSmVScO6,1.4342972605390958
NdSmVCeO6,1.4733342154863907
NdSmVYbO6,1.4958698561867323
NdSmSbCdO6,1.4588015319955798
NdSmMoCaO6,1.4194109883879715
NdSmMoCeO6,1.4185848673716004
NdSmCrLiO6,1.4078888328996295
NdSmCrTaO6,1.4801036758190764
NdSmCrDyO6,1.403058980344903
NdSmTaInO6,1.4695413460021574
NdScIrAgO6,1.4338061001304236
NdCaAsCdO6,1.4886963956125607
NdCaTaTmO6,1.41102519225213
NdCaIrLuO6,1.4788008372985124
NdTmMoLuO6,1.4189161333926688
NdTmTeTbO6,1.476625866001541
NdTmIrTbO6,1.4963841819835682
NdTmTcYbO6,1.439913500539662
NdLaTcYbO6,1.4080876531853643
TlNdMoYbO6,1.4476141180650377
NdTlAsMoO6,1.4139662676211127
NdLuTaYbO6,1.4450945753785185
NdYbIrDyO6,1.486610613519827
NdYbIrDyO6,1.4728082469252823
NdDyZrAgO6,1.4517939706222571
SrSmVYbO6,1.415655115994332
SrSmTaLuO6,1.4038814947620215
SrCaAsTaO6,1.4959563551751431
SrTmTaDyO6,1.4132265080026176
SnSbSeLiO6,1.4355555384973586
SnCsTeTaO6,1.4982300767265895
SnTbAsAuO6,1.4911321402403985
SmScCuAgO6,1.4326092328670283
SmSbSeAuO6,1.497268591567312
SmSbTiLiO6,1.438371841621279
SmCaIrTmO6,1.4758063014120542
SmCaMoTmO6,1.4563527269871264
SmCaCrYbO6,1.4030948537340695
SmCaTiAgO6,1.4949095076057661
SmCaTcAgO6,1.4856160908428258
SmCaTaAgO6,1.4386298197458431
SmCeAuCdO6,1.459827735563451
SmCeMoLiO6,1.4751334464426875
SmCeAsAgO6,1.4515743827635577
SmTmCuDyO6,1.4168182484330647
SmTmTcDyO6,1.4608101649324696
SmTmAsYbO6,1.4376082377393968
SmCsTcAgO6,1.4117571947625285
SmCsTaYbO6,1.4944322149038731
LaSmMoYbO6,1.45341264272903
LaSmZrAgO6,1.462355700763855
SmLiTeTaO6,1.4652446437105993
SmTlTaDyO6,1.4508479434259143
SmTlTaYO6,1.4487133460625208
SmTlTaAgO6,1.403520870295866
TlSmAsAgO6,1.4700215330027848
SmLuTeDyO6,1.4878192351285986
SmTbTcDyO6,1.4753808119890355
SmYbAsDyO6,1.413488077601
SmYbAuDyO6,1.410200991179567
SmDyZrAgO6,1.4158841486233111
SmAgAsAuO6,1.4256988071880319
VCoTcCuO6,1.4057751838102173
VCeAlAuO6,1.4070099335826125
ScLaTaAgO6,1.4058114377361568
SbCrTcCuO6,1.4455801224053846
SbTiAsAuO6,1.4941237034179418
CoCaAsAuO6,1.450485186790803
CoTiAsAuO6,1.4951939588309038
CoTaAsAuO6,1.491594190787426
CaCsIrZrO6,1.479322626731519
CaLiMoTaO6,1.4650612831940442
TlCaAsDyO6,1.470412020609358
CaDyAsMoO6,1.4843413529052185
CdCsCrZrO6,1.4919156342384163
YbCdMoInO6,1.4877718860287292
LaTmTcLiO6,1.433042939342948
TmLaTaDyO6,1.4625896456034952
TmLiIrTeO6,1.4887956751440277
TlTmZrYbO6,1.4790033701060947
TlTmMoYbO6,1.4858949182164403
TmYbAuDyO6,1.4199608909970638
TmYbZrAgO6,1.4063254376640204
CrTaAsAuO6,1.4464596491514408
CuTaAsAuO6,1.4112483537198761
LaTlTcDyO6,1.4849263021192272
LaTlIrDyO6,1.4948744774617615
LaTlAsAgO6,1.421890683383267
LaLuTeYbO6,1.4062865724212228
LaLuIrDyO6,1.4498219271798365
LaTbTaDyO6,1.4335693082800218
TbLiIrTaO6,1.4892089614552464
TlYbMoDyO6,1.4283598905872674
YLuMoAgO6,1.431579040834987
TbYbMoDyO6,1.4269230989159774
TbYbMoAgO6,1.4451080776347716
YbAgAsAuO6,1.4048407538677767
RhPbBeCuO6,1.4764517944885276
RhCoBeAuO6,1.426698595719101
RhTiBeAuO6,1.4168938285775081
RhPtGaAuO6,1.4675824425329262
NdRhVZnO6,1.4554470007062945
RhVSeZnO6,1.4015573074753138
RhVIrZnO6,1.4290041243739584
RhCuIrZnO6,1.4673446283084357
RhCoSeAuO6,1.4446943750437964
RhAgSeAuO6,1.4931270930174465
BaTmMoBiO6,1.4469872553198369
BaPbOsHoO6,1.4317486658134997
BaHgOsTeO6,1.4865425957436686
BaSrOsTlO6,1.4459700680792011
BaSrOsLuO6,1.4382621989240105
BaPbSbGdO6,1.4488044880116155
BaPbIrGdO6,1.4277367480114027
BaPbAsGdO6,1.417873917310635
BaEuNbGdO6,1.400847406818021
BaNdMoPrO6,1.435048525389919
BaSrTcPrO6,1.4701139117302877
BaSrMoPrO6,1.4287263496147213
BaNdTcPmO6,1.4912410267268064
BaNdTaPmO6,1.4021268040100536
BaSrTaHoO6,1.4446549651524103
BaTmAuHoO6,1.4313941602326596
BaCsMnTaO6,1.4704242458560555
BaTlTcMnO6,1.426195074227649
BaCaWLuO6,1.4858616713424655
BaNdCrEuO6,1.4097052651155138
BaSmAsEuO6,1.4696137169316326
BaSrAuErO6,1.4012518985727702
BaYbAsErO6,1.4115659403192091
BaNdNbScO6,1.4663721871129551
BaLiTaNbO6,1.4569677790434112
BaSrAuNdO6,1.4706542362998054
BaLiTcSnO6,1.4993953055380504
BaCaMoScO6,1.4314319079824285
BaYbIrTaO6,1.439484778691771
BaYbAsTaO6,1.4369507889084125
BaDyAsYbO6,1.443368006611859
BiGdGeMgO6,1.4973819946743951
BiCsGeCrO6,1.4680452195159897
BiMgGaVO6,1.4381128443927043
BiMgPtLiO6,1.4500426324348743
BiKPtCdO6,1.4964176153914153
BiTiAsPtO6,1.4775883813811532
BiPmPdLiO6,1.4894923659680912
BiNbFePdO6,1.4968598054799158
BiSnTiPdO6,1.4198793929358924
BiAgAuPdO6,1.4843174306109546
ErBiNbHgO6,1.4346188190186215
SmBiAlHgO6,1.4453842442096179
SmBiMoHgO6,1.4055037989924741
LuBiTeMgO6,1.4004500382595209
LuBiMoMgO6,1.423637173698163
TbBiAuMgO6,1.452782692452654
BiNbTcMnO6,1.4668652062612677
BiSbCrMnO6,1.457421404031628
TmBiTiMnO6,1.418513563281232
BiCsMnAgO6,1.408718475374931
BiDyMnAgO6,1.4660540780728104
BiNdWTiO6,1.463392420093982
BiNdWTiO6,1.470556279508357
BiNdWAgO6,1.4077057617818873
BiYbWAgO6,1.4163910970550788
BiNiAlZnO6,1.413454314919447
BiCrTcZnO6,1.412542509330113
BiAgAuZnO6,1.4005295932686637
BiNbNiLiO6,1.4145071168159762
BiSmNiLiO6,1.4418147498027514
BiTmNiAgO6,1.4890778678940617
BiCrNiTiO6,1.4471762141827538
BiTbNiAgO6,1.480725854918272
BiYNbAgO6,1.4608123476035308
BiLaFeAgO6,1.461521810699135
BiCoAuVO6,1.4152144763045154
BiCuTcVO6,1.431887303834334
BiCsSbAgO6,1.4618392068126917
LuBiTiCdO6,1.4830856168985669
BiYbCuAgO6,1.4804736119105153
BiIrAuCuO6,1.424523627981956
BiDyTiAgO6,1.4730847756692538
BiAgTcInO6,1.4322145864193472
GdPbPtYbO6,1.4175081085071186
GdKPtTbO6,1.4353380902312893
GdNdPtLiO6,1.4612761867632575
GdTmPtTbO6,1.4665645166863996
GdTmPtYbO6,1.4232535790618637
GdTlPtTbO6,1.4722862157239147
PmGdWPbO6,1.4925341389741937
PmGdTbPbO6,1.4473312736436725
EuGdTcPbO6,1.4211327257755597
NdGdTcPbO6,1.458076775974984
GdEuHfCaO6,1.4132060205625143
GdNdHfTmO6,1.4719689050785367
GdCaHfTbO6,1.4407753830435064
GdYHfAgO6,1.49275357861553
EuGdIrHgO6,1.489513054189022
SmGdSeHgO6,1.4063374099606574
GdYIrHgO6,1.4836269800919686
NdGdSeMgO6,1.4573961572250587
GdAgMoMgO6,1.4519254541543292
GdFeTiMnO6,1.4040571565319806
GdSmMnYbO6,1.4658662108068206
GdSmMnDyO6,1.4312991680993095
SmGdAuMnO6,1.4920573747975605
GdTmMnYbO6,1.410680190151397
GdTlMnAgO6,1.414097683133632
GdEuWTmO6,1.4911904336055501
GdEuWDyO6,1.40462220550817
GdNaWLuO6,1.4017484051747475
GdSrWDyO6,1.4486379404353134
GdTmWAgO6,1.458933144185559
GdTlWDyO6,1.4763165007889807
GdCaTiErO6,1.428067406415792
GdTmTiErO6,1.448526189323642
GdTmMoErO6,1.40496749777698
GdNdNbTmO6,1.4003178390882198
GdSmNbDyO6,1.493524134648747
GdCaNbCdO6,1.4771788209948982
GdCaSiDyO6,1.4657308617415679
GdTmSiLuO6,1.4164914907455828
GdTlSiDyO6,1.445204687867792
GdCaVYO6,1.4061931947940964
GdCsVTaO6,1.4752738908572582
GdTbSeYbO6,1.4627564328150529
GdYCoAgO6,1.4900171318320758
GdTmIrCdO6,1.473975385392388
TlGdZrTmO6,1.4046836850441091
GdLuTcTmO6,1.4259524225679507
GdYbIrTmO6,1.4586876653904375
GdDyZrLuO6,1.497961388673432
PrPbPtLuO6,1.415286744691274
PrPbPtDyO6,1.481244308305711
PrErPtLiO6,1.4268081032501347
PrNaVPtO6,1.4296546246520954
PrNaPtDyO6,1.447045068244322
PrNdPtSmO6,1.4223387458259
PrEuTaPbO6,1.4908029056993717
PrNdLuPbO6,1.4108825669999685
PrNdIrPbO6,1.4417963469219737
PrNdZrPbO6,1.4660148209499015
PrSmIrPbO6,1.4031917693992768
PrCaZrPbO6,1.452952804049497
PrCeTbPbO6,1.428848102818908
PrHfPdHgO6,1.4859946821858105
PrMgSePdO6,1.4626061767740268
PrKPdNbO6,1.4419355493115498
PrEuPdTmO6,1.426338402242088
PrEuPdTmO6,1.406559285894303
PrNaPdDyO6,1.4348462620557718
PrNdSePdO6,1.4546299353470895
PrFeSiPdO6,1.4440636219081648
PrFeSePdO6,1.497054952450791
PrSrPdYbO6,1.445269370983866
PrCaAsPdO6,1.4468693224556912
TlPrTcPdO6,1.4837895189746793
PrSmCoHoO6,1.4160428396397657
PrTmCrHoO6,1.4204918274809246
PrEuHfAgO6,1.4631037549139345
PrSmHfCaO6,1.4070656658173983
PrSmHfDyO6,1.431351294729467
PrMgAsHgO6,1.4747519573349648
PrEuNbHgO6,1.4954710819509562
PrErVHgO6,1.4721119387156283
PrNdTcHgO6,1.458297640865671
PrSmVHgO6,1.4377291076869538
PrSmTaHgO6,1.4862308242865554
PrTbIrHgO6,1.4004366331267817
PrTbMoHgO6,1.4886630925635407
PrDyAsHgO6,1.487326543747651
PrYMoHgO6,1.4098062214948255
PrErAlMgO6,1.4416967724038279
PrNdSbMgO6,1.4421614234167606
PrTmCrMgO6,1.4733612135393166
PrEuMnNdO6,1.4957822436489596
PrEuMnDyO6,1.4357998573796567
PrErMnDyO6,1.434523616881586
PrNaMnNbO6,1.414666247397719
PrNaCrMnO6,1.4533890659921034
PrNdMnSmO6,1.4767179998525828
PrNdMnSmO6,1.410661384367805
PrSrMnAgO6,1.432877250451121
PrTmMnYbO6,1.4415109272925344
PrCsMnTbO6,1.4516525871981791
PrCsMnDyO6,1.4341379809052912
PrTbMnAgO6,1.4139943206556618
PrEuWAgO6,1.4830258428165808
PrNaWTaO6,1.418802177832984
PrSmWLiO6,1.425599101170958
PrTmWYbO6,1.4250703657626378
PrCsWYO6,1.4158051039693877
PrCsWAgO6,1.4224437966344423
PrNaTcZnO6,1.4167757711526383
PrSmVZnO6,1.4817224389310495
PrVIrZnO6,1.487968704481774
PrCaIrZnO6,1.4330648580522571
PrLuAlZnO6,1.4610365734763688
PrNdSnEuO6,1.4209457424023655
PrNdCoEuO6,1.4629858434785863
PrCeTiEuO6,1.4797775329203444
PrCeAsEuO6,1.4127078902738253
PrNdNiYbO6,1.4633188881914398
PrSmNiYO6,1.4386512399509332
PrSbNiTiO6,1.4785555413943638
PrCaMoNaO6,1.4761331642790687
PrCeTeNaO6,1.4015660836273138
PrSmNbTmO6,1.436279755472483
PrLuNbAgO6,1.40336993614293
PrSmMoNdO6,1.4926475942157118
PrSrFeCeO6,1.4690234485983398
PrSmFeCeO6,1.4799755017378757
PrSmFeDyO6,1.4389584511508275
PrTlFeDyO6,1.4852770743695578
PrSmBCdO6,1.4813500281184189
PrCaSiTaO6,1.4533574775710933
PrCeZrSmO6,1.4432114639318918
PrCaVCdO6,1.4942099756802179
PrLiVTaO6,1.407870394896238
PrDySbAgO6,1.4782499131897633
PrTmSeAgO6,1.469222060078567
PrTlSeAgO6,1.4479725213617165
PrLaCoYbO6,1.4787814641719217
PrCeTeCaO6,1.4483543146830515
LaPrTeCdO6,1.4817430516477879
PrDyInCdO6,1.437902746134231
PrAgZrCdO6,1.4637237195006094
PrYbAuTmO6,1.4310674429660852
PrLaCrYbO6,1.4717129181332727
PrTbTaLiO6,1.4269081993007349
PrTbTiDyO6,1.4253016363238251
PrDyIrYbO6,1.4359730147049092
FePtIrZnO6,1.41891739672035
SmPtAsZnO6,1.4212750414217965
PtCoIrZnO6,1.4785392750302149
NbPtVNiO6,1.4777971137424502
TmPtTcNiO6,1.427874972536946
LaPtTcNiO6,1.490788665043413
PtVBAuO6,1.4282610186144353
PtCuBAuO6,1.460604158832152
PbMgTcPdO6,1.4705889029110009
PbKPdLuO6,1.4512287543270865
PbMnAsPdO6,1.4157277914963629
PbErTiPdO6,1.4808438345927475
PbNdPdTmO6,1.4175878254260217
SrPbAsPdO6,1.4991245006607938
SmPbTcPdO6,1.4816295906709898
SmPbAsPdO6,1.4715647043841342
PbSbAuPdO6,1.4235075832361233
PbTmTiPdO6,1.4705721297404186
PbTlPdYO6,1.4488900083848788
PbTiAlPdO6,1.434581244458148
SmPbTaHoO6,1.4913107139773865
PbNaVHfO6,1.467794475694998
PbNaHfAgO6,1.4284637087355716
PbMgNbHgO6,1.4846338638482457
SmPbTcHgO6,1.4072291604093128
PbCaTeHgO6,1.490996423457345
PbCaAsHgO6,1.4772036781014974
PbCdAsHgO6,1.469139034134575
LaPbAsHgO6,1.482456098213109
SmPbTcMgO6,1.4436406663436536
PbLuMoMgO6,1.493024159454124
PbTbTaMgO6,1.4813887166680522
PbNaMnSnO6,1.4203230414670573
PbNaMnScO6,1.4776187989487473
PbNaTcMnO6,1.4302875456860529
PbNaMnYbO6,1.4951863480652658
NdPbTcMnO6,1.4195640090587078
PbSmMnAgO6,1.4325904451984401
PbSbMnLiO6,1.46203674293012
PbCeMnAgO6,1.405228840292659
PbCrTcMnO6,1.4150788914587407
PbNdWTbO6,1.4158128466580666
PbSrWAgO6,1.412449120716888
PbYbWAgO6,1.4848210132137747
EuPbIrZnO6,1.491954143222602
PbLuIrZnO6,1.4057020756247556
PbYAsZnO6,1.4035934781012969
PbAgIrZnO6,1.4790341365490667
PbNaNiInO6,1.4221476032123788
PbSrNiTiO6,1.492598168022997
PbScNbCdO6,1.4189290373082626
PbSrFeAgO6,1.410095225564959
PbTlFeLuO6,1.4578785836110253
PbSmBTiO6,1.4063285313833254
PbSmSiDyO6,1.4911085943297386
PbLuSiAuO6,1.4209615490853313
PbYbSnAgO6,1.4731996822273994
PbTmVLiO6,1.4981583450523597
PbTmAlVO6,1.4763530683640211
PbTmVInO6,1.4524073383974878
PbTlVMoO6,1.4463787767598704
PbTbAsVO6,1.4188344359339504
PbYbVAgO6,1.4477011883040487
PbDyAlVO6,1.4678179561645937
PbLuSbAgO6,1.4900978185527272
PbCuSeIrO6,1.4713786480949738
PbTbSeAgO6,1.497724023275223
PbLiCoTiO6,1.4058142447275666
LaPbIrCaO6,1.4302335112703848
TlPbTaCaO6,1.4210995965892965
PbInMoCdO6,1.431096810151287
TlPbIrTmO6,1.466653885498677
PbYbAsTmO6,1.4565116066759667
PbYbAsTmO6,1.4275664989810035
PbAgIrLiO6,1.4532257401460162
PbYbMoLuO6,1.4306198990975332
PbYTiAgO6,1.4134980257585399
PbAgIrTaO6,1.449366206582476
NbPdAsMnO6,1.4169161557929384
PdFeSiMnO6,1.4256745238541708
SrPdVMnO6,1.4357020821133077
ScPdTcMnO6,1.4460679452717935
CePdAsMnO6,1.4251517322159302
PdCrWTiO6,1.462963063849185
PdTlWTiO6,1.4426850524454082
PdNiAsZnO6,1.4526210747008637
SmPdIrZnO6,1.4750057946448587
SbPdSeZnO6,1.463427101604278
SbPdAuZnO6,1.4123809496819444
TaPdIrZnO6,1.4819399275801053
PdFeNiTiO6,1.4745871989882366
SnPdVFeO6,1.4581552014408745
SbPdCrFeO6,1.4812650531232476
PdCrTiFeO6,1.4184586078825245
PdTiTcFeO6,1.474127439530862
PdSbSiAuO6,1.4783572074354074
PdLiSiTiO6,1.4504589466163136
SbPdIrVO6,1.4892129194108716
SbPdAlVO6,1.4752164030965071
PdCuAsVO6,1.4846152364547642
YbPdAsVO6,1.4080829527500545
CePdTcCoO6,1.4327519138281601
PdCuTcCoO6,1.4297224644524968
PdCuTcCoO6,1.4451846766672098
PmSmTcHoO6,1.4801449441405292
PmEuCoHgO6,1.4080679336878894
PmScTaHgO6,1.4634845481887329
TlPmTcHgO6,1.4669906673952862
PmDyIrHgO6,1.473932343777181
PmEuVMgO6,1.4266053250568949
PmEuSbMgO6,1.4166033285839978
PmNdTaMgO6,1.409653718080803
PmLuTeMgO6,1.4385630416166595
PmEuMnYO6,1.4215844264000341
PmNaAsMnO6,1.4544788187137745
PmNdMnSmO6,1.4277850558928635
PmSmMnYO6,1.4127703318286895
PmTmMnDyO6,1.452633952161954
PmYbAsMnO6,1.4531165593565813
PmNaWLuO6,1.4840525649962384
PmFeTcZnO6,1.4559509200909648
PmNdZrEuO6,1.4061311103686371
TlPmTaEuO6,1.4548228878739482
TlPmIrEuO6,1.4341671629784998
PmNaMoErO6,1.4061064821299563
PmCaMoErO6,1.4369955032747346
PmTmNiAgO6,1.440612256557308
PmSrNbTmO6,1.415199357963864
PmSrNbTbO6,1.4113865720643657
PmSmNbCeO6,1.4090865381026454
PmScNbAgO6,1.4461129766082506
PmCsNbYO6,1.4690221067029998
PmAgNbInO6,1.436495481904478
PmSmFeCeO6,1.4376193014733212
PmTmFeLuO6,1.4950119277846035
PmYbFeDyO6,1.4870106524660949
PmScSnCdO6,1.4679532796112542
PmCaSnTmO6,1.4873102805360998
PmCeCrSmO6,1.451668745958259
PmCeTcSmO6,1.4548605423948087
LaPmTaSmO6,1.4666427447413135
PmSbVLiO6,1.4679367432572983
PmLaVDyO6,1.49248656110592
PmYbVInO6,1.4011299924873224
PmCaSbAgO6,1.496437982373055
PmTlSbAgO6,1.4670923283963169
TlPmTcCoO6,1.492083628135276
PmYZrCdO6,1.4009605452300573
PmLuTaTmO6,1.4739802883161146
PmYbIrTmO6,1.4256871608494603
PmYMoLiO6,1.4296254665333479
PmYbTiDyO6,1.4867823195002645
PmYbTaDyO6,1.4445301310153027
HoSmHfScO6,1.431820648869578
EuHoTaHgO6,1.4317772658861945
HoErTaHgO6,1.4010379095331336
SmHoTaHgO6,1.4008218834590034
HoScTeHgO6,1.4489274995189685
HoLuTcHgO6,1.4859873488033803
HoLuMoHgO6,1.4459818986737412
EuHoSiMgO6,1.477224875826158
NdHoSnMgO6,1.4938648330183795
LaHoTiMgO6,1.4903637657936002
HoLuTaMgO6,1.412465517993574
HoTbTaMgO6,1.4936500187472497
HoEuMnLiO6,1.4895937006409197
HoTmMnTbO6,1.4722757204609662
HoCrAsMnO6,1.472336696206244
HoNdWDyO6,1.4969591373499653
HoSmWYbO6,1.4778325331832731
HoSmWDyO6,1.4036480510381533
HoTmWYbO6,1.4179040180941878
HoCrWTiO6,1.4136712604383033
HoTmZrErO6,1.4835158421989323
HoSmNiYbO6,1.4830240393150187
HoTmNiDyO6,1.4595296218951574
HoNdNbTbO6,1.447409012776555
HoSrNbYbO6,1.4385198129778134
HoTmNbTbO6,1.4986435204816826
HoCaFeDyO6,1.4647282865516535
HoTbFeDyO6,1.4245617459796356
HoCaSiTbO6,1.4060363088428025
HoLuVYbO6,1.4527104815582825
HoTbVYbO6,1.4856851467340153
HoYbVDyO6,1.4457683751866344
HoLaSeTiO6,1.419030261794581
HfMgCoHgO6,1.423781525042002
HfNdWLiO6,1.4233515742117053
HfFeWTiO6,1.4281655314412955
HfLiWTaO6,1.4487297330639275
HfCuIrZnO6,1.49072700009849
HfCaSiTiO6,1.4813501739323671
HfTaAlVO6,1.452896099630145
EuHgTiMnO6,1.4860158540035735
HgLiAsFeO6,1.4674047005570592
CaMgAsMnO6,1.4436096407580787
DyMgAsZnO6,1.4239649489589798
MgLiTaSnO6,1.4511814270637067
MnLiWTiO6,1.4698368847593135
MnVIrZnO6,1.4455171450406465
MnCoAlZnO6,1.4034190186410176
LuMnIrZnO6,1.4902656820331466
MnVTcNiO6,1.4574341971528695
ScMnTcFeO6,1.4258907860165457
MnTlBAuO6,1.4952944291868828
MnCrIrVO6,1.426911163625391
MnCrIrVO6,1.4937727113347519
MnTiAsVO6,1.4565492217236446
WCoIrZnO6,1.4094769360792907
WCoAuZnO6,1.4812488781457773
WCuTcNiO6,1.4882175146672194
EuNaVErO6,1.4634233874706386
EuNdVErO6,1.4839663751332792
EuNdIrErO6,1.4828486544798878
SrEuTcErO6,1.438290653373063
EuSmTeErO6,1.4558045345801554
EuTmZrErO6,1.4797306693189785
LaEuZrErO6,1.4555752395029415
TlEuZrErO6,1.4417591570728332
EuCaNiYO6,1.4055043772166023
EuNdTeNbO6,1.4238455440068831
EuTmNbDyO6,1.4737065933307276
EuTmNbAgO6,1.4550525231442732
EuLaNbYbO6,1.4174016248368473
EuTlNbAgO6,1.4664615684445261
EuDyNbAgO6,1.4604404072878878
EuCaFeLuO6,1.4823850248935946
LaEuTiFeO6,1.4206522725115216
EuScSnAgO6,1.4821907237589862
EuTmSnTbO6,1.41190798688079
EuLaVAgO6,1.4088205117673542
EuLuVAgO6,1.408481334889531
EuTmTaScO6,1.433508630726965
EuAgMoScO6,1.4183903606833308
EuTmSbTbO6,1.4750660258372679
EuTlCoDyO6,1.4533933994977462
LaEuIrCaO6,1.4269798699250817
LaEuTiTmO6,1.418735205484054
LaEuTeTmO6,1.4705545062881553
LaEuTcTmO6,1.4653204036846814
TlEuTeTmO6,1.4954557079497932
TlEuAsTmO6,1.4611137804027667
TlEuAuTmO6,1.457154934913609
EuYZrTmO6,1.4173134474362385
EuTiTeCrO6,1.4954980067433863
EuYbAsCrO6,1.4051853558175242
EuYbTeAgO6,1.4755109372502455
EuYbAuTbO6,1.4288227598370309
EuYbTaAgO6,1.4848774073131852
EuAgTaZrO6,1.431548438475641
EuDyIrYbO6,1.4885455170804065
ErSmNbTbO6,1.4941170320747312
ErSmNbYbO6,1.4426204487473422
ErSmSnTbO6,1.4739298550592344
ErTlVMoO6,1.4308619610737485
ErLuVYbO6,1.402836915977077
ErTbVDyO6,1.4861584562013603
ErTmSeDyO6,1.4438075406603137
ErTmCoYbO6,1.4936074767676897
ErTmCoDyO6,1.424922086390219
ErTbZrTmO6,1.4973596901675612
ErLuCrDyO6,1.4080166159596692
NiSbSiCoO6,1.425826301298099
CrNiTcVO6,1.4406711775044718
TaNiAuCuO6,1.4825284336593332
SrNaIrNbO6,1.461652299730375
SrNaAsNbO6,1.480863790920359
NbLaFeLiO6,1.4729646104508034
TlNbTiFeO6,1.450983568892832
NbSmBTiO6,1.4583636459430738
NbSbSiCoO6,1.4320757153259307
NbLaSeTiO6,1.4629015809126666
NbTiAlCrO6,1.411218643120065
NdSmFeYO6,1.4852206162971258
NdLuFeDyO6,1.4957010394667458
NdSbSiTiO6,1.4840209913603792
NdTbSnDyO6,1.4469022525611266
TlNdZrSmO6,1.4549161777226292
NdCoTcVO6,1.429059727331029
NdCsVTiO6,1.4240907154423437
NdCsVTeO6,1.4494737435105653
TlNdMoScO6,1.4574827332793947
NdAgAsScO6,1.4168674955904883
NdCsSbZrO6,1.4220257970479508
NdCeSeAgO6,1.4647053708248101
TlNdTcCoO6,1.465682910145846
TlNdTeCdO6,1.4661003453602872
NdTbCrAgO6,1.4826467888742665
NdYbTiDyO6,1.4866822687892949
NdYMoYbO6,1.4480166145316078
FeCoIrVO6,1.4323795270590347
FeTaSeAuO6,1.4848742280444638
SrTlTaSnO6,1.456229286358966
SrTlMoSnO6,1.4485779109027184
SnCuAsVO6,1.4999733256121026
SnLiVTiO6,1.421367118803524
SnDySeAuO6,1.4333898848355333
SnLaCoLiO6,1.4727116999077903
SnTaMoLiO6,1.451075447704068
SnTaAsTiO6,1.4401000183893653
SmCsVAgO6,1.4944207586636267
SmYVAgO6,1.4914069295479628
LaSmTiScO6,1.420003841076364
SmCaSbAgO6,1.402398199887475
SmCeSbYbO6,1.4430590292607672
SmTmSbDyO6,1.4196174720680113
SmCaSeCdO6,1.4756439701102901
SmCaSeDyO6,1.465090406187714
SmTmSeTbO6,1.4082874744630829
SmCsSeDyO6,1.4870908943894434
SmLiSeTiO6,1.4393846793333476
SmLuSeYbO6,1.438434685386796
SmCaCoDyO6,1.4025977160964338
SmCeTeCaO6,1.4504973661362817
SmTbCdAgO6,1.482181062578611
SmDyAuCdO6,1.4156908937399961
SmDyZrCdO6,1.491152112078303
SmAgAuCdO6,1.4738402697545752
TlSmZrTmO6,1.4653875827079277
SmYbAsTmO6,1.4749083324199084
SmYbZrTmO6,1.4983828606867176
SmYIrTmO6,1.4472775219539908
SmTlCrInO6,1.4764959204939838
SmLuTaLiO6,1.4922513301179205
SmYbIrLiO6,1.4682680099189855
SmYbAuLiO6,1.4622077172791894
SmDyMoLiO6,1.4692438322543335
SmYbTcDyO6,1.4257000683425851
SmYbTcAgO6,1.4630145690985579
SmYbTaAgO6,1.4189779508763547
ScTlCoTiO6,1.4613491470335467
ScLuCrAgO6,1.4267192756221425
TlScAsLiO6,1.40434747253372
ScDyTiAgO6,1.4708784406459068
ScAgTiInO6,1.4984185712346128
YSbMoLiO6,1.4021978804806667
CeDyZrCdO6,1.490930174438878
CeLaCrLiO6,1.4441256554728297
CeYAsCrO6,1.4601541340594593
TmLaCrLiO6,1.4788334773983036
TmLiCrMoO6,1.4502470200095283
TmTbCrDyO6,1.4253811114283543
TmTbCrAgO6,1.4869354732642326
TmDyAsTbO6,1.4837535195448748
TmAgMoTaO6,1.4019197398992358
TmDyAsYbO6,1.4384896769316105
YTmIrDyO6,1.4648328580516121
LaLuAsLiO6,1.4754023800363538
LaYbZrLuO6,1.4716611618164221
LaAgTiMoO6,1.4868381100608943
LaYbIrTaO6,1.4475093548820013
LaDyMoYbO6,1.464657037662229
YbLiAsTaO6,1.4481423105255313
TlYbTcAgO6,1.4525919329025827
LaTlRuPmO6,1.454085975733679
EuYRuHgO6,1.4693213243508225
ErNdRuHgO6,1.4133262807589528
NdAgRuHgO6,1.4145148722041518
SmTbRuHgO6,1.4986177795722093
SmDyRuHgO6,1.4833332892327193
YbAgRuHgO6,1.4057967514768381
TmYbRuMgO6,1.4687766347940219
TbInRuMgO6,1.4143328154092465
EuMoRuMnO6,1.449883557645182
FeAgRuMnO6,1.4952169424522566
SnCsRuMnO6,1.4527182948279045
SmTlRuMnO6,1.419046905060935
SmMoRuMnO6,1.4110910275378616
ScInRuMnO6,1.4769907936952347
SbTbRuMnO6,1.4299323758660478
CrTlRuMnO6,1.4355506958329365
CrYbRuMnO6,1.4515570355329654
NiSmRuZnO6,1.4998196319431933
NiAuRuZnO6,1.4743362616442213
FeTaRuZnO6,1.452069673614417
FeYRuZnO6,1.4136427490932681
CoTiRuZnO6,1.4689059342148356
CrCuRuZnO6,1.4828285000114614
CrAuRuZnO6,1.4828458072121682
CuAgRuZnO6,1.47166046545588
TeAuRuZnO6,1.4088107047112564
SrYbRuErO6,1.4683360251922393
CrLiRuVO6,1.4751301966365957
CrAgRuVO6,1.482927413276716
TlDyRuTmO6,1.487516265927932
TaInRuLiO6,1.4568995517764398
AgLiRhReO6,1.4277783335666658
PrPbReBiO6,1.461869794864524
EuSmReBiO6,1.4183247989773873
EuAgReBiO6,1.4975842046159495
ErSmReBiO6,1.427848698727078
TmYbReBiO6,1.4485670950676635
TmAgReBiO6,1.4434536025513893
EuNdRePbO6,1.4756328918873851
NbTmRePdO6,1.4245262316276093
SmInRePdO6,1.4576688069391075
TmAgRePdO6,1.4038316209851593
TiYbRePdO6,1.4856077843182165
ScCeReHgO6,1.4943763143047706
ScTbReHgO6,1.443051681138948
ScInReHgO6,1.4800652343370277
YbAgReHgO6,1.4941979409955943
DyYReHgO6,1.4407673996048487
DyInReHgO6,1.4815491030066612
NdTlReMgO6,1.4418576743197942
ScDyReMgO6,1.402718700762271
LaTlReMgO6,1.4270668699105016
TlYReMgO6,1.4661225035686598
NbAgReMnO6,1.4121315856791548
NbAgReMnO6,1.4730318202273938
FeTiReMnO6,1.4553628195479764
FeDyReMnO6,1.459582566883343
SbTmReMnO6,1.4240795035537535
TmCrReMnO6,1.442000664757044
YbMoReMnO6,1.4755604998802236
NdCsReEuO6,1.4590996903948898
NdTmReErO6,1.41512788828766
ScTlReFeO6,1.486908617282101
CaCrReFeO6,1.431136460865848
CrLiReFeO6,1.488135742234712
TlDyReTmO6,1.4857328002729933
LuTbReTmO6,1.4362944055056148
YInReCrO6,1.4687346144640234
LuTbReLiO6,1.4377377653625878
YbAgReLiO6,1.4764447134463565
PrYbRhBiO6,1.4269446260848697
NdYbRhBiO6,1.4929487288203136
TmTlRhBiO6,1.4931773378270636
TmAgRhBiO6,1.4799750394257494
PmSrRhGdO6,1.4092540966838865
PmCaRhGdO6,1.423263420670705
PmYRhPbO6,1.426582826020686
NdYRhPbO6,1.4678135814461841
SmCsRhPmO6,1.4420852187749298
TmTlRhHoO6,1.4058848112166062
ErInRhHgO6,1.4514381600297281
SmCaRhHgO6,1.4731825126390952
SmCeRhHgO6,1.4969502625651194
SmCdRhHgO6,1.411227441022129
ScCeRhHgO6,1.419875543224825
ScTlRhHgO6,1.4421564433002765
CeYRhHgO6,1.4542156558496222
TlInRhHgO6,1.4570805239131177
TbAgRhHgO6,1.4589465707499119
TbAgRhMgO6,1.4754538587006172
ErAgRhMnO6,1.4336387137628304
NbYbRhMnO6,1.4649548544993805
SbTmRhMnO6,1.4149272243216033
SbAgRhMnO6,1.4471272461770124
TmLiRhMnO6,1.45617752598307
CrAgRhMnO6,1.493228470204543
TlMoRhMnO6,1.4364745089849986
TeDyRhMnO6,1.4878971910241896
TeAgRhMnO6,1.4089584162119686
FeAuWRhO6,1.4704070332016006
FeAuWRhO6,1.4688992604666578
YbCdWRhO6,1.4439516879350418
SrDyRhErO6,1.4432864917123422
LuYbRhErO6,1.4486666247879687
TmTlRhNbO6,1.4049230221446662
TmYbRhNbO6,1.4135196534287036
LuAgRhNbO6,1.4979072009985335
SrTlRhFeO6,1.4953892518085725
SnTmRhFeO6,1.427344503057881
SnTlRhFeO6,1.4799994073700073
TmAgRhFeO6,1.4110205154455526
LaDyRhTmO6,1.4217111630977357
TlDyRhLiO6,1.4287777108680686
TaDyRhLiO6,1.4909941900762629
YbAgRhTaO6,1.400688212405016
SmTbBePdO6,1.4859113144069216
SbTbBePdO6,1.4077460269174982
SmAsBBeO6,1.478729191456631
CrCoBBeO6,1.462791237966657
TeAuBBeO6,1.4324190176127478
GdTmOsBiO6,1.4733093485624054
PmCaOsBiO6,1.4012959813975623
EuTmOsBiO6,1.4213340815805589
EuNdBiPrO6,1.4877969977249448
HoTmPdBiO6,1.4341504639087588
EuYbPdBiO6,1.4609170506946056
SrSmBiPmO6,1.4565545682179715
YbDyMnBiO6,1.411755544143254
TlEuWBiO6,1.4261006619565781
SmCaWBiO6,1.4948477293153821
LaAgWBiO6,1.4450164226288336
SmCeBiEuO6,1.4506774160227371
TlCaNiBiO6,1.4316843238512609
LaYbNiBiO6,1.45783682063733
CeTmNbBiO6,1.4503340430374094
TbAgNbBiO6,1.4206053973955768
TlDySnBiO6,1.4501607291596736
PrCaOsGdO6,1.405524802045951
EuDyOsHoO6,1.4291624755901833
SmTlOsHoO6,1.4589842869117982
SmDyOsHgO6,1.4413759834958277
LaInOsHgO6,1.4127800273611837
TbYbOsHgO6,1.4269591808444206
SnTlOsMnO6,1.462244768163867
TmAgOsMnO6,1.4617050976780719
LaAgOsMnO6,1.4770476474536307
NiVOsZnO6,1.4203196849767317
NiCuOsZnO6,1.4826550697633518
NbCoOsZnO6,1.4681860715177657
NbDyOsZnO6,1.41750532492114
NdCoOsZnO6,1.4499794034024178
FeVOsZnO6,1.4111860205680486
FeLiOsZnO6,1.464480165240407
VCoOsZnO6,1.4720417936485748
VTaOsZnO6,1.4956405492185252
VYbOsZnO6,1.489913594929281
ScTaOsZnO6,1.4796515611766
SbTiOsZnO6,1.4120301420218424
CuIrOsZnO6,1.4141171404323787
YbAgOsZnO6,1.4458997825024722
DyAgOsZnO6,1.4978590910925325
YbDyOsErO6,1.4993601009286501
SbAgOsVO6,1.4475664672007456
PmSrGePrO6,1.4539277653188798
PmMoGePdO6,1.460514248292467
HoAgGePdO6,1.4487430656572937
HfKGePdO6,1.493125271158945
HfErGePdO6,1.4240302759529966
HfCsGePdO6,1.4586483732446902
HfDyGePdO6,1.4224243572707715
MnErGePdO6,1.4710582272900854
MnCaGePdO6,1.4722057658721914
MnCrGePdO6,1.4768772509812649
MnTaGePdO6,1.4219007347196189
MnYbGePdO6,1.4579021691360408
NbFeGePdO6,1.486826186308255
FeTmGePdO6,1.4740627330050609
FeCrGePdO6,1.499158865025938
SbLuGePdO6,1.455240045745579
TiAgGePdO6,1.4519369652979204
TiInGePdO6,1.4684862750818242
EuSmGeHgO6,1.4547812777158537
ErInGeHgO6,1.4781834738982165
SmScGeHgO6,1.4037650094385683
EuTlGeMgO6,1.434307612906642
ErYbGeMgO6,1.4972227924562624
NdAgGeMgO6,1.413679368997779
SmTmGeMgO6,1.4588049736626785
FeTmGeMnO6,1.4505716908573845
FeYbGeMnO6,1.4185078501550183
SmInGeMnO6,1.4836461387106532
FeVGeZnO6,1.4543263386277177
FeCoGeZnO6,1.4782427879477835
SbCrGeZnO6,1.4807898060101439
CoTiGeZnO6,1.4986427472361614
LaInGeZnO6,1.468681129670498
NdCaGeErO6,1.4922874598293485
LuTiGeVO6,1.49189241119964
TmInGeCdO6,1.475329435996631
TbYbGeCdO6,1.4361945301932248
LaDyGeTmO6,1.4145638905668079
TbInGeLiO6,1.4759470150049085
YbDyGeTbO6,1.4656072569191787
EuPbPtGdO6,1.4224645128991282
NdSmNiGdO6,1.442107257328609
MnYbGaPtO6,1.489202297289468
HfErGaPdO6,1.4806314573562596
HfNdGaPdO6,1.4653397194986002
HfFeGaPdO6,1.430711189156213
MnMoGaPdO6,1.4411323074209192
NbMoGaPdO6,1.4615526523463045
SmScGaPdO6,1.4042387070988107
TbDyGaPdO6,1.4445858909933593
TaYGaPdO6,1.4023363880765083
SmLuGaHgO6,1.4047768231257218
TiInGaZnO6,1.4251249535139634
CrAgGaVO6,1.4423596881419969
TaAgGaVO6,1.4784409595252643
IrMoGaVO6,1.4074201574251342
TaYbGaCrO6,1.490468317556064
TaAgGaTiO6,1.4263507380242486
LaSmPtPrO6,1.442806657052552
SrNdMnPrO6,1.4878206066732993
LaNdNiPrO6,1.4709749128426075
SmCsPtPbO6,1.484297787572147
EuSrPtPmO6,1.4400528916266853
TmTlPtHfO6,1.4500431909535625
EuNdPtHgO6,1.412928978031518
ErLuPtHgO6,1.406040917715306
ErDyPtHgO6,1.4693338049357156
ScYbPtHgO6,1.4971379437564964
ErCaPtMgO6,1.4119742099437549
NdYPtMgO6,1.487962740835805
SmTmPtMgO6,1.458455374371196
SmTlPtMgO6,1.4211664107015645
TlYbPtMgO6,1.4571885396031847
EuNdPtMnO6,1.4184830248661329
SmTmPtMnO6,1.4488332175601881
ScCaPtMnO6,1.454413541614466
TbDyPtMnO6,1.4731402415236614
LaTlPtEuO6,1.432180399535425
TaCoSiPtO6,1.4660317327374257
ZrCoSiPtO6,1.4153176224254564
MoCoSiPtO6,1.492975365230009
MoAuVPtO6,1.402762851210113
LuYbSePtO6,1.4220499139241523
LaYbPtTmO6,1.494422588679521
LaDyPtTmO6,1.4834243654400887
YbDyPtTmO6,1.4178979027060985
InMoPtLiO6,1.4866193166391797
TlPmPdPbO6,1.463779416141031
TlSmPdPbO6,1.4204353689294114
EuNdMnPbO6,1.4492351749636723
EuSmMnPbO6,1.4233644480556538
EuNdWPbO6,1.4172141615237295
NdCePbEuO6,1.4356119408165824
SmCsPdHgO6,1.4257897862300737
EuTiMnPdO6,1.434274522913394
EuTiMnPdO6,1.4386884820747403
SmFeMnPdO6,1.4508366671250394
SbFeMnPdO6,1.4893552089572015
FeTiMnPdO6,1.4427403759687318
YbFeMnPdO6,1.4057040414611073
SmYbMnPdO6,1.4252755297070896
SmAgMnPdO6,1.4674837094177762
SmMoMnPdO6,1.4871288594694794
TlScMnPdO6,1.4339239059049216
SbCrMnPdO6,1.4024151943124177
CrTiMnPdO6,1.4727444967933383
TlTaMnPdO6,1.425098429214557
AgTiMnPdO6,1.4123853224608511
YbTaMnPdO6,1.4448200801742923
TaTiZnPdO6,1.4124301050482992
MoTiZnPdO6,1.4912201396558928
NdSmPdEuO6,1.4744789445036364
SmCsPdEuO6,1.4078348574451867
SmLaPdEuO6,1.467318029183218
NbSnNiPdO6,1.4953636268245833
CrTeFePdO6,1.488961041699514
SmTmBPdO6,1.444121624395962
CeTiBPdO6,1.4375625090608466
CrTiSiPdO6,1.4432681828178708
LaTiSiPdO6,1.4891089490915828
TlTmVPdO6,1.435373225875775
LuAgPdSbO6,1.4732942473079407
TbAgPdCdO6,1.4762282348042965
LuYbPdTmO6,1.4705098477859664
LuDyPdTmO6,1.4525962984760175
TbTaTiPdO6,1.4089954617991987
YbAgPdTaO6,1.432134361411577
SrEuWPmO6,1.4166606780858904
SrCaMnHoO6,1.4219067620535497
TbYbWHoO6,1.4040915907362708
LaYbFeHoO6,1.4366472447484662
SmDySnHoO6,1.424875975191676
LaYbHfErO6,1.4238137725105406
NdAgNbHfO6,1.4936181052582864
YbDyHfTmO6,1.4752315080119174
EuNdMnHgO6,1.4884595677157506
ErDyMnHgO6,1.461028570192511
NdInMnHgO6,1.4973529529622482
SmAgMnHgO6,1.405707715531565
TmScMnHgO6,1.4060196909191802
LaScMnHgO6,1.4039085598649268
TmTbMnHgO6,1.4856492156240737
LaYbMnHgO6,1.4674802873424582
TlTbMnHgO6,1.4427791620351471
EuErWHgO6,1.4526644888240452
EuLuWHgO6,1.423465766015988
NdYbWHgO6,1.4603220137283275
SmAgWHgO6,1.446271279531723
TbScWHgO6,1.4259585569702071
LaDyWHgO6,1.4059606645374658
YLuWHgO6,1.428777399810892
SmCaNiHgO6,1.4146551260597473
SmTbNiHgO6,1.4520994052097749
TbInNiHgO6,1.4367918597805271
YYbNiHgO6,1.4058250264444383
YDyNiHgO6,1.4470790319448734
NdTbNbHgO6,1.454024735197818
NdAgNbHgO6,1.4415104361358808
SmTbNbHgO6,1.4231661159171078
SmYbNbHgO6,1.4429167386718191
YTmNbHgO6,1.4479396042250983
YLuNbHgO6,1.4411402258567538
YbInNbHgO6,1.4126096391078997
SmLuFeHgO6,1.4983523823611749
TbDyFeHgO6,1.4063616359172497
SmCeBHgO6,1.4089277419967676
SmTmBHgO6,1.4454309965811565
SmDySiHgO6,1.4997024342379766
TbAgSiHgO6,1.4004369181137044
TlSmSnHgO6,1.4828531880810467
CeScSnHgO6,1.4122777275409613
TbInVHgO6,1.400480113793187
LaTbSbHgO6,1.4862985364638284
TbAgSbHgO6,1.4828953112501169
LaTbSeHgO6,1.493871726932184
YDyTiHgO6,1.4485531111151095
TbDyTeHgO6,1.4078858293223724
TbAgTeHgO6,1.4679337742568206
YDyTeHgO6,1.4352862067756975
YbAgTaHgO6,1.4944262637519246
YbInTaHgO6,1.4590529067489963
NdTmMnMgO6,1.4487628115090632
SmTmMnMgO6,1.4745164324294218
CeScMnMgO6,1.4644447967597451
LaDyMnMgO6,1.403348658481289
TlYMnMgO6,1.401825052424531
TlAgMnMgO6,1.4208885093148549
TlInWMgO6,1.4239810325439166
SmCdNiMgO6,1.402945174350954
LaSmNiMgO6,1.432638901173588
TmScNiMgO6,1.4083828386036303
LaYNiMgO6,1.4575563750713048
TbYbNiMgO6,1.435614259219585
DyInNiMgO6,1.4040037759515878
TlSmNbMgO6,1.4140233483044797
SmYbNbMgO6,1.4838520388969874
SmDyNbMgO6,1.4026137230077722
LaDyNbMgO6,1.49175930620035
TbDyNbMgO6,1.4248489526233366
SmCdSiMgO6,1.4627940749254187
SmTmSiMgO6,1.4524787347921722
TmDySiMgO6,1.4657869692776788
LaTbSiMgO6,1.4190926878152434
CeCaSnMgO6,1.4545012334241612
LaScVMgO6,1.403375335949872
TlTbVMgO6,1.4308930003101508
TbAgSbMgO6,1.4266070765340388
TbInSbMgO6,1.4410221499322595
TbDyCrMgO6,1.4409997269105628
DyAgCrMgO6,1.491074287257195
ZrInTiMgO6,1.4677551328409373
ErFeWMnO6,1.4849942203887725
TaCrWMnO6,1.4191441008594388
NdSrMnErO6,1.4451074715185817
SmTlMnErO6,1.4869027790864084
NdTlMnNaO6,1.4468197368490077
NdTlMnNbO6,1.4111237809172164
TlYSiMnO6,1.422788912689796
LuYbSiMnO6,1.4334637324896928
CeCrVMnO6,1.4781071318976209
LuCrVMnO6,1.4706956893119207
AgCrVMnO6,1.4242600365738496
MoCrVMnO6,1.4739176279542383
TmYbMnScO6,1.4700103442038124
TbYbSeMnO6,1.497426250958638
TbYbSeMnO6,1.4363313759936136
LaTlMnTmO6,1.4177536646134081
LaYbMnTmO6,1.4379823557135125
YbDyMnTmO6,1.4408244470017244
YAgCrMnO6,1.4271543691680515
YInCrMnO6,1.4889317038962344
TlYbMnLiO6,1.4480270725434092
TaYbMnLiO6,1.4820771079608162
TaAgMnLiO6,1.4338837599768357
YbAgTeMnO6,1.4724258376639727
LaYbWErO6,1.4785326149727938
SmTlWNdO6,1.4405080195236284
SnCaWFeO6,1.4331822882657657
SbAgWFeO6,1.4462721546870931
CdDyWFeO6,1.4936204797116535
TeDyWFeO6,1.4475020904565465
TaDyWFeO6,1.401941609159078
SmCsWSnO6,1.4460522310035078
TmAgVWO6,1.4601142331489105
LaDyWTmO6,1.4045977881895886
TlYbWTmO6,1.4679779502416148
TlYbWTmO6,1.4539447966745724
TbDyWTmO6,1.4971765182929437
LaTlWCrO6,1.4811773880405812
DyYWLiO6,1.4532717432210072
DyInWTiO6,1.4894605653465958
DyAgWTaO6,1.497128481555521
SmCoBZnO6,1.414304395091066
TiCoSiZnO6,1.4709638945580996
LaTbSiZnO6,1.4418096481086464
YLuSiZnO6,1.4120672544233996
AgTiSiZnO6,1.4161777253650962
ScSbVZnO6,1.422096783158913
YScVZnO6,1.4516713182988719
SbCoVZnO6,1.440785115929337
TmSbVZnO6,1.4289513689184985
TlSbVZnO6,1.428678498470356
SbTiVZnO6,1.4789525876642977
SbAuVZnO6,1.443211939546139
TbCoVZnO6,1.4034632402955611
YCrVZnO6,1.4651441388901578
LaAuVZnO6,1.488407936353194
ZrLiVZnO6,1.4622331924583158
LuDyVZnO6,1.468452367976246
TaIrVZnO6,1.4735603100641796
IrAuVZnO6,1.451383284496394
ZrAuVZnO6,1.4952074826061188
InMoVZnO6,1.440007812378144
CeTbSeZnO6,1.4768014398926854
MoTiSeZnO6,1.4620270815482521
YYbSeZnO6,1.416903660574387
YbIrSeZnO6,1.4006832030421317
IrAuTcZnO6,1.4140923572888318
LaCeNbEuO6,1.4759002411838158
LaCeFeEuO6,1.422238278719215
NdYbNbErO6,1.4380066505086504
TmDyNbErO6,1.4686917820628633
TmYbVErO6,1.4501171712250134
SnTlNiNbO6,1.4006388701668437
SmCsNiNbO6,1.4055380264395871
CeLaNiSmO6,1.4241586309262448
SbCoVNiO6,1.4317559380900327
AgAuVNiO6,1.4439751272144425
AgMoVNiO6,1.4322844288940824
IrAuVNiO6,1.4043905492674698
IrAuVNiO6,1.4555869791188674
TeAuCoNiO6,1.494080596759123
TbAgNiLiO6,1.455445038781893
TaYNiTiO6,1.434321585581003
YInNiTiO6,1.4376919210436288
AgAuTcNiO6,1.4295409854649614
SmCeFeNaO6,1.4221895562433327
CeYVNaO6,1.4978449427703002
LaTlCrNaO6,1.4737692868785282
SmTlNbNdO6,1.406932173724067
LaTlNbNdO6,1.4074478900908582
ScAgSnNbO6,1.4200895146701382
LuAgSnNbO6,1.4401988264109002
LaTlSbNbO6,1.444823341116754
TlDySeNbO6,1.4399011436053735
CeYNbCaO6,1.4862871215159854
YbInNbCdO6,1.4278287390306181
TlDyNbTmO6,1.4355583772674476
YbAgTaNbO6,1.488599895667254
LaTlVFeO6,1.4753678149107865
TlYbFeTmO6,1.4455024064391697
TbYbFeTmO6,1.423532299648593
TbAgTiFeO6,1.4559182019377075
TbInTiFeO6,1.4019361176378833
TiTaBCrO6,1.4633656925282534
TiInBCrO6,1.412924833069914
TaAgBCrO6,1.403642295945015
TaAgBTiO6,1.4053746969770229
TlLuSiVO6,1.490148463876868
LuAgSiVO6,1.422229595722226
LuAuSiVO6,1.4732716416742055
TiInSiVO6,1.4289526160281756
TlYbSiScO6,1.448044335130279
CrAgSiCoO6,1.4556184891447042
LaAuSiCoO6,1.4136999215578627
TiAuSiCoO6,1.4954838870865703
YbMoSiCoO6,1.4720202964551834
TbInSiCrO6,1.4200077237571513
YbLiVSnO6,1.4864564415410597
LaYbSnCdO6,1.4293854582493517
YbDySnTmO6,1.4082504683191766
AgTaSeVO6,1.4308613136622403
TiCuCoVO6,1.472629907078796
TaCuCoVO6,1.4584787453101378
MoCuCoVO6,1.4407092095972145
TbAuCoVO6,1.432292886439036
MoAuCoVO6,1.443767341489981
YbAgVLiO6,1.4321424094413673
ZrInVLiO6,1.4184268777772093
TeDyVTiO6,1.4919102711053303
TaAgVTiO6,1.4584458221610626
MoIrTcVO6,1.4674199820904021
TlDySeScO6,1.4842230784749237
TlTmCoScO6,1.415711948500672
YYbCoScO6,1.4905905265691355
LaTlCrScO6,1.4037081134577798
TmLuSeCdO6,1.4087808627666905
TbYbSeTiO6,1.495983872062294
YbMoSeTiO6,1.420777419970896
DyYCoTmO6,1.4363084535075785
TeTaCoCrO6,1.4351027476692195
TlTbCrCdO6,1.4410000539108154
TbDyCrCdO6,1.4467316582522558
YbDyCrTmO6,1.4033130740247155
TbYbTiTmO6,1.458009981823049
YbDyTcTmO6,1.4809926465851095
YbDyTcLuO6,1.4106898908207373
RhNaRuVO6,1.4581661789713634
RhCsRuAuO6,1.440004977813469
BaPbRuYbO6,1.4292367800030845
BaNaRuTiO6,1.4129446608997906
BiMgRuZnO6,1.4939547361745635
BiSbRuLiO6,1.4104938245078849
GdKRuLuO6,1.4710908865800274
GdEuRuYO6,1.4633255465180948
GdSrRuDyO6,1.4617846382667228
GdYbRuDyO6,1.4090436402955824
PrPbRuMgO6,1.4611007287020934
PrPbRuScO6,1.4372606253736622
PrPbRuYbO6,1.488326833537097
PrKRuTbO6,1.4135625653739212
PrCeRuDyO6,1.4738623418528052
PrCsRuYO6,1.4371544769340299
PrYbRuAuO6,1.4340602111829557
PbHoRuTiO6,1.4386483180409906
PbKRuVO6,1.4730701151732977
PbNdRuLiO6,1.4393929689716836
PbSrRuCuO6,1.4817046562378626
PbSmRuYbO6,1.4915462000666997
PbTmRuAgO6,1.4613375551802388
PmTmRuYbO6,1.420074730216857
HoTlRuDyO6,1.483394267964692
MgKRuNbO6,1.4972349600973034
MgKRuCoO6,1.4074939490939888
MgCsRuTcO6,1.4530347722885322
MnZnRuCoO6,1.491675896827987
WNiRuVO6,1.4651788599809108
EuNaRuLuO6,1.4219723164891542
EuNdRuDyO6,1.4083771078961642
EuSmRuLuO6,1.4211885304661434
EuSmRuYbO6,1.4448675968265425
ErNaRuYbO6,1.4648888711635422
ErTmRuDyO6,1.4847168328891638
ErTlRuDyO6,1.419003358377836
NbCaRuTaO6,1.4818082368017904
NdSrRuLuO6,1.4084922206526442
NdSrRuInO6,1.460141260685284
SnTlRuTaO6,1.4859069595505396
SmTmRuLiO6,1.4630395250968484
SmCsRuYbO6,1.4089684518705083
SmLuRuYbO6,1.4357827878101215
SbCsRuCrO6,1.463613886631491
SbCsRuLiO6,1.4003423308386156
DyLiAsRuO6,1.4096491389656207
TbYbRuAuO6,1.4541430490858767
BaNaReTiO6,1.4254899567028285
BiPdReFeO6,1.465984467699573
GdKReSbO6,1.4949184176535424
GdEuReCaO6,1.4686052858089191
GdNdReYbO6,1.4490414915849865
GdSmReYbO6,1.427159065765091
GdSmReDyO6,1.4586212981363273
GdLaReAgO6,1.4526551620692911
PrPbReTmO6,1.4258221103308477
PrPbReDyO6,1.4386484239242308
PrEuReNaO6,1.4054131394977136
PrCsReLuO6,1.4869415457539967
PbKReErO6,1.4226658293986594
PbTlReTbO6,1.4404747807598821
PdMgReMnO6,1.422491774864707
PdKReTiO6,1.4454177577083338
PdNaReFeO6,1.4403441206497052
PdNaReFeO6,1.4445380579191895
PdSrReCrO6,1.4378990305194814
PdLiReTeO6,1.4371062390198297
PdTlReTiO6,1.4486960646898046
PmTlReYbO6,1.4629217161694918
PmTlReDyO6,1.4407180605385386
HoEuReYbO6,1.425262570088702
HoSrReTmO6,1.4697165177571003
HoSmReDyO6,1.4615155199036078
HoTmReLiO6,1.4401950141341835
HoCsReInO6,1.4982543356487992
MnCaReCrO6,1.4230251458474736
MnCaReTiO6,1.412176048486715
EuNaReSnO6,1.473241870200827
EuNdReTmO6,1.4679998710082505
EuTbReDyO6,1.4965530189970693
ErNdReTmO6,1.4177051282809363
ErSmReDyO6,1.408682583455331
NdSmReYbO6,1.4047708478481824
NdCsReTiO6,1.4062580368893165
NdTlReTbO6,1.4714123088992128
SnTmReCrO6,1.487647564435947
SmCsReTbO6,1.462445023876578
SmYbReAgO6,1.4804718814342581
SmDyReAgO6,1.441598639242574
TmTlReAgO6,1.4559326864899838
TmAgReMoO6,1.4329092349459518
LaTlReYbO6,1.4162685316325345
TlTbReDyO6,1.4889560732553164
LuTbReYbO6,1.436634072946214
LuDyReAgO6,1.4538406485092321
YbDyReAgO6,1.4898166029559
BaPbRhDyO6,1.4955257779091917
BaPbAsRhO6,1.4048358846563163
BaHgRhTaO6,1.4935168406114632
BaNaVRhO6,1.4737855257158985
BaNaRhTaO6,1.4806921783008289
BaSmRhScO6,1.4341414371477221
BaYbRhDyO6,1.4044062021748152
BiGdRhCdO6,1.4547509965270256
BiPrRhLiO6,1.4557292676668028
BiPdRhMnO6,1.4128096228059899
BiKRhAgO6,1.4884865792146147
GdPrRhYbO6,1.4102832913971861
GdPbRhTbO6,1.4357548426158844
GdPbRhYO6,1.4078260776296578
GdErRhAgO6,1.4611338214273282
GdNbRhLiO6,1.4302794155169305
GdNdRhYbO6,1.4165909191913784
GdCaRhTbO6,1.4524373047059305
GdCaRhDyO6,1.439860329563277
GdTmRhYbO6,1.4629787235236196
GdLaRhLiO6,1.4860825149896848
GdTlRhYO6,1.4546713378996725
GdLuRhAgO6,1.421292354336303
PrPbRhMgO6,1.4393019584981006
PrKRhDyO6,1.4329647685352436
PrEuRhNdO6,1.4441846338587476
PrEuRhSmO6,1.467230008235228
PrSrRhYbO6,1.4397042180821076
PrSrRhDyO6,1.4590090263543203
PrCaRhDyO6,1.4738805112264206
PrCrRhTiO6,1.4576818335404833
PrTlRhTiO6,1.4437072203653416
PrTlRhYbO6,1.4511751775035138
PrTlRhDyO6,1.4090301463799395
PbKRhDyO6,1.465726253718965
PbErRhAgO6,1.4073169530839778
PbNaRhCdO6,1.4737094930741736
PbNdRhLiO6,1.4889730380283892
PbSrRhTaO6,1.4659505007657152
PdLiRhTeO6,1.4887007063185271
PmKRhLuO6,1.4115262187986075
PmKRhYO6,1.4505947338782867
PmMnRhFeO6,1.4040400380264781
PmEuRhTmO6,1.4811663475900405
HoMgRhTaO6,1.4139647413972332
HoSrRhDyO6,1.4798231520254472
HoSrRhInO6,1.48256109542863
HoCsRhTiO6,1.4157896620253414
MgMnWRhO6,1.4279776545438903
MnEuRhFeO6,1.4391146470037743
MnEuRhTiO6,1.418217218345494
EuTmRhDyO6,1.4739729983984018
EuYbRhDyO6,1.4026746001340882
ErNaRhTmO6,1.431899643706562
ErNdRhTbO6,1.480833055293671
ErSbRhLiO6,1.4346957513925493
ErTlRhLuO6,1.4206816613814661
NbTmRhLiO6,1.417404639381919
NdSrRhSmO6,1.4631782289842183
NdSmRhCeO6,1.4488215487425213
NdTmRhDyO6,1.4179387759797035
NdYbRhDyO6,1.437606181918927
SrCaRhTmO6,1.4312432912160138
SmCaRhTaO6,1.4962280932406988
SmCaRhYbO6,1.4558538185681111
SmCdRhLiO6,1.4293662895109895
SmTmRhTbO6,1.4710575965900379
SmCsRhYbO6,1.482358218810985
SmTlRhLuO6,1.4966982983466912
SmTbRhYbO6,1.4758384726708398
SmDyRhAgO6,1.4054341812325972
TmCsRhLuO6,1.4797523895820366
TmCsRhTbO6,1.4425684272336885
TmTlRhDyO6,1.4608711070306657
LuYbRhAgO6,1.4496245103429346
PtPdBeAuO6,1.42202588514985
PtNiBeAuO6,1.4866623494746893
MnIrBeAuO6,1.4484516151587188
SbCeBeAuO6,1.4289091590992382
PrEuBiNdO6,1.4589973879093237
PrNdBiDyO6,1.4372846861121364
PrSmZrBiO6,1.4217936923553347
PrCsBiDyO6,1.4025003297710552
PrAgMoBiO6,1.474872047366411
PbHoBiDyO6,1.4631561496195933
EuPbVBiO6,1.4687629988879023
PbNdBiYO6,1.4991647104119197
PbCaBiLuO6,1.4661545906176257
PbTmBiDyO6,1.4264262137625496
PbLaBiYbO6,1.4640339707094616
LaPbMoBiO6,1.4476025624214992
PmKBiSmO6,1.4899982351775032
PmCaBiYbO6,1.433261835844492
SrEuVBiO6,1.457789742073166
EuSrBiDyO6,1.4963675565991794
EuCaIrBiO6,1.406802980667091
TlEuTiBiO6,1.4796103413872281
SmNaCrBiO6,1.4193729390750847
SmNaZrBiO6,1.474242739813915
SrCaBiYbO6,1.4967027883577253
SmCaBiTmO6,1.4703062003843308
SmCaBiYbO6,1.4282193068665987
TlSmMoBiO6,1.437943952213645
TbYbBiDyO6,1.4000062292845807
TbAgMoBiO6,1.4570714952967394
GdPbOsZnO6,1.484775341801487
GdSmOsDyO6,1.4798885427587745
GdCsOsYbO6,1.4317133199388845
GdCsOsYO6,1.4291131470024954
PrKOsSmO6,1.4840128577880094
PrKOsDyO6,1.4669512368174253
PrErOsDyO6,1.4612272009990204
PrSrOsSmO6,1.441159561412775
PrSrOsCdO6,1.4201398339958695
PrSmOsCaO6,1.4621173166219799
PrSmOsTmO6,1.4953597033685775
PrTmOsLiO6,1.4486581085922596
PrYbOsDyO6,1.4943914574126378
PbNdOsTmO6,1.41990560300959
PbLaOsAgO6,1.444989288844119
PdMnOsFeO6,1.435782020341322
PmCsOsTbO6,1.4072342345216768
PmTlOsAgO6,1.4742379150413985
EuNaOsTeO6,1.4314417057875797
EuSrOsSmO6,1.496610517143571
EuYbOsDyO6,1.420631659173411
ErCaOsTbO6,1.4371138202585962
ErLaOsDyO6,1.4624611160753431
ErDyOsAgO6,1.4922246667316057
NdLiOsTeO6,1.4489051887654054
TmTbOsYbO6,1.4144720656135021
TbYOsAgO6,1.4149828068047259
GdNdGeTmO6,1.4390711004254777
PrPbGeVO6,1.4500983791702793
PrPbGeTbO6,1.4624318755119
PrHoGeAgO6,1.4966820520635886
PrEuGeSmO6,1.4438463773099344
PrNdGeTmO6,1.498537586200962
PrNdGeYbO6,1.4779736458177093
PrSrGeScO6,1.4307698122456198
PrSrGeDyO6,1.4567351470324037
PrCsGeYbO6,1.4176253656819613
PrLuGeAuO6,1.4673416855786912
PtTbGeAuO6,1.494526697583547
PbPdGeVO6,1.4205696014461529
PbMnGeCoO6,1.4897874299010696
PbMnGeTiO6,1.4259733133081929
PbEuGeTiO6,1.4020642307496751
PbNdGeLiO6,1.4280728667490303
PbSmGeAgO6,1.4872759439490189
HoEuGeLuO6,1.4369989752849615
MnNaGeTiO6,1.4368347069457217
MnNdGeVO6,1.4127164718623169
EuSrGeScO6,1.451271238653564
NbLiGeTiO6,1.4593345019123254
SnAgGeAuO6,1.410709504869855
SbCsGeTiO6,1.4486201271118773
CoLaGeAuO6,1.4970451240361127
CrLiGeTiO6,1.4448904767952206
LaTlGeAgO6,1.422738231921233
TlLuGeAgO6,1.4353578472038402
PrNaFeGdO6,1.495506415616213
PrNdTiGdO6,1.451519752002892
PrSmCrGdO6,1.4564936679255338
NdPbCoGdO6,1.4898786485954183
EuNaTaGdO6,1.4683915496237678
EuSmTaGdO6,1.4820841241583103
EuCaIrGdO6,1.4940297776623026
TlNdTcGdO6,1.4196598245911591
TlSmMoGdO6,1.4488496141176022
LaCaTiGdO6,1.471648007003798
PrPbGaHgO6,1.4301903964452731
PrMnGaZnO6,1.4786562273430552
PtSmGaAuO6,1.4805725778933374
PtTmGaAuO6,1.4860702806671575
PbPmGaMgO6,1.466711990504252
PbNdGaTiO6,1.4085416447181227
MnDyGaAuO6,1.4613164327373556
MnIrGaAuO6,1.4137917089923366
MnIrGaAuO6,1.4207313943578697
SmIrGaAuO6,1.4596786383994031
SbCdGaCrO6,1.4315505234778245
SbYbGaAuO6,1.4057347658473822
TeIrGaAuO6,1.4390184808677091
EuNdTePrO6,1.439662411676428
SrEuMoPrO6,1.4541005565720015
PbPdPtMnO6,1.4476608339524322
PbHoAsPtO6,1.426291458827283
PbKPtYO6,1.449828227391299
PbEuPtNaO6,1.4453614150891851
PbEuPtLiO6,1.4085693489179125
PbSmPtTmO6,1.4066688427847034
PbYbAsPtO6,1.4138661359708482
PdCsPtCrO6,1.4928717940451932
PmKPtCeO6,1.4611768728376802
PmTlPtDyO6,1.4655333808298618
HoNaPtDyO6,1.4229841817724473
HoLaPtYbO6,1.4322745435259427
MgKPtSnO6,1.4159227987040015
SbMnAsPtO6,1.4739984805451878
MnCuAsPtO6,1.4165881561895068
CrZnAsPtO6,1.4317269474548888
EuNdPtSmO6,1.4043285999036776
EuSrPtTbO6,1.4547499229902323
EuSmPtTbO6,1.4765131469493347
EuTmPtTbO6,1.48853377552344
ErSmPtTbO6,1.4964967042507158
ErTlPtLuO6,1.4435833594907586
NdSrPtSmO6,1.4235224587923012
NdSrPtCeO6,1.4157941210122007
NdSrPtYbO6,1.435250052355257
ScFeAsPtO6,1.4776676000566655
CoCuAsPtO6,1.457008197947816
CrCuAsPtO6,1.4328823943186277
TaCuAsPtO6,1.4246939404334558
LuYbPtDyO6,1.4864714755704072
EuNdMoPbO6,1.443673212783486
LaEuTiPbO6,1.4255802641436606
SmNaZrPbO6,1.4219355322669462
SmCaYPbO6,1.4532163336813522
LaCaTaPbO6,1.456655450809781
LaTlMoPbO6,1.4117398849087914
PmSrPdYO6,1.4901141644699432
PmSmPdYbO6,1.4785259377452633
HoErPdYbO6,1.4682343821827224
HoLaPdYbO6,1.4399886692384687
HfMnCoPdO6,1.4902525241997275
MgTiAsPdO6,1.4900136665985866
NbMnCoPdO6,1.4459091755123412
NdMnSiPdO6,1.4577180464469954
NdMnSePdO6,1.4330174436930392
MnFeBPdO6,1.4921576026260825
MnFeBPdO6,1.4888355146272882
MnFeCoPdO6,1.4554913907716518
SmMnCoPdO6,1.4923742638306765
MnTiTcPdO6,1.4599707560494246
MnTiAlPdO6,1.4196695968237603
EuErPdYbO6,1.4757816975914853
EuNdPdSmO6,1.438244886230082
EuNdPdDyO6,1.4495198061664247
EuNdAsPdO6,1.457840247569102
EuNdAsPdO6,1.4563670525704702
EuYbPdDyO6,1.4223311103668854
ErNdPdYbO6,1.4654546558733603
ErNdPdYbO6,1.4805386249452284
ErSmPdDyO6,1.494095238058248
ErTmAsPdO6,1.4094875375448936
ErTbPdYbO6,1.480459129962914
NbFeSiPdO6,1.4111009713955873
NbFeCoPdO6,1.456414216124587
NbFeAsPdO6,1.4884510964343287
NbSbTcPdO6,1.4980228832029385
NdTmPdDyO6,1.4211049298927696
SrYbAsPdO6,1.4623566055873347
SnSbSePdO6,1.4900061894298913
SmScPdAgO6,1.4009846144635363
SmTmPdDyO6,1.4616068534166191
ScCaPdInO6,1.4421939389065535
SbTiTcPdO6,1.456776204360179
CeLaPdDyO6,1.410879673136135
TlTmAsPdO6,1.4725885342388016
TlLuPdDyO6,1.4392507809317825
EuNdCrHoO6,1.4137191776999314
EuCaTcHoO6,1.4305550536730474
NdTmTiHoO6,1.4962034832196995
NdTmMoHoO6,1.4312070492430424
TlYbMoHoO6,1.4613537729809114
NdLaHfAgO6,1.4530244728255022
SmTlHfDyO6,1.4602374574446604
SmMgTaHgO6,1.4366995027637208
ScMgAsHgO6,1.4424209120710194
TbMgMoHgO6,1.4289798037137025
EuScTaHgO6,1.4173306774185186
EuAgAsHgO6,1.417606330447812
SmErTcHgO6,1.4784380522302911
SmErTaHgO6,1.4907964340663287
SmErAlHgO6,1.490659556914455
ErAgAsHgO6,1.4138112525044617
NdSmMoHgO6,1.496764390416487
TlNdMoHgO6,1.4403002077117377
SmTmAlHgO6,1.460443309716107
SmYbAlHgO6,1.4388825130455574
SmDyIrHgO6,1.4696223264784851
SmAgAsHgO6,1.4041874853252299
LaScTaHgO6,1.4878314495404814
LaScAsHgO6,1.4390553952732263
LaCdAsHgO6,1.4302826965338722
LaTmAsHgO6,1.4932919513617693
TmYbAsHgO6,1.4702660712875009
LaTbTaHgO6,1.4745508946453703
LaAgAsHgO6,1.479499352963039
LuAgAsHgO6,1.4992529291268466
EuNdTaMgO6,1.4220157045915918
ErCdAuMgO6,1.4400191153801005
ErLuTeMgO6,1.4513611460513258
NdSmSbMgO6,1.4585729561917964
NdCaTaMgO6,1.4472947302948365
NdTmTeMgO6,1.4872956419917742
NdYbAuMgO6,1.443484383685056
SmTmAuMgO6,1.4009043076075691
CeTmTeMgO6,1.4592697802889285
LaTlMoMgO6,1.4797727616032221
TbDyAlMgO6,1.4735934019678605
DyInMoMgO6,1.4302190641426071
EuErMnDyO6,1.4647517215943446
EuFeTeMnO6,1.492342120295767
SmNaVMnO6,1.456509168264342
NdSmMnTmO6,1.4378997366688362
NdSmMnYbO6,1.493094088234317
NdCaMnDyO6,1.4191147808895865
NdTlMnYO6,1.4112768374686588
NdYbMnDyO6,1.4612828615627662
LuFeIrMnO6,1.4604014151791214
TbFeTcMnO6,1.4840214164594263
SnLiIrMnO6,1.4243563033764388
SmCaAuMnO6,1.4032311046930959
SmCdTcMnO6,1.4722651431936467
SmTmMnDyO6,1.4618412138931833
SmTmAlMnO6,1.4782578503465555
SmCsMnYbO6,1.4992582051928482
SmTlMnAgO6,1.485299206890739
SmYbMnAgO6,1.4141998519527723
SmYbMnAgO6,1.4255442643292748
SmDyAuMnO6,1.4917393752316612
ScTmMnLiO6,1.4625365410330462
ScCsMnTaO6,1.4544859769575287
ScYbMnAgO6,1.4950791076287042
SbTmMnLiO6,1.412027203796759
SbCrTcMnO6,1.4557184462960246
LaSbTiMnO6,1.4132810666446063
TlTmTcMnO6,1.4304816564783254
TmTlMnMoO6,1.4749298735078282
LuTbMnAgO6,1.468268631241819
LuYMnAgO6,1.4388188473643655
TbYMnAgO6,1.4475790838910945
EuNaWYO6,1.474285932047607
EuFeWTiO6,1.4890857784723541
EuSmWTmO6,1.4903991375721561
ErSmWDyO6,1.4170721138272557
ErCaWTmO6,1.4294650995941294
NbFeWCrO6,1.4801568230979896
NbTmWTiO6,1.4699563109611509
NdSrWSmO6,1.4207506888237496
NdTmWTbO6,1.468922240168324
FeSrWTiO6,1.4062207463152452
SrCdWTiO6,1.4115422471042782
SmCaWLiO6,1.4369071505848403
SmTmWDyO6,1.4966205700162727
VCuAsWO6,1.452657800410146
EuNiAsZnO6,1.4116690149090467
EuCrIrZnO6,1.4405744634823863
NdErVZnO6,1.4831785688645323
NbNiIrZnO6,1.4966571445071897
SbNiAsZnO6,1.4529206355898314
NiCuIrZnO6,1.4021137926717504
NiCuAsZnO6,1.428448796091948
TiNiTcZnO6,1.465072822194338
TaNiIrZnO6,1.4863709680516866
AgNiAsZnO6,1.4138250387840658
SmNaIrZnO6,1.4913620822442983
NbCoIrZnO6,1.4592439201826186
SnFeAlZnO6,1.4242605488140854
ScFeTcZnO6,1.437210082349279
ScFeIrZnO6,1.4289157921784537
FeCrTcZnO6,1.4020957345956222
FeCrIrZnO6,1.4205314423405275
FeCrAsZnO6,1.463507403646782
FeCuAuZnO6,1.4806634203044375
LuFeTcZnO6,1.426258011819065
AgFeIrZnO6,1.406330241948433
SnTaIrZnO6,1.456283685432555
SmScAuZnO6,1.4129413862133615
SmCaIrZnO6,1.4457068176018446
SmTmAuZnO6,1.4577470110006745
VCoIrZnO6,1.4324213350469823
VCoAuZnO6,1.4210133157067932
CrVTcZnO6,1.4652424750155075
TlVTcZnO6,1.4029197422238422
TmSbTcZnO6,1.4379566999114108
SbCuIrZnO6,1.4460945915454757
LuSbIrZnO6,1.4591259845722262
CrCoAsZnO6,1.4492839838153357
TiCoIrZnO6,1.4987013403442024
CeCrAsZnO6,1.4213060526278978
TmDyAuZnO6,1.4507801169017633
TlCrTcZnO6,1.479974598438636
TiCuTcZnO6,1.424219835033966
YbCuIrZnO6,1.4925127128613345
TbLiAsZnO6,1.4223945050241924
YbTiIrZnO6,1.4675087314041038
YbTiIrZnO6,1.4095981519058403
YbAgIrZnO6,1.4030555483603997
NdSmTaEuO6,1.470020857758865
SmCeCuEuO6,1.4637637702780584
LaCeTaEuO6,1.4361195490188012
NdCaMoErO6,1.4051787478206683
NdTmTiErO6,1.4396175308527304
NdYbAsErO6,1.4094298670757606
SrSmAuErO6,1.4017895772398705
SmTmTaErO6,1.476844140162821
CaTmTcErO6,1.4994661964897091
NbCdNiTiO6,1.4554323156914788
NbLuNiTiO6,1.4297929405164689
NdLuNiDyO6,1.4585783719101577
FeSbNiTiO6,1.465590607636731
SnCsNiCrO6,1.4916583754001271
SnLiNiTiO6,1.4689118433830664
SmScNiTiO6,1.4517251795322332
SmTmNiDyO6,1.4465219788729378
SmYNiAgO6,1.4508418162568144
SbVTcNiO6,1.4824152297991238
TlSbTcNiO6,1.4787964107222256
TlTmTcNiO6,1.4550203175852408
TmTbNiYbO6,1.478829760245912
CrCuTcNiO6,1.4275113265380759
LuCuTcNiO6,1.4159676058846924
TbYbNiAgO6,1.4380546928012505
SmCaAsNaO6,1.4266535572824275
SmCeCuNaO6,1.4626588510870515
NdSmNbAgO6,1.4739763373285752
NdTmNbLuO6,1.4100870919757202
NdLiTaNbO6,1.4243215298509766
NdLiAsNbO6,1.4741868670207474
SmLaNbDyO6,1.4453905593269025
SmLuNbAgO6,1.4714846249531024
SmYbNbDyO6,1.4985550734571664
TmTbNbAgO6,1.4548807108258404
LaTlNbAgO6,1.4047677404405323
LaTbNbAgO6,1.4978800026178631
LaYNbAgO6,1.4764997902351333
LuTbNbYbO6,1.4925982501415254
LuTbNbDyO6,1.4653037288386266
TbYbNbDyO6,1.494835675861936
SrSmTcNdO6,1.4674839129413304
SnCrAsFeO6,1.4541495693385194
SnLiTiFeO6,1.4854321572525706
SmScFeAgO6,1.4240076775653678
SmCaTiFeO6,1.4727736441825268
SmCrTiFeO6,1.4013146816047348
LaSmTiFeO6,1.4694939715546391
LaSbTiFeO6,1.4302850723019924
SbTiAsFeO6,1.4926071564171834
YbDyFeAgO6,1.4264905600250688
SnSmBCrO6,1.4141337081090557
SmSbBCrO6,1.4975930925143857
SmCaBTiO6,1.4199857132401634
SmCeBYbO6,1.486175087535171
SmYbBDyO6,1.4888351888029083
VCoBAuO6,1.4949544870256295
SmCaSiYO6,1.452337302570703
SmCsSiCrO6,1.4656648609404361
VCuSiAuO6,1.4012509213022006
ScTlSiAgO6,1.4259714330873938
SbTmSiTiO6,1.4059591313239967
CeTbSiYbO6,1.4749278393147427
CeYSiAgO6,1.4119561679687043
TlYbSnDyO6,1.474186238113661
TbYbSnAgO6,1.469048326251817
TbYbSnAgO6,1.4090372399436326
ScLaVAgO6,1.4811651449445329
SbCrVTiO6,1.462799296367924
TiCoTcVO6,1.4018447746081322
TlCaAsVO6,1.474159382521364
TmTlVMoO6,1.4564581646450203
TmTiAsVO6,1.4325034113426414
TmYbVInO6,1.4060313938896574
TmYVAgO6,1.4073307194917966
AgLiAsVO6,1.4670589011016912
LuTiTcVO6,1.404304767028142
TbYbVDyO6,1.4723708859325941
TbYbAsVO6,1.4418411759783576
TmAgMoScO6,1.4522501272927812
TbYbZrScO6,1.4909091229348341
CeCrSeTiO6,1.4413535693253525
TmCrSeTiO6,1.4862733973530362
TmDySeAgO6,1.4629250458287104
TcDySeAuO6,1.4753679786650105
TmLuCoAgO6,1.4546583264440682
LaTbCoDyO6,1.4813555296118488
TlYbCoDyO6,1.404963858344729
LaTlTaCdO6,1.4849653390045718
LaTbIrCdO6,1.4508700259798806
LuDyIrCdO6,1.4332456215406142
YbDyIrCdO6,1.4887836569460555
LaDyZrTmO6,1.4647264384318999
TlDyIrTmO6,1.4693536571269112
LuDyMoTmO6,1.4314266505594402
LaTbCrYbO6,1.4471150602248923
LaYbCrDyO6,1.479588704696113
TaTiAlCrO6,1.405446885933747
TbDyAlCrO6,1.486090400937262
LuDyAsLiO6,1.404502841927051
TbTaAuLiO6,1.4007900795341646
TbAgMoLiO6,1.4739063239714545
YbTaMoLiO6,1.4722638814145874
